key,method,momentum_P0,refine_mode,observable,coarse,fine,finer,diff_coarse_fine,diff_fine_finer,p_obs_reported,p_obs_guarded,guard_verdict,n_grid_coarse,n_grid_fine,n_grid_finer,dt_coarse,dt_fine,dt_finer,t_final,boundary_rule,source
tdse_P020_both,tdse,20,both,P0,0.9999787335391701,0.9999787335472097,0.9999787335494058,8.039569010520609e-12,2.196132165011022e-12,1.8721532832054133,1.8721532832054133,ok,2048,4096,8192,0.2,0.1,0.05,40.0,periodic (split-operator FFT),thesis_closure_out\reference_convergence_3level.json
tdse_P020_both,tdse,20,both,P1,2.1266460897452083e-05,2.1266452876099573e-05,2.1266450870779032e-05,8.021352509892787e-12,2.0053205413751458e-12,2.0000126519749206,2.0000126519749206,ok,2048,4096,8192,0.2,0.1,0.05,40.0,periodic (split-operator FFT),thesis_closure_out\reference_convergence_3level.json
tdse_P020_both,tdse,20,both,trace,1.0000000000000675,1.0000000000000857,1.0000000000002767,1.8207657603852567e-14,1.9095836023552692e-13,-3.3906408449713763,,REJECTED: coarse-to-fine difference 1.821e-14 at or below roundoff floor 2.220e-14,2048,4096,8192,0.2,0.1,0.05,40.0,periodic (split-operator FFT),thesis_closure_out\reference_convergence_3level.json
tdse_P020_both,tdse,20,both,energy,0.1000625000010058,0.10006250000025833,0.10006250000009019,7.474715291166945e-13,1.6814327707947996e-13,2.15232753236507,2.15232753236507,ok,2048,4096,8192,0.2,0.1,0.05,40.0,periodic (split-operator FFT),thesis_closure_out\reference_convergence_3level.json
tdse_P020_both,tdse,20,both,R_mean,-9.599999923735568,-9.599999923734641,-9.59999992373441,9.272582701669307e-13,2.3092638912203256e-13,2.00553818354143,2.00553818354143,ok,2048,4096,8192,0.2,0.1,0.05,40.0,periodic (split-operator FFT),thesis_closure_out\reference_convergence_3level.json
tdse_P020_both,tdse,20,both,P_mean,20.000015315022946,20.000015315019056,20.00001531501809,3.8902214782865485e-12,9.663381206337363e-13,2.0092523132381963,2.0092523132381963,ok,2048,4096,8192,0.2,0.1,0.05,40.0,periodic (split-operator FFT),thesis_closure_out\reference_convergence_3level.json
qcle_P020_both,qcle,20,both,P0,0.9999788598779626,0.9999787334950522,0.9999787334950622,1.263829104702907e-07,9.992007221626409e-15,NOT COMPUTED,,REJECTED: fine-to-finer difference 9.992e-15 at or below roundoff floor 2.220e-14,24576,98304,393216,0.2,0.1,0.05,40.0,periodic (pseudospectral rfft),thesis_closure_out\reference_convergence_3level.json
qcle_P020_both,qcle,20,both,P1,2.1263070006424956e-05,2.1266504948085036e-05,2.1266504937877497e-05,3.4349416600803367e-09,1.0207539837252949e-14,18.360290872569493,,REJECTED: fine-to-finer difference 1.021e-14 at or below roundoff floor 2.220e-14,24576,98304,393216,0.2,0.1,0.05,40.0,periodic (pseudospectral rfft),thesis_closure_out\reference_convergence_3level.json
qcle_P020_both,qcle,20,both,trace,1.0000001229479691,1.0000000000000002,1.0,1.2294796891687554e-07,2.220446049250313e-16,NOT COMPUTED,,REJECTED: fine-to-finer difference 2.220e-16 at or below roundoff floor 2.220e-14,24576,98304,393216,0.2,0.1,0.05,40.0,periodic (pseudospectral rfft),thesis_closure_out\reference_convergence_3level.json
qcle_P020_both,qcle,20,both,energy,0.10006251008038967,0.10006250000000085,0.10006250000000001,1.008038882921447e-08,8.326672684688674e-16,NOT COMPUTED,,REJECTED: fine-to-finer difference 8.327e-16 at or below roundoff floor 2.220e-14,24576,98304,393216,0.2,0.1,0.05,40.0,periodic (pseudospectral rfft),thesis_closure_out\reference_convergence_3level.json
qcle_P020_both,qcle,20,both,R_mean,-9.599999947290632,-9.599999923733865,-9.59999992373397,2.3556767203558593e-08,1.0480505352461478e-13,17.778073757048645,,REJECTED: fine-to-finer difference 1.048e-13 at or below roundoff floor 2.132e-13,24576,98304,393216,0.2,0.1,0.05,40.0,periodic (pseudospectral rfft),thesis_closure_out\reference_convergence_3level.json
qcle_P020_both,qcle,20,both,P_mean,20.000012419801653,20.000015315133073,20.00001531511784,2.895331419949798e-06,1.5234036254696548e-11,17.536070738882124,17.536070738882124,ok,24576,98304,393216,0.2,0.1,0.05,40.0,periodic (pseudospectral rfft),thesis_closure_out\reference_convergence_3level.json
tdse_P020_time,tdse,20,time,P0,0.9999787335391727,0.9999787335472576,0.9999787335494058,8.084977132227777e-12,2.1481705303472154e-12,1.912135168388673,1.912135168388673,ok,8192,8192,8192,0.2,0.1,0.05,40.0,periodic (split-operator FFT),thesis_closure_out\reference_convergence_3level.json
tdse_P020_time,tdse,20,time,P1,2.1266460897452252e-05,2.12664528761012e-05,2.1266450870779032e-05,8.021351052996117e-12,2.0053221676784045e-12,2.000011219925293,2.000011219925293,ok,8192,8192,8192,0.2,0.1,0.05,40.0,periodic (split-operator FFT),thesis_closure_out\reference_convergence_3level.json
tdse_P020_time,tdse,20,time,trace,1.0000000000000702,1.0000000000001337,1.0000000000002767,6.350475700855895e-14,1.4299672557172016e-13,-1.1710455413362275,-1.1710455413362275,ok,8192,8192,8192,0.2,0.1,0.05,40.0,periodic (split-operator FFT),thesis_closure_out\reference_convergence_3level.json
tdse_P020_time,tdse,20,time,energy,0.10006250000100611,0.10006250000026315,0.10006250000009019,7.429612480791548e-13,1.7295886944879157e-13,2.1028579655805397,2.1028579655805397,ok,8192,8192,8192,0.2,0.1,0.05,40.0,periodic (split-operator FFT),thesis_closure_out\reference_convergence_3level.json
tdse_P020_time,tdse,20,time,R_mean,-9.599999923735568,-9.599999923734641,-9.59999992373441,9.272582701669307e-13,2.3092638912203256e-13,2.00553818354143,2.00553818354143,ok,8192,8192,8192,0.2,0.1,0.05,40.0,periodic (split-operator FFT),thesis_closure_out\reference_convergence_3level.json
tdse_P020_time,tdse,20,time,P_mean,20.00001531502295,20.000015315019056,20.00001531501809,3.893774191965349e-12,9.663381206337363e-13,2.0105692417101872,2.0105692417101872,ok,8192,8192,8192,0.2,0.1,0.05,40.0,periodic (split-operator FFT),thesis_closure_out\reference_convergence_3level.json
qcle_P020_time,qcle,20,time,P0,0.9999787334950646,0.9999787334950625,0.9999787334950622,2.1094237467877974e-15,3.3306690738754696e-16,NOT COMPUTED,,REJECTED: fine-to-finer difference 3.331e-16 at or below roundoff floor 2.220e-14,393216,393216,393216,0.2,0.1,0.05,40.0,periodic (pseudospectral rfft),thesis_closure_out\reference_convergence_3level.json
qcle_P020_time,qcle,20,time,P1,2.126650493550029e-05,2.126650493773726e-05,2.1266504937877497e-05,2.23696996798535e-15,1.4023816287921098e-16,NOT COMPUTED,,REJECTED: fine-to-finer difference 1.402e-16 at or below roundoff floor 2.220e-14,393216,393216,393216,0.2,0.1,0.05,40.0,periodic (pseudospectral rfft),thesis_closure_out\reference_convergence_3level.json
qcle_P020_time,qcle,20,time,trace,1.0,1.0000000000000002,1.0,2.220446049250313e-16,2.220446049250313e-16,NOT COMPUTED,,REJECTED: fine-to-finer difference 2.220e-16 at or below roundoff floor 2.220e-14,393216,393216,393216,0.2,0.1,0.05,40.0,periodic (pseudospectral rfft),thesis_closure_out\reference_convergence_3level.json
qcle_P020_time,qcle,20,time,energy,0.1000625,0.10006250000000001,0.10006250000000001,1.3877787807814457e-17,0.0,NOT COMPUTED,,REJECTED: fine-to-finer difference 0.000e+00 at or below roundoff floor 2.220e-14,393216,393216,393216,0.2,0.1,0.05,40.0,periodic (pseudospectral rfft),thesis_closure_out\reference_convergence_3level.json
qcle_P020_time,qcle,20,time,R_mean,-9.59999992373397,-9.599999923733966,-9.59999992373397,3.552713678800501e-15,3.552713678800501e-15,NOT COMPUTED,,REJECTED: fine-to-finer difference 3.553e-15 at or below roundoff floor 2.132e-13,393216,393216,393216,0.2,0.1,0.05,40.0,periodic (pseudospectral rfft),thesis_closure_out\reference_convergence_3level.json
qcle_P020_time,qcle,20,time,P_mean,20.000015315117846,20.000015315117835,20.00001531511784,1.0658141036401503e-14,3.552713678800501e-15,NOT COMPUTED,,REJECTED: fine-to-finer difference 3.553e-15 at or below roundoff floor 4.441e-13,393216,393216,393216,0.2,0.1,0.05,40.0,periodic (pseudospectral rfft),thesis_closure_out\reference_convergence_3level.json
tdse_P020_grid,tdse,20,grid,P0,0.9999787335494046,0.999978733549308,0.9999787335494058,9.658940314238862e-14,9.781064846947629e-14,-0.018126618184322936,-0.018126618184322936,ok,2048,4096,8192,0.05,0.05,0.05,40.0,periodic (split-operator FFT),thesis_closure_out\reference_convergence_3level.json
tdse_P020_grid,tdse,20,grid,P1,2.1266450870778564e-05,2.12664508707755e-05,2.1266450870779032e-05,3.06287113727155e-18,3.530433324155924e-18,NOT COMPUTED,,REJECTED: fine-to-finer difference 3.530e-18 at or below roundoff floor 2.220e-14,2048,4096,8192,0.05,0.05,0.05,40.0,periodic (split-operator FFT),thesis_closure_out\reference_convergence_3level.json
tdse_P020_grid,tdse,20,grid,trace,1.0000000000002753,1.0000000000001787,1.0000000000002767,9.658940314238862e-14,9.792167077193881e-14,-0.01976325482142995,-0.01976325482142995,ok,2048,4096,8192,0.05,0.05,0.05,40.0,periodic (split-operator FFT),thesis_closure_out\reference_convergence_3level.json
tdse_P020_grid,tdse,20,grid,energy,0.10006250000008991,0.10006250000008038,0.10006250000009019,9.534040223968532e-15,9.811595980124821e-15,NOT COMPUTED,,REJECTED: fine-to-finer difference 9.812e-15 at or below roundoff floor 2.220e-14,2048,4096,8192,0.05,0.05,0.05,40.0,periodic (split-operator FFT),thesis_closure_out\reference_convergence_3level.json
tdse_P020_grid,tdse,20,grid,R_mean,-9.599999923734417,-9.599999923734414,-9.59999992373441,3.552713678800501e-15,3.552713678800501e-15,NOT COMPUTED,,REJECTED: fine-to-finer difference 3.553e-15 at or below roundoff floor 2.132e-13,2048,4096,8192,0.05,0.05,0.05,40.0,periodic (split-operator FFT),thesis_closure_out\reference_convergence_3level.json
tdse_P020_grid,tdse,20,grid,P_mean,20.00001531501808,20.00001531501809,20.00001531501809,1.0658141036401503e-14,0.0,NOT COMPUTED,,REJECTED: fine-to-finer difference 0.000e+00 at or below roundoff floor 4.441e-13,2048,4096,8192,0.05,0.05,0.05,40.0,periodic (split-operator FFT),thesis_closure_out\reference_convergence_3level.json
qcle_P020_grid,qcle,20,grid,P0,0.9999788598779599,0.9999787334950522,0.9999787334950622,1.2638290769473315e-07,9.992007221626409e-15,NOT COMPUTED,,REJECTED: fine-to-finer difference 9.992e-15 at or below roundoff floor 2.220e-14,24576,98304,393216,0.05,0.05,0.05,40.0,periodic (pseudospectral rfft),thesis_closure_out\reference_convergence_3level.json
qcle_P020_grid,qcle,20,grid,P1,2.1263070008803736e-05,2.126650494822527e-05,2.1266504937877497e-05,3.4349394215348874e-09,1.0347774612000371e-14,18.340604594686223,,REJECTED: fine-to-finer difference 1.035e-14 at or below roundoff floor 2.220e-14,24576,98304,393216,0.05,0.05,0.05,40.0,periodic (pseudospectral rfft),thesis_closure_out\reference_convergence_3level.json
qcle_P020_grid,qcle,20,grid,trace,1.0000001229479687,1.0000000000000004,1.0,1.2294796825074172e-07,4.440892098500626e-16,NOT COMPUTED,,REJECTED: fine-to-finer difference 4.441e-16 at or below roundoff floor 2.220e-14,24576,98304,393216,0.05,0.05,0.05,40.0,periodic (pseudospectral rfft),thesis_closure_out\reference_convergence_3level.json
qcle_P020_grid,qcle,20,grid,energy,0.10006251008038967,0.10006250000000086,0.10006250000000001,1.0080388815336683e-08,8.465450562766819e-16,NOT COMPUTED,,REJECTED: fine-to-finer difference 8.465e-16 at or below roundoff floor 2.220e-14,24576,98304,393216,0.05,0.05,0.05,40.0,periodic (pseudospectral rfft),thesis_closure_out\reference_convergence_3level.json
qcle_P020_grid,qcle,20,grid,R_mean,-9.599999947290634,-9.599999923733863,-9.59999992373397,2.3556770756272272e-08,1.0658141036401503e-13,17.75382642838199,,REJECTED: fine-to-finer difference 1.066e-13 at or below roundoff floor 2.132e-13,24576,98304,393216,0.05,0.05,0.05,40.0,periodic (pseudospectral rfft),thesis_closure_out\reference_convergence_3level.json
qcle_P020_grid,qcle,20,grid,P_mean,20.000012419801664,20.000015315133066,20.00001531511784,2.8953314021862298e-06,1.5226930827338947e-11,17.53674378581206,17.53674378581206,ok,24576,98304,393216,0.05,0.05,0.05,40.0,periodic (pseudospectral rfft),thesis_closure_out\reference_convergence_3level.json
tdse_P0100_both,tdse,100,both,P0,0.9998827000263817,0.9998827009291286,0.9998827011549399,9.02746877251559e-10,2.2581136960297954e-10,1.999203397027178,1.999203397027178,ok,2048,4096,8192,0.2,0.1,0.05,40.0,periodic (split-operator FFT),thesis_closure_out\reference_convergence_3level.json
tdse_P0100_both,tdse,100,both,P1,0.0001172999736882503,0.00011729907100899125,0.0001172988453410021,9.026792590450606e-10,2.2566798915115392e-10,2.0000116710748856,2.0000116710748856,ok,2048,4096,8192,0.2,0.1,0.05,40.0,periodic (split-operator FFT),thesis_closure_out\reference_convergence_3level.json
tdse_P0100_both,tdse,100,both,trace,1.00000000000007,1.0000000000001374,1.0000000000002809,6.750155989720952e-14,1.4344081478157023e-13,-1.0874628412503395,-1.0874628412503395,ok,2048,4096,8192,0.2,0.1,0.05,40.0,periodic (split-operator FFT),thesis_closure_out\reference_convergence_3level.json
tdse_P0100_both,tdse,100,both,energy,2.5000625000701997,2.5000625000178514,2.50006250000508,5.234834787870568e-11,1.277156158607795e-11,2.0352090712476216,2.0352090712476216,ok,2048,4096,8192,0.2,0.1,0.05,40.0,periodic (split-operator FFT),thesis_closure_out\reference_convergence_3level.json
tdse_P0100_both,tdse,100,both,R_mean,-7.999999756642877,-7.999999756636057,-7.99999975663434,6.820322084877262e-12,1.716848885280342e-12,1.9900768102495612,1.9900768102495612,ok,2048,4096,8192,0.2,0.1,0.05,40.0,periodic (split-operator FFT),thesis_closure_out\reference_convergence_3level.json
tdse_P0100_both,tdse,100,both,P_mean,100.00006315057473,100.00006315021365,100.00006315012335,3.610836074585677e-10,9.029577086039353e-11,1.999602602445644,1.999602602445644,ok,2048,4096,8192,0.2,0.1,0.05,40.0,periodic (split-operator FFT),thesis_closure_out\reference_convergence_3level.json
qcle_P0100_both,qcle,100,both,P0,0.0,0.0,0.0,0.0,0.0,NOT COMPUTED,,REJECTED: fine-to-finer difference 0.000e+00 at or below roundoff floor 2.220e-14,24576,98304,393216,0.2,0.1,0.05,40.0,periodic (pseudospectral rfft),thesis_closure_out\reference_convergence_3level.json
qcle_P0100_both,qcle,100,both,P1,0.0,0.0,0.0,0.0,0.0,NOT COMPUTED,,REJECTED: fine-to-finer difference 0.000e+00 at or below roundoff floor 2.220e-14,24576,98304,393216,0.2,0.1,0.05,40.0,periodic (pseudospectral rfft),thesis_closure_out\reference_convergence_3level.json
qcle_P0100_both,qcle,100,both,trace,0.0,0.0,0.0,0.0,0.0,NOT COMPUTED,,REJECTED: fine-to-finer difference 0.000e+00 at or below roundoff floor 2.220e-14,24576,98304,393216,0.2,0.1,0.05,40.0,periodic (pseudospectral rfft),thesis_closure_out\reference_convergence_3level.json
qcle_P0100_both,qcle,100,both,energy,0.0,0.0,0.0,0.0,0.0,NOT COMPUTED,,REJECTED: fine-to-finer difference 0.000e+00 at or below roundoff floor 2.220e-14,24576,98304,393216,0.2,0.1,0.05,40.0,periodic (pseudospectral rfft),thesis_closure_out\reference_convergence_3level.json
qcle_P0100_both,qcle,100,both,R_mean,0.0,0.0,0.0,0.0,0.0,NOT COMPUTED,,REJECTED: fine-to-finer difference 0.000e+00 at or below roundoff floor 2.220e-14,24576,98304,393216,0.2,0.1,0.05,40.0,periodic (pseudospectral rfft),thesis_closure_out\reference_convergence_3level.json
qcle_P0100_both,qcle,100,both,P_mean,0.0,0.0,0.0,0.0,0.0,NOT COMPUTED,,REJECTED: fine-to-finer difference 0.000e+00 at or below roundoff floor 2.220e-14,24576,98304,393216,0.2,0.1,0.05,40.0,periodic (pseudospectral rfft),thesis_closure_out\reference_convergence_3level.json
tdse_P0100_time,tdse,100,time,P0,0.9998827000263817,0.9998827009291338,0.9998827011549399,9.027520952997747e-10,2.258061515547638e-10,1.999245074230478,1.999245074230478,ok,8192,8192,8192,0.2,0.1,0.05,40.0,periodic (split-operator FFT),thesis_closure_out\reference_convergence_3level.json
tdse_P0100_time,tdse,100,time,P1,0.00011729997368825057,0.00011729907100899284,0.0001172988453410021,9.026792577304654e-10,2.256679907367996e-10,2.0000116588368217,2.0000116588368217,ok,8192,8192,8192,0.2,0.1,0.05,40.0,periodic (split-operator FFT),thesis_closure_out\reference_convergence_3level.json
tdse_P0100_time,tdse,100,time,trace,1.00000000000007,1.0000000000001428,1.0000000000002809,7.283063041541027e-14,1.3811174426336947e-13,-0.923218765512519,-0.923218765512519,ok,8192,8192,8192,0.2,0.1,0.05,40.0,periodic (split-operator FFT),thesis_closure_out\reference_convergence_3level.json
tdse_P0100_time,tdse,100,time,energy,2.5000625000701997,2.5000625000178642,2.50006250000508,5.233546929162003e-11,1.2784440173163603e-11,2.0334000481676044,2.0334000481676044,ok,8192,8192,8192,0.2,0.1,0.05,40.0,periodic (split-operator FFT),thesis_closure_out\reference_convergence_3level.json
tdse_P0100_time,tdse,100,time,R_mean,-7.999999756642871,-7.9999997566360435,-7.99999975663434,6.827427512234863e-12,1.7035262089848402e-12,2.0028179481077597,2.0028179481077597,ok,8192,8192,8192,0.2,0.1,0.05,40.0,periodic (split-operator FFT),thesis_closure_out\reference_convergence_3level.json
tdse_P0100_time,tdse,100,time,P_mean,100.00006315057472,100.00006315021363,100.00006315012335,3.610836074585677e-10,9.028156000567833e-11,1.999829673358348,1.999829673358348,ok,8192,8192,8192,0.2,0.1,0.05,40.0,periodic (split-operator FFT),thesis_closure_out\reference_convergence_3level.json
qcle_P0100_time,qcle,100,time,P0,0.0,0.0,0.0,0.0,0.0,NOT COMPUTED,,REJECTED: fine-to-finer difference 0.000e+00 at or below roundoff floor 2.220e-14,393216,393216,393216,0.2,0.1,0.05,40.0,periodic (pseudospectral rfft),thesis_closure_out\reference_convergence_3level.json
qcle_P0100_time,qcle,100,time,P1,0.0,0.0,0.0,0.0,0.0,NOT COMPUTED,,REJECTED: fine-to-finer difference 0.000e+00 at or below roundoff floor 2.220e-14,393216,393216,393216,0.2,0.1,0.05,40.0,periodic (pseudospectral rfft),thesis_closure_out\reference_convergence_3level.json
qcle_P0100_time,qcle,100,time,trace,0.0,0.0,0.0,0.0,0.0,NOT COMPUTED,,REJECTED: fine-to-finer difference 0.000e+00 at or below roundoff floor 2.220e-14,393216,393216,393216,0.2,0.1,0.05,40.0,periodic (pseudospectral rfft),thesis_closure_out\reference_convergence_3level.json
qcle_P0100_time,qcle,100,time,energy,0.0,0.0,0.0,0.0,0.0,NOT COMPUTED,,REJECTED: fine-to-finer difference 0.000e+00 at or below roundoff floor 2.220e-14,393216,393216,393216,0.2,0.1,0.05,40.0,periodic (pseudospectral rfft),thesis_closure_out\reference_convergence_3level.json
qcle_P0100_time,qcle,100,time,R_mean,0.0,0.0,0.0,0.0,0.0,NOT COMPUTED,,REJECTED: fine-to-finer difference 0.000e+00 at or below roundoff floor 2.220e-14,393216,393216,393216,0.2,0.1,0.05,40.0,periodic (pseudospectral rfft),thesis_closure_out\reference_convergence_3level.json
qcle_P0100_time,qcle,100,time,P_mean,0.0,0.0,0.0,0.0,0.0,NOT COMPUTED,,REJECTED: fine-to-finer difference 0.000e+00 at or below roundoff floor 2.220e-14,393216,393216,393216,0.2,0.1,0.05,40.0,periodic (pseudospectral rfft),thesis_closure_out\reference_convergence_3level.json
tdse_P0100_grid,tdse,100,grid,P0,0.9998827011549288,0.9998827011549288,0.9998827011549399,0.0,1.1102230246251565e-14,NOT COMPUTED,,REJECTED: fine-to-finer difference 1.110e-14 at or below roundoff floor 2.220e-14,2048,4096,8192,0.05,0.05,0.05,40.0,periodic (split-operator FFT),thesis_closure_out\reference_convergence_3level.json
tdse_P0100_grid,tdse,100,grid,P1,0.00011729884534099874,0.00011729884534099874,0.0001172988453410021,0.0,3.3610267347050637e-18,NOT COMPUTED,,REJECTED: fine-to-finer difference 3.361e-18 at or below roundoff floor 2.220e-14,2048,4096,8192,0.05,0.05,0.05,40.0,periodic (split-operator FFT),thesis_closure_out\reference_convergence_3level.json
tdse_P0100_grid,tdse,100,grid,trace,1.0000000000002698,1.0000000000002698,1.0000000000002809,0.0,1.1102230246251565e-14,NOT COMPUTED,,REJECTED: fine-to-finer difference 1.110e-14 at or below roundoff floor 2.220e-14,2048,4096,8192,0.05,0.05,0.05,40.0,periodic (split-operator FFT),thesis_closure_out\reference_convergence_3level.json
tdse_P0100_grid,tdse,100,grid,energy,2.500062500005052,2.500062500005052,2.50006250000508,0.0,2.7977620220553945e-14,NOT COMPUTED,,REJECTED: fine-to-finer difference 2.798e-14 at or below roundoff floor 5.551e-14,2048,4096,8192,0.05,0.05,0.05,40.0,periodic (split-operator FFT),thesis_closure_out\reference_convergence_3level.json
tdse_P0100_grid,tdse,100,grid,R_mean,-7.9999997566343595,-7.9999997566343595,-7.99999975663434,0.0,1.9539925233402755e-14,NOT COMPUTED,,REJECTED: fine-to-finer difference 1.954e-14 at or below roundoff floor 1.776e-13,2048,4096,8192,0.05,0.05,0.05,40.0,periodic (split-operator FFT),thesis_closure_out\reference_convergence_3level.json
tdse_P0100_grid,tdse,100,grid,P_mean,100.00006315012335,100.00006315012335,100.00006315012335,0.0,0.0,NOT COMPUTED,,REJECTED: fine-to-finer difference 0.000e+00 at or below roundoff floor 2.220e-12,2048,4096,8192,0.05,0.05,0.05,40.0,periodic (split-operator FFT),thesis_closure_out\reference_convergence_3level.json
qcle_P0100_grid,qcle,100,grid,P0,0.0,0.0,0.0,0.0,0.0,NOT COMPUTED,,REJECTED: fine-to-finer difference 0.000e+00 at or below roundoff floor 2.220e-14,24576,98304,393216,0.05,0.05,0.05,40.0,periodic (pseudospectral rfft),thesis_closure_out\reference_convergence_3level.json
qcle_P0100_grid,qcle,100,grid,P1,0.0,0.0,0.0,0.0,0.0,NOT COMPUTED,,REJECTED: fine-to-finer difference 0.000e+00 at or below roundoff floor 2.220e-14,24576,98304,393216,0.05,0.05,0.05,40.0,periodic (pseudospectral rfft),thesis_closure_out\reference_convergence_3level.json
qcle_P0100_grid,qcle,100,grid,trace,0.0,0.0,0.0,0.0,0.0,NOT COMPUTED,,REJECTED: fine-to-finer difference 0.000e+00 at or below roundoff floor 2.220e-14,24576,98304,393216,0.05,0.05,0.05,40.0,periodic (pseudospectral rfft),thesis_closure_out\reference_convergence_3level.json
qcle_P0100_grid,qcle,100,grid,energy,0.0,0.0,0.0,0.0,0.0,NOT COMPUTED,,REJECTED: fine-to-finer difference 0.000e+00 at or below roundoff floor 2.220e-14,24576,98304,393216,0.05,0.05,0.05,40.0,periodic (pseudospectral rfft),thesis_closure_out\reference_convergence_3level.json
qcle_P0100_grid,qcle,100,grid,R_mean,0.0,0.0,0.0,0.0,0.0,NOT COMPUTED,,REJECTED: fine-to-finer difference 0.000e+00 at or below roundoff floor 2.220e-14,24576,98304,393216,0.05,0.05,0.05,40.0,periodic (pseudospectral rfft),thesis_closure_out\reference_convergence_3level.json
qcle_P0100_grid,qcle,100,grid,P_mean,0.0,0.0,0.0,0.0,0.0,NOT COMPUTED,,REJECTED: fine-to-finer difference 0.000e+00 at or below roundoff floor 2.220e-14,24576,98304,393216,0.05,0.05,0.05,40.0,periodic (pseudospectral rfft),thesis_closure_out\reference_convergence_3level.json
tdse_P020_both,tdse,20,both,P0,0.9519009219801078,0.9519008019691025,0.9519007719706046,1.200110052446135e-07,2.999849790796816e-08,2.0002045411978036,2.0002045411978036,ok,2048,4096,8192,0.2,0.1,0.05,3000.0,periodic (split-operator FFT),thesis_closure_out_v2\reference_convergence_3level.json
tdse_P020_both,tdse,20,both,P1,0.048099078025004446,0.048099198039331686,0.048099228043251986,1.2001432724007e-07,3.000392029967047e-08,1.9999837241235987,1.9999837241235987,ok,2048,4096,8192,0.2,0.1,0.05,3000.0,periodic (split-operator FFT),thesis_closure_out_v2\reference_convergence_3level.json
tdse_P020_both,tdse,20,both,trace,1.0000000000051121,1.0000000000084341,1.0000000000138567,3.3220093342833934e-12,5.4225512968741896e-12,-0.7069156686998991,-0.7069156686998991,ok,2048,4096,8192,0.2,0.1,0.05,3000.0,periodic (split-operator FFT),thesis_closure_out_v2\reference_convergence_3level.json
tdse_P020_both,tdse,20,both,energy,0.10006250000051232,0.1000625000008436,0.1000625000013858,3.312766727603389e-13,5.422051696513108e-13,-0.7108022506929356,-0.7108022506929356,ok,2048,4096,8192,0.2,0.1,0.05,3000.0,periodic (split-operator FFT),thesis_closure_out_v2\reference_convergence_3level.json
tdse_P020_both,tdse,20,both,R_mean,15.28931592030373,15.289315429088361,15.289315306283385,4.912153688252374e-07,1.2280497685424052e-07,1.9999866702592382,1.9999866702592382,ok,2048,4096,8192,0.2,0.1,0.05,3000.0,periodic (split-operator FFT),thesis_closure_out_v2\reference_convergence_3level.json
tdse_P020_both,tdse,20,both,P_mean,19.712016362287685,19.71201565189535,19.712015474296567,7.103923351792218e-07,1.7759878190304335e-07,1.9999943290192563,1.9999943290192563,ok,2048,4096,8192,0.2,0.1,0.05,3000.0,periodic (split-operator FFT),thesis_closure_out_v2\reference_convergence_3level.json
tdse_P020_time,tdse,20,time,P0,0.9519009219784992,0.9519008019682846,0.9519007719706046,1.2001021454377536e-07,2.9997680006665917e-08,2.0002343711142103,2.0002343711142103,ok,8192,8192,8192,0.2,0.1,0.05,3000.0,periodic (split-operator FFT),thesis_closure_out_v2\reference_convergence_3level.json
tdse_P020_time,tdse,20,time,P1,0.04809907802499623,0.048099198039349075,0.048099228043251986,1.200143528445885e-07,3.000390291080235e-08,1.9999848680348578,1.9999848680348578,ok,8192,8192,8192,0.2,0.1,0.05,3000.0,periodic (split-operator FFT),thesis_closure_out_v2\reference_convergence_3level.json
tdse_P020_time,tdse,20,time,trace,1.0000000000034954,1.0000000000076337,1.0000000000138567,4.1382453019878085e-12,6.2230220976289274e-12,-0.588596203074672,-0.588596203074672,ok,8192,8192,8192,0.2,0.1,0.05,3000.0,periodic (split-operator FFT),thesis_closure_out_v2\reference_convergence_3level.json
tdse_P020_time,tdse,20,time,energy,0.1000625000003509,0.100062500000766,0.1000625000013858,4.150985111195382e-13,6.198097590726093e-13,-0.5783717134528886,-0.5783717134528886,ok,8192,8192,8192,0.2,0.1,0.05,3000.0,periodic (split-operator FFT),thesis_closure_out_v2\reference_convergence_3level.json
tdse_P020_time,tdse,20,time,R_mean,15.2893159203032,15.289315429088154,15.289315306283385,4.912150455282926e-07,1.228047690204903e-07,1.9999881623415519,1.9999881623415519,ok,8192,8192,8192,0.2,0.1,0.05,3000.0,periodic (split-operator FFT),thesis_closure_out_v2\reference_convergence_3level.json
tdse_P020_time,tdse,20,time,P_mean,19.712016362287308,19.71201565189527,19.712015474296567,7.103920367512728e-07,1.775987037433424e-07,1.9999943578767825,1.9999943578767825,ok,8192,8192,8192,0.2,0.1,0.05,3000.0,periodic (split-operator FFT),thesis_closure_out_v2\reference_convergence_3level.json
tdse_P020_grid,tdse,20,grid,P0,0.9519007719769913,0.9519007719723998,0.9519007719706046,4.59154936294226e-12,1.7951196085164156e-12,1.3549010820530054,1.3549010820530054,ok,2048,4096,8192,0.05,0.05,0.05,3000.0,periodic (split-operator FFT),thesis_closure_out_v2\reference_convergence_3level.json
tdse_P020_grid,tdse,20,grid,P1,0.04809922804327558,0.04809922804323075,0.048099228043251986,4.4825254619240695e-14,2.123301534595612e-14,1.078002512001273,,REJECTED: fine-to-finer difference 2.123e-14 at or below roundoff floor 2.220e-14,2048,4096,8192,0.05,0.05,0.05,3000.0,periodic (split-operator FFT),thesis_closure_out_v2\reference_convergence_3level.json
tdse_P020_grid,tdse,20,grid,trace,1.000000000020267,1.0000000000156306,1.0000000000138567,4.636291350834654e-12,1.7739143487460751e-12,1.3860348775254765,1.3860348775254765,ok,2048,4096,8192,0.05,0.05,0.05,3000.0,periodic (split-operator FFT),thesis_closure_out_v2\reference_convergence_3level.json
tdse_P020_grid,tdse,20,grid,energy,0.10006250000202589,0.10006250000155825,0.1000625000013858,4.676398157599237e-13,1.7244539129990244e-13,1.4392581964725164,1.4392581964725164,ok,2048,4096,8192,0.05,0.05,0.05,3000.0,periodic (split-operator FFT),thesis_closure_out_v2\reference_convergence_3level.json
tdse_P020_grid,tdse,20,grid,R_mean,15.28931530628555,15.289315306283761,15.289315306283385,1.7887913372760522e-12,3.765876499528531e-13,2.2479275134435857,2.2479275134435857,ok,2048,4096,8192,0.05,0.05,0.05,3000.0,periodic (split-operator FFT),thesis_closure_out_v2\reference_convergence_3level.json
tdse_P020_grid,tdse,20,grid,P_mean,19.712015474298116,19.712015474296685,19.712015474296567,1.4317436125566019e-12,1.1723955140041653e-13,NOT COMPUTED,,REJECTED: fine-to-finer difference 1.172e-13 at or below roundoff floor 4.377e-13,2048,4096,8192,0.05,0.05,0.05,3000.0,periodic (split-operator FFT),thesis_closure_out_v2\reference_convergence_3level.json
tdse_P0100_both,tdse,100,both,P0,0.14297764428298032,0.14297921151985896,0.14297960333186474,1.5672368786356916e-06,3.918120057844199e-07,1.9999897411420025,1.9999897411420025,ok,2048,4096,8192,0.2,0.1,0.05,3000.0,periodic (split-operator FFT),thesis_closure_out_v2\reference_convergence_3level.json
tdse_P0100_both,tdse,100,both,P1,0.8570223557226229,0.8570207884909037,0.8570203966829136,1.567231719179496e-06,3.9180799005222866e-07,1.9999997781234797,1.9999997781234797,ok,2048,4096,8192,0.2,0.1,0.05,3000.0,periodic (split-operator FFT),thesis_closure_out_v2\reference_convergence_3level.json
tdse_P0100_both,tdse,100,both,trace,1.000000000005603,1.0000000000107627,1.0000000000147784,5.1596504846429525e-12,4.015676680069191e-12,0.36163022442783554,0.36163022442783554,ok,2048,4096,8192,0.2,0.1,0.05,3000.0,periodic (split-operator FFT),thesis_closure_out_v2\reference_convergence_3level.json
tdse_P0100_both,tdse,100,both,energy,2.5000625000140198,2.500062500026923,2.5000625000369814,1.290345608140342e-11,1.0058176513894068e-11,0.3593887540213636,0.3593887540213636,ok,2048,4096,8192,0.2,0.1,0.05,3000.0,periodic (split-operator FFT),thesis_closure_out_v2\reference_convergence_3level.json
tdse_P0100_both,tdse,100,both,R_mean,133.86344452651818,133.86344659825656,133.86344711619495,2.0717383790724853e-06,5.179383890663303e-07,1.9999894311072974,1.9999894311072974,ok,2048,4096,8192,0.2,0.1,0.05,3000.0,periodic (split-operator FFT),thesis_closure_out_v2\reference_convergence_3level.json
tdse_P0100_both,tdse,100,both,P_mean,99.1386387640565,99.13864033927908,99.13864073308753,1.5752225834830824e-06,3.938084489618632e-07,1.9999897309973376,1.9999897309973376,ok,2048,4096,8192,0.2,0.1,0.05,3000.0,periodic (split-operator FFT),thesis_closure_out_v2\reference_convergence_3level.json
tdse_P0100_time,tdse,100,time,P0,0.14297764428298032,0.14297921151985896,0.14297960333186474,1.5672368786356916e-06,3.918120057844199e-07,1.9999897411420025,1.9999897411420025,ok,8192,8192,8192,0.2,0.1,0.05,3000.0,periodic (split-operator FFT),thesis_closure_out_v2\reference_convergence_3level.json
tdse_P0100_time,tdse,100,time,P1,0.8570223557226229,0.8570207884909037,0.8570203966829136,1.567231719179496e-06,3.9180799005222866e-07,1.9999997781234797,1.9999997781234797,ok,8192,8192,8192,0.2,0.1,0.05,3000.0,periodic (split-operator FFT),thesis_closure_out_v2\reference_convergence_3level.json
tdse_P0100_time,tdse,100,time,trace,1.000000000005603,1.0000000000107627,1.0000000000147784,5.1596504846429525e-12,4.015676680069191e-12,0.36163022442783554,0.36163022442783554,ok,8192,8192,8192,0.2,0.1,0.05,3000.0,periodic (split-operator FFT),thesis_closure_out_v2\reference_convergence_3level.json
tdse_P0100_time,tdse,100,time,energy,2.5000625000140198,2.500062500026923,2.5000625000369814,1.290345608140342e-11,1.0058176513894068e-11,0.3593887540213636,0.3593887540213636,ok,8192,8192,8192,0.2,0.1,0.05,3000.0,periodic (split-operator FFT),thesis_closure_out_v2\reference_convergence_3level.json
tdse_P0100_time,tdse,100,time,R_mean,133.86344452651818,133.86344659825656,133.86344711619495,2.0717383790724853e-06,5.179383890663303e-07,1.9999894311072974,1.9999894311072974,ok,8192,8192,8192,0.2,0.1,0.05,3000.0,periodic (split-operator FFT),thesis_closure_out_v2\reference_convergence_3level.json
tdse_P0100_time,tdse,100,time,P_mean,99.1386387640565,99.13864033927908,99.13864073308753,1.5752225834830824e-06,3.938084489618632e-07,1.9999897309973376,1.9999897309973376,ok,8192,8192,8192,0.2,0.1,0.05,3000.0,periodic (split-operator FFT),thesis_closure_out_v2\reference_convergence_3level.json
tdse_P0100_grid,tdse,100,grid,P0,0.14297960333186474,0.14297960333186474,0.14297960333186474,0.0,0.0,NOT COMPUTED,,REJECTED: fine-to-finer difference 0.000e+00 at or below roundoff floor 2.220e-14,2048,4096,8192,0.05,0.05,0.05,3000.0,periodic (split-operator FFT),thesis_closure_out_v2\reference_convergence_3level.json
tdse_P0100_grid,tdse,100,grid,P1,0.8570203966829136,0.8570203966829136,0.8570203966829136,0.0,0.0,NOT COMPUTED,,REJECTED: fine-to-finer difference 0.000e+00 at or below roundoff floor 2.220e-14,2048,4096,8192,0.05,0.05,0.05,3000.0,periodic (split-operator FFT),thesis_closure_out_v2\reference_convergence_3level.json
tdse_P0100_grid,tdse,100,grid,trace,1.0000000000147784,1.0000000000147784,1.0000000000147784,0.0,0.0,NOT COMPUTED,,REJECTED: fine-to-finer difference 0.000e+00 at or below roundoff floor 2.220e-14,2048,4096,8192,0.05,0.05,0.05,3000.0,periodic (split-operator FFT),thesis_closure_out_v2\reference_convergence_3level.json
tdse_P0100_grid,tdse,100,grid,energy,2.5000625000369814,2.5000625000369814,2.5000625000369814,0.0,0.0,NOT COMPUTED,,REJECTED: fine-to-finer difference 0.000e+00 at or below roundoff floor 5.551e-14,2048,4096,8192,0.05,0.05,0.05,3000.0,periodic (split-operator FFT),thesis_closure_out_v2\reference_convergence_3level.json
tdse_P0100_grid,tdse,100,grid,R_mean,133.86344711619495,133.86344711619495,133.86344711619495,0.0,0.0,NOT COMPUTED,,REJECTED: fine-to-finer difference 0.000e+00 at or below roundoff floor 2.972e-12,2048,4096,8192,0.05,0.05,0.05,3000.0,periodic (split-operator FFT),thesis_closure_out_v2\reference_convergence_3level.json
tdse_P0100_grid,tdse,100,grid,P_mean,99.13864073308753,99.13864073308753,99.13864073308753,0.0,0.0,NOT COMPUTED,,REJECTED: fine-to-finer difference 0.000e+00 at or below roundoff floor 2.201e-12,2048,4096,8192,0.05,0.05,0.05,3000.0,periodic (split-operator FFT),thesis_closure_out_v2\reference_convergence_3level.json
