method,reference,P0,seed,snapshot,quantity,bandwidth_R,bandwidth_P,raw_raw_mass_reference,raw_raw_mass_estimate,raw_E1,raw_E2,raw_Einf,shape_raw_mass_reference,shape_raw_mass_estimate,shape_E1,shape_E2,shape_Einf,paired_initial_cloud_sha256,production_npz,reference_npz
PBME,TDSE,20.0,11,snap_012000,nuclear R marginal,0.4125304420080807,,1.0000000000138565,1.0000000000011635,0.2450988132466737,0.20847915670156764,0.21292198090038206,1.0000000000000002,0.9999999999999999,0.24509881324516664,0.2084791566981911,0.21292198089067768,dc09cb6f76c9928c05538fe9dd912facb207d98b1dd6db399a959ee5f9924e0f,D:\PhD-Project\GP_RKHS_MINT\GP_RKHS_MINT\Tully_models\GP_MInt_QCLE_Reviewer_Ready_Pipeline_v4\output\fixed_pipeline\reviewer_closure_20260726_174927\step9_repl_P020\seed11\pbme.npz,D:\PhD-Project\GP_RKHS_MINT\GP_RKHS_MINT\Tully_models\GP_MInt_QCLE_Reviewer_Ready_Pipeline_v4\output\fixed_pipeline\final_reviewer_closure\reference_tdse\tdse_time_P020.npz
PBME,QCLE,20.0,11,snap_012000,mapping-integrated R-P density,0.5193450565826528,0.43482673105779385,1.0000128967117135,1.0000000000011635,0.7541632365941278,0.5770251812498688,0.5642266966558409,1.0000000000000002,1.0,0.7541630726455468,0.577022952770543,0.5642210766136823,dc09cb6f76c9928c05538fe9dd912facb207d98b1dd6db399a959ee5f9924e0f,D:\PhD-Project\GP_RKHS_MINT\GP_RKHS_MINT\Tully_models\GP_MInt_QCLE_Reviewer_Ready_Pipeline_v4\output\fixed_pipeline\reviewer_closure_20260726_174927\step9_repl_P020\seed11\pbme.npz,D:\PhD-Project\GP_RKHS_MINT\GP_RKHS_MINT\Tully_models\GP_MInt_QCLE_Reviewer_Ready_Pipeline_v4\output\fixed_pipeline\final_reviewer_closure\reference_grid_qcle\qcle_time_P020.npz
MIDPOINT,TDSE,20.0,11,snap_012000,nuclear R marginal,0.4125304849360301,,1.0000000000138565,1.0044057350373146,0.8531063182121236,0.857754314232489,1.236871835181391,1.0000000000000002,1.0,0.8512673085711149,0.8549057297273329,1.2311011099994604,dc09cb6f76c9928c05538fe9dd912facb207d98b1dd6db399a959ee5f9924e0f,D:\PhD-Project\GP_RKHS_MINT\GP_RKHS_MINT\Tully_models\GP_MInt_QCLE_Reviewer_Ready_Pipeline_v4\output\fixed_pipeline\reviewer_closure_20260726_174927\step9_repl_P020\seed11\midpoint.npz,D:\PhD-Project\GP_RKHS_MINT\GP_RKHS_MINT\Tully_models\GP_MInt_QCLE_Reviewer_Ready_Pipeline_v4\output\fixed_pipeline\final_reviewer_closure\reference_tdse\tdse_time_P020.npz
MIDPOINT,QCLE,20.0,11,snap_012000,mapping-integrated R-P density,0.5193451106257392,0.43482682927359334,1.0000128967117135,1.004405735037315,1.0691664863268906,1.1176335551307621,1.3555421956625764,1.0000000000000002,0.9999999999999998,1.0675707566015498,1.1146958325778424,1.3494692709348564,dc09cb6f76c9928c05538fe9dd912facb207d98b1dd6db399a959ee5f9924e0f,D:\PhD-Project\GP_RKHS_MINT\GP_RKHS_MINT\Tully_models\GP_MInt_QCLE_Reviewer_Ready_Pipeline_v4\output\fixed_pipeline\reviewer_closure_20260726_174927\step9_repl_P020\seed11\midpoint.npz,D:\PhD-Project\GP_RKHS_MINT\GP_RKHS_MINT\Tully_models\GP_MInt_QCLE_Reviewer_Ready_Pipeline_v4\output\fixed_pipeline\final_reviewer_closure\reference_grid_qcle\qcle_time_P020.npz
PBME,TDSE,20.0,29,snap_012000,nuclear R marginal,0.41961880213800934,,1.0000000000138565,1.0000000000011666,0.25442414432218285,0.20567200206464578,0.18927807303171337,1.0000000000000002,1.0000000000000002,0.25442414432054217,0.205672002061107,0.18927807302149235,a18db5b9793f36cab014e8aae3cd0d6da85dc8c9c912243b6182e8c3279ed749,D:\PhD-Project\GP_RKHS_MINT\GP_RKHS_MINT\Tully_models\GP_MInt_QCLE_Reviewer_Ready_Pipeline_v4\output\fixed_pipeline\reviewer_closure_20260726_174927\step9_repl_P020\seed29\pbme.npz,D:\PhD-Project\GP_RKHS_MINT\GP_RKHS_MINT\Tully_models\GP_MInt_QCLE_Reviewer_Ready_Pipeline_v4\output\fixed_pipeline\final_reviewer_closure\reference_tdse\tdse_time_P020.npz
PBME,QCLE,20.0,29,snap_012000,mapping-integrated R-P density,0.5282687732781686,0.45107093918008273,1.0000128967117135,1.000000000001167,0.7567613025708628,0.5829465541353909,0.5669176107946318,1.0000000000000002,0.9999999999999998,0.7567611420001432,0.5829442521752574,0.5669120254564154,a18db5b9793f36cab014e8aae3cd0d6da85dc8c9c912243b6182e8c3279ed749,D:\PhD-Project\GP_RKHS_MINT\GP_RKHS_MINT\Tully_models\GP_MInt_QCLE_Reviewer_Ready_Pipeline_v4\output\fixed_pipeline\reviewer_closure_20260726_174927\step9_repl_P020\seed29\pbme.npz,D:\PhD-Project\GP_RKHS_MINT\GP_RKHS_MINT\Tully_models\GP_MInt_QCLE_Reviewer_Ready_Pipeline_v4\output\fixed_pipeline\final_reviewer_closure\reference_grid_qcle\qcle_time_P020.npz
MIDPOINT,TDSE,20.0,29,snap_012000,nuclear R marginal,0.4196188503300138,,1.0000000000138565,0.4393996574058676,0.7547541559966006,0.7159306098145787,0.7469428913787028,1.0000000000000002,1.0,1.400726431649343,1.2612962782206874,1.4042612710278801,a18db5b9793f36cab014e8aae3cd0d6da85dc8c9c912243b6182e8c3279ed749,D:\PhD-Project\GP_RKHS_MINT\GP_RKHS_MINT\Tully_models\GP_MInt_QCLE_Reviewer_Ready_Pipeline_v4\output\fixed_pipeline\reviewer_closure_20260726_174927\step9_repl_P020\seed29\midpoint.npz,D:\PhD-Project\GP_RKHS_MINT\GP_RKHS_MINT\Tully_models\GP_MInt_QCLE_Reviewer_Ready_Pipeline_v4\output\fixed_pipeline\final_reviewer_closure\reference_tdse\tdse_time_P020.npz
MIDPOINT,QCLE,20.0,29,snap_012000,mapping-integrated R-P density,0.5282688339483077,0.4510710760095316,1.0000128967117135,0.43939965740586767,0.852365295441447,0.7018772673897878,0.682043743427708,1.0000000000000002,1.0,1.1396948449013358,1.0365935042736614,1.1428159555474844,a18db5b9793f36cab014e8aae3cd0d6da85dc8c9c912243b6182e8c3279ed749,D:\PhD-Project\GP_RKHS_MINT\GP_RKHS_MINT\Tully_models\GP_MInt_QCLE_Reviewer_Ready_Pipeline_v4\output\fixed_pipeline\reviewer_closure_20260726_174927\step9_repl_P020\seed29\midpoint.npz,D:\PhD-Project\GP_RKHS_MINT\GP_RKHS_MINT\Tully_models\GP_MInt_QCLE_Reviewer_Ready_Pipeline_v4\output\fixed_pipeline\final_reviewer_closure\reference_grid_qcle\qcle_time_P020.npz
PBME,TDSE,20.0,47,snap_012000,nuclear R marginal,0.39694699627468943,,1.0000000000138565,1.0000000000011708,0.22556456291860166,0.17954719452688223,0.1573593172519018,1.0000000000000002,1.0,0.22556456291646398,0.17954719452403467,0.15735931724121932,02831553087a7f85dd620876ad4395b11e92ed78a8807f55118b19330bbf3238,D:\PhD-Project\GP_RKHS_MINT\GP_RKHS_MINT\Tully_models\GP_MInt_QCLE_Reviewer_Ready_Pipeline_v4\output\fixed_pipeline\reviewer_closure_20260726_174927\step9_repl_P020\seed47\pbme.npz,D:\PhD-Project\GP_RKHS_MINT\GP_RKHS_MINT\Tully_models\GP_MInt_QCLE_Reviewer_Ready_Pipeline_v4\output\fixed_pipeline\final_reviewer_closure\reference_tdse\tdse_time_P020.npz
PBME,QCLE,20.0,47,snap_012000,mapping-integrated R-P density,0.49972666074557115,0.4267060231627267,1.0000128967117135,1.000000000001171,0.737313292463151,0.5466540543872669,0.4930292747348852,1.0000000000000002,1.0,0.7373130445681764,0.5466516607271734,0.493022736480188,02831553087a7f85dd620876ad4395b11e92ed78a8807f55118b19330bbf3238,D:\PhD-Project\GP_RKHS_MINT\GP_RKHS_MINT\Tully_models\GP_MInt_QCLE_Reviewer_Ready_Pipeline_v4\output\fixed_pipeline\reviewer_closure_20260726_174927\step9_repl_P020\seed47\pbme.npz,D:\PhD-Project\GP_RKHS_MINT\GP_RKHS_MINT\Tully_models\GP_MInt_QCLE_Reviewer_Ready_Pipeline_v4\output\fixed_pipeline\final_reviewer_closure\reference_grid_qcle\qcle_time_P020.npz
MIDPOINT,TDSE,20.0,47,snap_012000,nuclear R marginal,0.39694702015194944,,1.0000000000138565,1.1735662838942127,3.255473446325185,2.873213435147133,3.6477844056205155,1.0000000000000002,1.0000000000000002,2.806254564973824,2.4525217563455612,2.991905239963659,02831553087a7f85dd620876ad4395b11e92ed78a8807f55118b19330bbf3238,D:\PhD-Project\GP_RKHS_MINT\GP_RKHS_MINT\Tully_models\GP_MInt_QCLE_Reviewer_Ready_Pipeline_v4\output\fixed_pipeline\reviewer_closure_20260726_174927\step9_repl_P020\seed47\midpoint.npz,D:\PhD-Project\GP_RKHS_MINT\GP_RKHS_MINT\Tully_models\GP_MInt_QCLE_Reviewer_Ready_Pipeline_v4\output\fixed_pipeline\final_reviewer_closure\reference_tdse\tdse_time_P020.npz
MIDPOINT,QCLE,20.0,47,snap_012000,mapping-integrated R-P density,0.49972669080526055,0.4267061186988916,1.0000128967117135,1.173566283894213,1.9788031178364303,2.9312156161496463,4.494440192190039,1.0000000000000002,0.9999999999999999,1.7896274004310273,2.5066951108507167,3.7457170399500956,02831553087a7f85dd620876ad4395b11e92ed78a8807f55118b19330bbf3238,D:\PhD-Project\GP_RKHS_MINT\GP_RKHS_MINT\Tully_models\GP_MInt_QCLE_Reviewer_Ready_Pipeline_v4\output\fixed_pipeline\reviewer_closure_20260726_174927\step9_repl_P020\seed47\midpoint.npz,D:\PhD-Project\GP_RKHS_MINT\GP_RKHS_MINT\Tully_models\GP_MInt_QCLE_Reviewer_Ready_Pipeline_v4\output\fixed_pipeline\final_reviewer_closure\reference_grid_qcle\qcle_time_P020.npz
PBME,TDSE,20.0,73,snap_012000,nuclear R marginal,0.38828466953938606,,1.0000000000138565,1.0000000000011686,0.20861584089711047,0.16970667997577618,0.16527841104227906,1.0000000000000002,1.0,0.20861584089414784,0.1697066799732149,0.16527841104818256,4e0aed88a759b7aa51d9dc12c9a2d1025867f3a7c2b3e98f80c492927c4d6889,D:\PhD-Project\GP_RKHS_MINT\GP_RKHS_MINT\Tully_models\GP_MInt_QCLE_Reviewer_Ready_Pipeline_v4\output\fixed_pipeline\reviewer_closure_20260726_174927\step9_repl_P020\seed73\pbme.npz,D:\PhD-Project\GP_RKHS_MINT\GP_RKHS_MINT\Tully_models\GP_MInt_QCLE_Reviewer_Ready_Pipeline_v4\output\fixed_pipeline\final_reviewer_closure\reference_tdse\tdse_time_P020.npz
PBME,QCLE,20.0,73,snap_012000,mapping-integrated R-P density,0.4888214374932337,0.41458021940898043,1.0000128967117135,1.0000000000011688,0.736104177483804,0.5488264479277332,0.48631279092546964,1.0000000000000002,0.9999999999999999,0.7361040161905393,0.5488240966048628,0.4863061660502238,4e0aed88a759b7aa51d9dc12c9a2d1025867f3a7c2b3e98f80c492927c4d6889,D:\PhD-Project\GP_RKHS_MINT\GP_RKHS_MINT\Tully_models\GP_MInt_QCLE_Reviewer_Ready_Pipeline_v4\output\fixed_pipeline\reviewer_closure_20260726_174927\step9_repl_P020\seed73\pbme.npz,D:\PhD-Project\GP_RKHS_MINT\GP_RKHS_MINT\Tully_models\GP_MInt_QCLE_Reviewer_Ready_Pipeline_v4\output\fixed_pipeline\final_reviewer_closure\reference_grid_qcle\qcle_time_P020.npz
MIDPOINT,TDSE,20.0,73,snap_012000,nuclear R marginal,0.3882846988530237,,1.0000000000138565,0.06211285201789783,1.0686774300362318,1.2311883251692006,1.8317517340131142,1.0000000000000002,0.9999999999999997,12.79815283573833,12.440088520327956,14.741621340083865,4e0aed88a759b7aa51d9dc12c9a2d1025867f3a7c2b3e98f80c492927c4d6889,D:\PhD-Project\GP_RKHS_MINT\GP_RKHS_MINT\Tully_models\GP_MInt_QCLE_Reviewer_Ready_Pipeline_v4\output\fixed_pipeline\reviewer_closure_20260726_174927\step9_repl_P020\seed73\midpoint.npz,D:\PhD-Project\GP_RKHS_MINT\GP_RKHS_MINT\Tully_models\GP_MInt_QCLE_Reviewer_Ready_Pipeline_v4\output\fixed_pipeline\final_reviewer_closure\reference_tdse\tdse_time_P020.npz
MIDPOINT,QCLE,20.0,73,snap_012000,mapping-integrated R-P density,0.4888214743969171,0.41458030946125324,1.0000128967117135,0.06211285201789779,1.1069665062671679,1.1925369377247195,1.5359536600431538,1.0000000000000002,1.0,9.43269183862502,14.947484732205053,21.532769527644756,4e0aed88a759b7aa51d9dc12c9a2d1025867f3a7c2b3e98f80c492927c4d6889,D:\PhD-Project\GP_RKHS_MINT\GP_RKHS_MINT\Tully_models\GP_MInt_QCLE_Reviewer_Ready_Pipeline_v4\output\fixed_pipeline\reviewer_closure_20260726_174927\step9_repl_P020\seed73\midpoint.npz,D:\PhD-Project\GP_RKHS_MINT\GP_RKHS_MINT\Tully_models\GP_MInt_QCLE_Reviewer_Ready_Pipeline_v4\output\fixed_pipeline\final_reviewer_closure\reference_grid_qcle\qcle_time_P020.npz
PBME,TDSE,100.0,11,snap_002400,nuclear R marginal,0.2686107104041112,,1.0000000000044478,1.0000000000002254,0.055128015454455497,0.05769910841978629,0.08141140812063351,1.0,1.0,0.05512801545482396,0.05769910841843268,0.0814114081172403,c1efe2f0a853c0fce6feabd9926ceb5229fbbe0a1a72f238b403dd261e9f786d,D:\PhD-Project\GP_RKHS_MINT\GP_RKHS_MINT\Tully_models\GP_MInt_QCLE_Reviewer_Ready_Pipeline_v4\output\fixed_pipeline\reviewer_closure_20260726_174927\step9_repl_P0100\seed11\pbme.npz,D:\PhD-Project\GP_RKHS_MINT\GP_RKHS_MINT\Tully_models\GP_MInt_QCLE_Reviewer_Ready_Pipeline_v4\output\fixed_pipeline\final_reviewer_closure\reference_tdse\tdse_time_P0100.npz
PBME,QCLE,100.0,11,snap_002400,mapping-integrated R-P density,0.3381608492078195,0.22571936675189544,0.999999999981757,1.0000006772774475,0.28782294737987085,0.29081489141525885,0.3979505453731304,1.0,0.9999999999999999,0.2878228759895703,0.2908149681906235,0.39795095134816977,c1efe2f0a853c0fce6feabd9926ceb5229fbbe0a1a72f238b403dd261e9f786d,D:\PhD-Project\GP_RKHS_MINT\GP_RKHS_MINT\Tully_models\GP_MInt_QCLE_Reviewer_Ready_Pipeline_v4\output\fixed_pipeline\reviewer_closure_20260726_174927\step9_repl_P0100\seed11\pbme.npz,D:\PhD-Project\GP_RKHS_MINT\GP_RKHS_MINT\Tully_models\GP_MInt_QCLE_Reviewer_Ready_Pipeline_v4\output\fixed_pipeline\final_reviewer_closure\reference_grid_qcle\qcle_time_P0100.npz
MIDPOINT,TDSE,100.0,11,snap_002400,nuclear R marginal,0.2686107266610165,,1.0000000000044478,-475113930690.67004,488228500955.05884,562216893687.1086,920253248379.3679,1.0,0.9999999999999999,1.2620881036548532,1.1815383933254122,1.7257744429316246,c1efe2f0a853c0fce6feabd9926ceb5229fbbe0a1a72f238b403dd261e9f786d,D:\PhD-Project\GP_RKHS_MINT\GP_RKHS_MINT\Tully_models\GP_MInt_QCLE_Reviewer_Ready_Pipeline_v4\output\fixed_pipeline\reviewer_closure_20260726_174927\step9_repl_P0100\seed11\midpoint.npz,D:\PhD-Project\GP_RKHS_MINT\GP_RKHS_MINT\Tully_models\GP_MInt_QCLE_Reviewer_Ready_Pipeline_v4\output\fixed_pipeline\final_reviewer_closure\reference_tdse\tdse_time_P0100.npz
MIDPOINT,QCLE,100.0,11,snap_002400,mapping-integrated R-P density,0.3381608696740507,0.22572005903173054,0.999999999981757,-475125370043.4129,1268491213622.4614,1573286132913.286,2656521577033.269,1.0,0.9999999999999999,3.188599106208859,3.50776443617467,5.305349242716714,c1efe2f0a853c0fce6feabd9926ceb5229fbbe0a1a72f238b403dd261e9f786d,D:\PhD-Project\GP_RKHS_MINT\GP_RKHS_MINT\Tully_models\GP_MInt_QCLE_Reviewer_Ready_Pipeline_v4\output\fixed_pipeline\reviewer_closure_20260726_174927\step9_repl_P0100\seed11\midpoint.npz,D:\PhD-Project\GP_RKHS_MINT\GP_RKHS_MINT\Tully_models\GP_MInt_QCLE_Reviewer_Ready_Pipeline_v4\output\fixed_pipeline\final_reviewer_closure\reference_grid_qcle\qcle_time_P0100.npz
PBME,TDSE,100.0,29,snap_002400,nuclear R marginal,0.26836407771039755,,1.0000000000044478,1.0000000000002258,0.0519083784351602,0.04884447798872467,0.06491910946787317,1.0,1.0,0.051908378434977344,0.048844477987348964,0.06491910946408136,dcfa10ca5ae845a33e467f8dca043bbfa1b8099927ccfd3513549ead18e02ba0,D:\PhD-Project\GP_RKHS_MINT\GP_RKHS_MINT\Tully_models\GP_MInt_QCLE_Reviewer_Ready_Pipeline_v4\output\fixed_pipeline\reviewer_closure_20260726_174927\step9_repl_P0100\seed29\pbme.npz,D:\PhD-Project\GP_RKHS_MINT\GP_RKHS_MINT\Tully_models\GP_MInt_QCLE_Reviewer_Ready_Pipeline_v4\output\fixed_pipeline\final_reviewer_closure\reference_tdse\tdse_time_P0100.npz
PBME,QCLE,100.0,29,snap_002400,mapping-integrated R-P density,0.3378503570423242,0.22608280516248444,0.999999999981757,1.0000003074296737,0.31332807706326277,0.31193926404077493,0.412609472964212,1.0,1.0000000000000002,0.3133280108348516,0.311939284490434,0.41260965274352296,dcfa10ca5ae845a33e467f8dca043bbfa1b8099927ccfd3513549ead18e02ba0,D:\PhD-Project\GP_RKHS_MINT\GP_RKHS_MINT\Tully_models\GP_MInt_QCLE_Reviewer_Ready_Pipeline_v4\output\fixed_pipeline\reviewer_closure_20260726_174927\step9_repl_P0100\seed29\pbme.npz,D:\PhD-Project\GP_RKHS_MINT\GP_RKHS_MINT\Tully_models\GP_MInt_QCLE_Reviewer_Ready_Pipeline_v4\output\fixed_pipeline\final_reviewer_closure\reference_grid_qcle\qcle_time_P0100.npz
MIDPOINT,TDSE,100.0,29,snap_002400,nuclear R marginal,0.2683640895174653,,1.0000000000044478,5.94165571523327e+20,1.0042549723405907e+21,1.336118541469642e+21,2.4115562674407436e+21,1.0,1.0,2.539952857576981,2.5398860452168415,4.050019289161863,dcfa10ca5ae845a33e467f8dca043bbfa1b8099927ccfd3513549ead18e02ba0,D:\PhD-Project\GP_RKHS_MINT\GP_RKHS_MINT\Tully_models\GP_MInt_QCLE_Reviewer_Ready_Pipeline_v4\output\fixed_pipeline\reviewer_closure_20260726_174927\step9_repl_P0100\seed29\midpoint.npz,D:\PhD-Project\GP_RKHS_MINT\GP_RKHS_MINT\Tully_models\GP_MInt_QCLE_Reviewer_Ready_Pipeline_v4\output\fixed_pipeline\final_reviewer_closure\reference_tdse\tdse_time_P0100.npz
MIDPOINT,QCLE,100.0,29,snap_002400,mapping-integrated R-P density,0.3378503719065418,0.2260834616503688,0.999999999981757,5.942101380803871e+20,1.4083340675789042e+21,2.2994598769628524e+21,6.583134272120886e+21,1.0,1.0000000000000002,3.1809844063120205,4.058242937721268,11.0734626931009,dcfa10ca5ae845a33e467f8dca043bbfa1b8099927ccfd3513549ead18e02ba0,D:\PhD-Project\GP_RKHS_MINT\GP_RKHS_MINT\Tully_models\GP_MInt_QCLE_Reviewer_Ready_Pipeline_v4\output\fixed_pipeline\reviewer_closure_20260726_174927\step9_repl_P0100\seed29\midpoint.npz,D:\PhD-Project\GP_RKHS_MINT\GP_RKHS_MINT\Tully_models\GP_MInt_QCLE_Reviewer_Ready_Pipeline_v4\output\fixed_pipeline\final_reviewer_closure\reference_grid_qcle\qcle_time_P0100.npz
PBME,TDSE,100.0,47,snap_002400,nuclear R marginal,0.25584439535984704,,1.0000000000044478,1.0000000000002283,0.06263471931440157,0.06170160540485827,0.07743356439959184,1.0,1.0000000000000002,0.0626347193146348,0.06170160540522658,0.07743356440368068,a427d8382918f40a445d4b57262a043c4d973407083d59f075fee11997379fba,D:\PhD-Project\GP_RKHS_MINT\GP_RKHS_MINT\Tully_models\GP_MInt_QCLE_Reviewer_Ready_Pipeline_v4\output\fixed_pipeline\reviewer_closure_20260726_174927\step9_repl_P0100\seed47\pbme.npz,D:\PhD-Project\GP_RKHS_MINT\GP_RKHS_MINT\Tully_models\GP_MInt_QCLE_Reviewer_Ready_Pipeline_v4\output\fixed_pipeline\final_reviewer_closure\reference_tdse\tdse_time_P0100.npz
PBME,QCLE,100.0,47,snap_002400,mapping-integrated R-P density,0.3220890107836251,0.22080162780652596,0.999999999981757,1.0000003236765351,0.32170605908299427,0.3186075542663958,0.38868588307575935,1.0,1.0,0.3217059834218272,0.3186075402958709,0.38868608009931266,a427d8382918f40a445d4b57262a043c4d973407083d59f075fee11997379fba,D:\PhD-Project\GP_RKHS_MINT\GP_RKHS_MINT\Tully_models\GP_MInt_QCLE_Reviewer_Ready_Pipeline_v4\output\fixed_pipeline\reviewer_closure_20260726_174927\step9_repl_P0100\seed47\pbme.npz,D:\PhD-Project\GP_RKHS_MINT\GP_RKHS_MINT\Tully_models\GP_MInt_QCLE_Reviewer_Ready_Pipeline_v4\output\fixed_pipeline\final_reviewer_closure\reference_grid_qcle\qcle_time_P0100.npz
MIDPOINT,TDSE,100.0,47,snap_002400,nuclear R marginal,0.25584440675911635,,1.0000000000044478,-1.6630467916740428e+20,2.255690232586753e+20,3.938376418840484e+20,8.304819145439904e+20,1.0,0.9999999999999999,2.036377029597417,2.5025553277515695,4.8919572462940035,a427d8382918f40a445d4b57262a043c4d973407083d59f075fee11997379fba,D:\PhD-Project\GP_RKHS_MINT\GP_RKHS_MINT\Tully_models\GP_MInt_QCLE_Reviewer_Ready_Pipeline_v4\output\fixed_pipeline\reviewer_closure_20260726_174927\step9_repl_P0100\seed47\midpoint.npz,D:\PhD-Project\GP_RKHS_MINT\GP_RKHS_MINT\Tully_models\GP_MInt_QCLE_Reviewer_Ready_Pipeline_v4\output\fixed_pipeline\final_reviewer_closure\reference_tdse\tdse_time_P0100.npz
MIDPOINT,QCLE,100.0,47,snap_002400,mapping-integrated R-P density,0.3220890251344549,0.22080229563783532,0.999999999981757,-1.6628618205100573e+20,5.474794183686358e+20,1.0751084322778715e+21,2.7815599806976717e+21,1.0,1.0,3.804228789694235,6.508169845920016,16.654753880207732,a427d8382918f40a445d4b57262a043c4d973407083d59f075fee11997379fba,D:\PhD-Project\GP_RKHS_MINT\GP_RKHS_MINT\Tully_models\GP_MInt_QCLE_Reviewer_Ready_Pipeline_v4\output\fixed_pipeline\reviewer_closure_20260726_174927\step9_repl_P0100\seed47\midpoint.npz,D:\PhD-Project\GP_RKHS_MINT\GP_RKHS_MINT\Tully_models\GP_MInt_QCLE_Reviewer_Ready_Pipeline_v4\output\fixed_pipeline\final_reviewer_closure\reference_grid_qcle\qcle_time_P0100.npz
PBME,TDSE,100.0,73,snap_002400,nuclear R marginal,0.2642522069295441,,1.0000000000044478,1.0000000000002263,0.029559264945156306,0.02732206859839501,0.03537757069426348,1.0,0.9999999999999999,0.029559264944633276,0.027322068597520954,0.035377570691964844,f332357e0598fae6459a7f5543cfbf1f3473cf6d62237233b3ee16790f7ec39f,D:\PhD-Project\GP_RKHS_MINT\GP_RKHS_MINT\Tully_models\GP_MInt_QCLE_Reviewer_Ready_Pipeline_v4\output\fixed_pipeline\reviewer_closure_20260726_174927\step9_repl_P0100\seed73\pbme.npz,D:\PhD-Project\GP_RKHS_MINT\GP_RKHS_MINT\Tully_models\GP_MInt_QCLE_Reviewer_Ready_Pipeline_v4\output\fixed_pipeline\final_reviewer_closure\reference_tdse\tdse_time_P0100.npz
PBME,QCLE,100.0,73,snap_002400,mapping-integrated R-P density,0.33267381842629384,0.22094093832796358,0.999999999981757,1.0000030381441527,0.33445403504814714,0.3342913549637878,0.40270489620191763,1.0,1.0,0.33445363145013324,0.33429123805588656,0.4027067028456667,f332357e0598fae6459a7f5543cfbf1f3473cf6d62237233b3ee16790f7ec39f,D:\PhD-Project\GP_RKHS_MINT\GP_RKHS_MINT\Tully_models\GP_MInt_QCLE_Reviewer_Ready_Pipeline_v4\output\fixed_pipeline\reviewer_closure_20260726_174927\step9_repl_P0100\seed73\pbme.npz,D:\PhD-Project\GP_RKHS_MINT\GP_RKHS_MINT\Tully_models\GP_MInt_QCLE_Reviewer_Ready_Pipeline_v4\output\fixed_pipeline\final_reviewer_closure\reference_grid_qcle\qcle_time_P0100.npz
MIDPOINT,TDSE,100.0,73,snap_002400,nuclear R marginal,0.26425222230369966,,1.0000000000044478,-92858055138827.5,167869323789101.34,228247213620589.6,435415634614813.6,1.0,1.0,2.4604241044242743,2.572270071090156,4.3028658176232675,f332357e0598fae6459a7f5543cfbf1f3473cf6d62237233b3ee16790f7ec39f,D:\PhD-Project\GP_RKHS_MINT\GP_RKHS_MINT\Tully_models\GP_MInt_QCLE_Reviewer_Ready_Pipeline_v4\output\fixed_pipeline\reviewer_closure_20260726_174927\step9_repl_P0100\seed73\midpoint.npz,D:\PhD-Project\GP_RKHS_MINT\GP_RKHS_MINT\Tully_models\GP_MInt_QCLE_Reviewer_Ready_Pipeline_v4\output\fixed_pipeline\final_reviewer_closure\reference_tdse\tdse_time_P0100.npz
MIDPOINT,QCLE,100.0,73,snap_002400,mapping-integrated R-P density,0.33267383778120896,0.2209415970900467,0.999999999981757,-92862272076153.22,273218665797838.16,341127938776067.2,697827093353970.9,1.0,1.0,3.381936240006594,3.7982362233394253,7.356415579396229,f332357e0598fae6459a7f5543cfbf1f3473cf6d62237233b3ee16790f7ec39f,D:\PhD-Project\GP_RKHS_MINT\GP_RKHS_MINT\Tully_models\GP_MInt_QCLE_Reviewer_Ready_Pipeline_v4\output\fixed_pipeline\reviewer_closure_20260726_174927\step9_repl_P0100\seed73\midpoint.npz,D:\PhD-Project\GP_RKHS_MINT\GP_RKHS_MINT\Tully_models\GP_MInt_QCLE_Reviewer_Ready_Pipeline_v4\output\fixed_pipeline\final_reviewer_closure\reference_grid_qcle\qcle_time_P0100.npz
