comparison_kind,reference,P0,observable,metric,n_paired_seeds,seeds,paired_differences_midpoint_minus_pbme,mean_paired_difference,sample_sd,standard_error,ci95_low,ci95_high,confidence_interval_method,verdict_before_scientific_gates,source_csv
density,QCLE,20.0,mapping-integrated R-P density,raw_E1,4,"[11,29,47,73]","[0.31500324973276284,0.09560399287058419,1.2414898253732791,0.3708623287833639]",0.5057398491899975,0.5046820266187775,0.25234101330938874,-0.29732187628815376,1.3088015746681487,"two-sided paired Student t, df=3",NO_RESOLVED_DIFFERENCE,D:\PhD-Project\GP_RKHS_MINT\GP_RKHS_MINT\Tully_models\GP_MInt_QCLE_Reviewer_Ready_Pipeline_v4\output\fixed_pipeline\final_reviewer_closure\physical_comparison\density_errors_by_seed.csv
density,QCLE,20.0,mapping-integrated R-P density,raw_E2,4,"[11,29,47,73]","[0.5406083738808933,0.11893071325439697,2.3845615617623794,0.6437104897969863]",0.9219527846736639,1.0011512067456083,0.5005756033728042,-0.6711021947955573,2.515007764142885,"two-sided paired Student t, df=3",NO_RESOLVED_DIFFERENCE,D:\PhD-Project\GP_RKHS_MINT\GP_RKHS_MINT\Tully_models\GP_MInt_QCLE_Reviewer_Ready_Pipeline_v4\output\fixed_pipeline\final_reviewer_closure\physical_comparison\density_errors_by_seed.csv
density,QCLE,20.0,mapping-integrated R-P density,raw_Einf,4,"[11,29,47,73]","[0.7913154990067355,0.11512613263307625,4.0014109174551535,1.0496408691176842]",1.4893733545531624,1.7204202561024626,0.8602101280512313,-1.2481991892315811,4.226945898337906,"two-sided paired Student t, df=3",NO_RESOLVED_DIFFERENCE,D:\PhD-Project\GP_RKHS_MINT\GP_RKHS_MINT\Tully_models\GP_MInt_QCLE_Reviewer_Ready_Pipeline_v4\output\fixed_pipeline\final_reviewer_closure\physical_comparison\density_errors_by_seed.csv
density,QCLE,20.0,mapping-integrated R-P density,shape_E1,4,"[11,29,47,73]","[0.31340768395600294,0.38293370290119255,1.052314355862851,8.69658782243448]",2.611310891288632,4.070507321788465,2.0352536608942327,-3.8657746021404886,9.088396384717752,"two-sided paired Student t, df=3",NO_RESOLVED_DIFFERENCE,D:\PhD-Project\GP_RKHS_MINT\GP_RKHS_MINT\Tully_models\GP_MInt_QCLE_Reviewer_Ready_Pipeline_v4\output\fixed_pipeline\final_reviewer_closure\physical_comparison\density_errors_by_seed.csv
density,QCLE,20.0,mapping-integrated R-P density,shape_E2,4,"[11,29,47,73]","[0.5376728798072994,0.453649252098404,1.9600434501235433,14.39866063560019]",4.337506554407359,6.742952759660938,3.371476379830469,-6.39203599393728,15.067049102751998,"two-sided paired Student t, df=3",NO_RESOLVED_DIFFERENCE,D:\PhD-Project\GP_RKHS_MINT\GP_RKHS_MINT\Tully_models\GP_MInt_QCLE_Reviewer_Ready_Pipeline_v4\output\fixed_pipeline\final_reviewer_closure\physical_comparison\density_errors_by_seed.csv
density,QCLE,20.0,mapping-integrated R-P density,shape_Einf,4,"[11,29,47,73]","[0.7852481943211741,0.575903930091069,3.252694303469908,21.046463361594533]",6.415077447369171,9.82970066860579,4.914850334302895,-9.226169840058201,22.056324734796544,"two-sided paired Student t, df=3",NO_RESOLVED_DIFFERENCE,D:\PhD-Project\GP_RKHS_MINT\GP_RKHS_MINT\Tully_models\GP_MInt_QCLE_Reviewer_Ready_Pipeline_v4\output\fixed_pipeline\final_reviewer_closure\physical_comparison\density_errors_by_seed.csv
density,QCLE,100.0,mapping-integrated R-P density,raw_E1,4,"[11,29,47,73]","[1268491213622.1736,1.4083340675789042e+21,5.474794183686358e+20,273218665797837.8]",4.889534401086742e+20,6.650405233428132e+20,3.325202616714066e+20,-5.6927443807965e+20,1.5471813182969985e+21,"two-sided paired Student t, df=3",NO_RESOLVED_DIFFERENCE,D:\PhD-Project\GP_RKHS_MINT\GP_RKHS_MINT\Tully_models\GP_MInt_QCLE_Reviewer_Ready_Pipeline_v4\output\fixed_pipeline\final_reviewer_closure\physical_comparison\density_errors_by_seed.csv
density,QCLE,100.0,mapping-integrated R-P density,raw_E2,4,"[11,29,47,73]","[1573286132912.995,2.2994598769628524e+21,1.0751084322778715e+21,341127938776066.9]",8.436421629854873e+20,1.0949041769716334e+21,5.474520884858167e+20,-8.985947133363534e+20,2.585879039307328e+21,"two-sided paired Student t, df=3",NO_RESOLVED_DIFFERENCE,D:\PhD-Project\GP_RKHS_MINT\GP_RKHS_MINT\Tully_models\GP_MInt_QCLE_Reviewer_Ready_Pipeline_v4\output\fixed_pipeline\final_reviewer_closure\physical_comparison\density_errors_by_seed.csv
density,QCLE,100.0,mapping-integrated R-P density,raw_Einf,4,"[11,29,47,73]","[2656521577032.871,6.583134272120886e+21,2.7815599806976717e+21,697827093353970.5]",2.341173738325543e+21,3.117175798640553e+21,1.5585878993202766e+21,-2.618948563327032e+21,7.301296039978118e+21,"two-sided paired Student t, df=3",NO_RESOLVED_DIFFERENCE,D:\PhD-Project\GP_RKHS_MINT\GP_RKHS_MINT\Tully_models\GP_MInt_QCLE_Reviewer_Ready_Pipeline_v4\output\fixed_pipeline\final_reviewer_closure\physical_comparison\density_errors_by_seed.csv
density,QCLE,100.0,mapping-integrated R-P density,shape_E1,4,"[11,29,47,73]","[2.9007762302192885,2.867656395477169,3.482522806272408,3.047482608556461]",3.0746095101313315,0.2829468305929389,0.14147341529646945,2.624377962325136,3.524841057937527,"two-sided paired Student t, df=3",MIDPOINT_ERROR_LARGER,D:\PhD-Project\GP_RKHS_MINT\GP_RKHS_MINT\Tully_models\GP_MInt_QCLE_Reviewer_Ready_Pipeline_v4\output\fixed_pipeline\final_reviewer_closure\physical_comparison\density_errors_by_seed.csv
density,QCLE,100.0,mapping-integrated R-P density,shape_E2,4,"[11,29,47,73]","[3.2169494679840467,3.7463036532308336,6.189562305624145,3.463944985283539]",4.154190103030641,1.3740414464366153,0.6870207232183076,1.9677835407708155,6.340596665290466,"two-sided paired Student t, df=3",MIDPOINT_ERROR_LARGER,D:\PhD-Project\GP_RKHS_MINT\GP_RKHS_MINT\Tully_models\GP_MInt_QCLE_Reviewer_Ready_Pipeline_v4\output\fixed_pipeline\final_reviewer_closure\physical_comparison\density_errors_by_seed.csv
density,QCLE,100.0,mapping-integrated R-P density,shape_Einf,4,"[11,29,47,73]","[4.907398291368544,10.660853040357377,16.26606780010842,6.953708876550563]",9.697007002096226,4.984897028724303,2.4924485143621515,1.764923436453147,17.629090567739304,"two-sided paired Student t, df=3",MIDPOINT_ERROR_LARGER,D:\PhD-Project\GP_RKHS_MINT\GP_RKHS_MINT\Tully_models\GP_MInt_QCLE_Reviewer_Ready_Pipeline_v4\output\fixed_pipeline\final_reviewer_closure\physical_comparison\density_errors_by_seed.csv
density,TDSE,20.0,nuclear R marginal,raw_E1,4,"[11,29,47,73]","[0.6080075049654499,0.5003300116744177,3.0299088834065833,0.8600615891391213]",1.249576997296393,1.19642332765149,0.598211663825745,-0.6541995020238005,3.1533534966165866,"two-sided paired Student t, df=3",NO_RESOLVED_DIFFERENCE,D:\PhD-Project\GP_RKHS_MINT\GP_RKHS_MINT\Tully_models\GP_MInt_QCLE_Reviewer_Ready_Pipeline_v4\output\fixed_pipeline\final_reviewer_closure\physical_comparison\density_errors_by_seed.csv
density,TDSE,20.0,nuclear R marginal,raw_E2,4,"[11,29,47,73]","[0.6492751575309215,0.5102586077499329,2.6936662406202507,1.0614816451934244]",1.2286704127736323,1.00432054030045,0.502160270150225,-0.3694276836264987,2.826768509173763,"two-sided paired Student t, df=3",NO_RESOLVED_DIFFERENCE,D:\PhD-Project\GP_RKHS_MINT\GP_RKHS_MINT\Tully_models\GP_MInt_QCLE_Reviewer_Ready_Pipeline_v4\output\fixed_pipeline\final_reviewer_closure\physical_comparison\density_errors_by_seed.csv
density,TDSE,20.0,nuclear R marginal,raw_Einf,4,"[11,29,47,73]","[1.023949854281009,0.5576648183469894,3.490425088368614,1.666473322970835]",1.6846282709918619,1.2868274090038214,0.6434137045019107,-0.36300129566950456,3.7322578376532283,"two-sided paired Student t, df=3",NO_RESOLVED_DIFFERENCE,D:\PhD-Project\GP_RKHS_MINT\GP_RKHS_MINT\Tully_models\GP_MInt_QCLE_Reviewer_Ready_Pipeline_v4\output\fixed_pipeline\final_reviewer_closure\physical_comparison\density_errors_by_seed.csv
density,TDSE,20.0,nuclear R marginal,shape_E1,4,"[11,29,47,73]","[0.6061684953259483,1.146302287328801,2.58069000205736,12.589536994844183]",4.230674444889074,5.634519404982712,2.817259702491356,-4.735103286330784,13.19645217610893,"two-sided paired Student t, df=3",NO_RESOLVED_DIFFERENCE,D:\PhD-Project\GP_RKHS_MINT\GP_RKHS_MINT\Tully_models\GP_MInt_QCLE_Reviewer_Ready_Pipeline_v4\output\fixed_pipeline\final_reviewer_closure\physical_comparison\density_errors_by_seed.csv
density,TDSE,20.0,nuclear R marginal,shape_E2,4,"[11,29,47,73]","[0.6464265730291419,1.0556242761595804,2.2729745618215267,12.27038184035474]",4.061351812841248,5.5161151668801365,2.7580575834400682,-4.71601835333884,12.838721979021336,"two-sided paired Student t, df=3",NO_RESOLVED_DIFFERENCE,D:\PhD-Project\GP_RKHS_MINT\GP_RKHS_MINT\Tully_models\GP_MInt_QCLE_Reviewer_Ready_Pipeline_v4\output\fixed_pipeline\final_reviewer_closure\physical_comparison\density_errors_by_seed.csv
density,TDSE,20.0,nuclear R marginal,shape_Einf,4,"[11,29,47,73]","[1.0181791291087827,1.2149831980063879,2.83454592272244,14.576342929035683]",4.9110127947183235,6.494744285541276,3.247372142770638,-5.423574682925133,15.24560027236178,"two-sided paired Student t, df=3",NO_RESOLVED_DIFFERENCE,D:\PhD-Project\GP_RKHS_MINT\GP_RKHS_MINT\Tully_models\GP_MInt_QCLE_Reviewer_Ready_Pipeline_v4\output\fixed_pipeline\final_reviewer_closure\physical_comparison\density_errors_by_seed.csv
density,TDSE,100.0,nuclear R marginal,raw_E1,4,"[11,29,47,73]","[488228500955.0037,1.0042549723405907e+21,2.255690232586753e+20,167869323789101.3]",3.0745604098920455e+20,4.765475020609802e+20,2.382737510304901e+20,-4.5083737762400095e+20,1.06574945960241e+21,"two-sided paired Student t, df=3",NO_RESOLVED_DIFFERENCE,D:\PhD-Project\GP_RKHS_MINT\GP_RKHS_MINT\Tully_models\GP_MInt_QCLE_Reviewer_Ready_Pipeline_v4\output\fixed_pipeline\final_reviewer_closure\physical_comparison\density_errors_by_seed.csv
density,TDSE,100.0,nuclear R marginal,raw_E2,4,"[11,29,47,73]","[562216893687.0509,1.336118541469642e+21,3.938376418840484e+20,228247213620589.56]",4.324891030407803e+20,6.303791314301072e+20,3.151895657150536e+20,-5.705847658332434e+20,1.4355629719148041e+21,"two-sided paired Student t, df=3",NO_RESOLVED_DIFFERENCE,D:\PhD-Project\GP_RKHS_MINT\GP_RKHS_MINT\Tully_models\GP_MInt_QCLE_Reviewer_Ready_Pipeline_v4\output\fixed_pipeline\final_reviewer_closure\physical_comparison\density_errors_by_seed.csv
density,TDSE,100.0,nuclear R marginal,raw_Einf,4,"[11,29,47,73]","[920253248379.2865,2.4115562674407436e+21,8.304819145439904e+20,435415634614813.56]",8.105096545801555e+20,1.1368963952719411e+21,5.6844819763597056e+20,-9.985462117319376e+20,2.6195655208922487e+21,"two-sided paired Student t, df=3",NO_RESOLVED_DIFFERENCE,D:\PhD-Project\GP_RKHS_MINT\GP_RKHS_MINT\Tully_models\GP_MInt_QCLE_Reviewer_Ready_Pipeline_v4\output\fixed_pipeline\final_reviewer_closure\physical_comparison\density_errors_by_seed.csv
density,TDSE,100.0,nuclear R marginal,shape_E1,4,"[11,29,47,73]","[1.2069600882000293,2.4880444791420038,1.973742310282782,2.430864839479641]",2.024902929276114,0.5918764138882578,0.2959382069441289,1.083095475994321,2.9667103825579066,"two-sided paired Student t, df=3",MIDPOINT_ERROR_LARGER,D:\PhD-Project\GP_RKHS_MINT\GP_RKHS_MINT\Tully_models\GP_MInt_QCLE_Reviewer_Ready_Pipeline_v4\output\fixed_pipeline\final_reviewer_closure\physical_comparison\density_errors_by_seed.csv
density,TDSE,100.0,nuclear R marginal,shape_E2,4,"[11,29,47,73]","[1.1238392849069796,2.4910415672294923,2.440853722346343,2.544948002492635]",2.1501706442438624,0.6855398991005511,0.34276994955027557,1.0593236847351148,3.24101760375261,"two-sided paired Student t, df=3",MIDPOINT_ERROR_LARGER,D:\PhD-Project\GP_RKHS_MINT\GP_RKHS_MINT\Tully_models\GP_MInt_QCLE_Reviewer_Ready_Pipeline_v4\output\fixed_pipeline\final_reviewer_closure\physical_comparison\density_errors_by_seed.csv
density,TDSE,100.0,nuclear R marginal,shape_Einf,4,"[11,29,47,73]","[1.6443630348143843,3.9851001796977816,4.814523681890323,4.267488246931302]",3.677868785833448,1.3987103858481948,0.6993551929240974,1.4522084360307912,5.903529135636104,"two-sided paired Student t, df=3",MIDPOINT_ERROR_LARGER,D:\PhD-Project\GP_RKHS_MINT\GP_RKHS_MINT\Tully_models\GP_MInt_QCLE_Reviewer_Ready_Pipeline_v4\output\fixed_pipeline\final_reviewer_closure\physical_comparison\density_errors_by_seed.csv
observable,QCLE,20.0,P0,E_RMS,4,"[11,29,47,73]","[0.05670431637827392,0.0996940390897753,0.21749978009342036,1.1371558428701447]",0.3777634946079036,0.5108042073720138,0.2554021036860069,-0.4350399866294573,1.1905669758452646,"two-sided paired Student t, df=3",NO_RESOLVED_DIFFERENCE,D:\PhD-Project\GP_RKHS_MINT\GP_RKHS_MINT\Tully_models\GP_MInt_QCLE_Reviewer_Ready_Pipeline_v4\output\fixed_pipeline\final_reviewer_closure\physical_comparison\observable_errors_by_seed.csv
observable,QCLE,20.0,P0,E_infinity,4,"[11,29,47,73]","[0.3395029361552928,0.518286337117158,3.4412704741024536,19.225086202571504]",5.881036487486602,9.008954883420902,4.504477441710451,-8.454221104121132,20.216294079094336,"two-sided paired Student t, df=3",NO_RESOLVED_DIFFERENCE,D:\PhD-Project\GP_RKHS_MINT\GP_RKHS_MINT\Tully_models\GP_MInt_QCLE_Reviewer_Ready_Pipeline_v4\output\fixed_pipeline\final_reviewer_closure\physical_comparison\observable_errors_by_seed.csv
observable,QCLE,20.0,P1,E_RMS,4,"[11,29,47,73]","[0.056704316378188235,0.09969403909073676,0.21749978009417126,1.137155842867013]",0.37776349460752734,0.5108042073702269,0.25540210368511346,-0.43503998662699017,1.190566975842045,"two-sided paired Student t, df=3",NO_RESOLVED_DIFFERENCE,D:\PhD-Project\GP_RKHS_MINT\GP_RKHS_MINT\Tully_models\GP_MInt_QCLE_Reviewer_Ready_Pipeline_v4\output\fixed_pipeline\final_reviewer_closure\physical_comparison\observable_errors_by_seed.csv
observable,QCLE,20.0,P1,E_infinity,4,"[11,29,47,73]","[0.3395029361568903,0.5182863371164043,3.4412704741001825,19.22508620258612]",5.881036487489899,9.008954883428144,4.504477441714072,-8.454221104129358,20.216294079109154,"two-sided paired Student t, df=3",NO_RESOLVED_DIFFERENCE,D:\PhD-Project\GP_RKHS_MINT\GP_RKHS_MINT\Tully_models\GP_MInt_QCLE_Reviewer_Ready_Pipeline_v4\output\fixed_pipeline\final_reviewer_closure\physical_comparison\observable_errors_by_seed.csv
observable,QCLE,20.0,P_mean,E_RMS,4,"[11,29,47,73]","[0.36921046928592294,1.1197994213710594,1.1102946979508443,12.164502429640136]",3.6909517545619908,5.659965882515984,2.829982941257992,-5.315317000861998,12.697220509985979,"two-sided paired Student t, df=3",NO_RESOLVED_DIFFERENCE,D:\PhD-Project\GP_RKHS_MINT\GP_RKHS_MINT\Tully_models\GP_MInt_QCLE_Reviewer_Ready_Pipeline_v4\output\fixed_pipeline\final_reviewer_closure\physical_comparison\observable_errors_by_seed.csv
observable,QCLE,20.0,P_mean,E_infinity,4,"[11,29,47,73]","[1.2794427977092049,1.7890550077602612,14.072837069488191,53.5791685740425]",17.680125862250037,24.652669483198064,12.326334741599032,-21.547772593848855,56.90802431834893,"two-sided paired Student t, df=3",NO_RESOLVED_DIFFERENCE,D:\PhD-Project\GP_RKHS_MINT\GP_RKHS_MINT\Tully_models\GP_MInt_QCLE_Reviewer_Ready_Pipeline_v4\output\fixed_pipeline\final_reviewer_closure\physical_comparison\observable_errors_by_seed.csv
observable,QCLE,20.0,P_var,E_RMS,4,"[11,29,47,73]","[14.812648148439578,65.77131314546762,257.7336476392558,59.5285541997595]",99.46154078323062,107.92770680522128,53.96385340261064,-72.27552509680922,271.1986066632704,"two-sided paired Student t, df=3",NO_RESOLVED_DIFFERENCE,D:\PhD-Project\GP_RKHS_MINT\GP_RKHS_MINT\Tully_models\GP_MInt_QCLE_Reviewer_Ready_Pipeline_v4\output\fixed_pipeline\final_reviewer_closure\physical_comparison\observable_errors_by_seed.csv
observable,QCLE,20.0,P_var,E_infinity,4,"[11,29,47,73]","[176.388411862567,374.666360485217,3129.584439628533,192.42471520806737]",968.2659817960961,1443.6825301166862,721.8412650583431,-1328.955085190546,3265.4870487827384,"two-sided paired Student t, df=3",NO_RESOLVED_DIFFERENCE,D:\PhD-Project\GP_RKHS_MINT\GP_RKHS_MINT\Tully_models\GP_MInt_QCLE_Reviewer_Ready_Pipeline_v4\output\fixed_pipeline\final_reviewer_closure\physical_comparison\observable_errors_by_seed.csv
observable,QCLE,20.0,R_mean,E_RMS,4,"[11,29,47,73]","[0.09531148331963121,1.3115887964705315,0.6384237230340695,5.8531379407180655]",1.9746154858855745,2.633105440646659,1.3165527203233296,-2.215242854619351,6.1644738263905,"two-sided paired Student t, df=3",NO_RESOLVED_DIFFERENCE,D:\PhD-Project\GP_RKHS_MINT\GP_RKHS_MINT\Tully_models\GP_MInt_QCLE_Reviewer_Ready_Pipeline_v4\output\fixed_pipeline\final_reviewer_closure\physical_comparison\observable_errors_by_seed.csv
observable,QCLE,20.0,R_mean,E_infinity,4,"[11,29,47,73]","[0.39511963578513043,2.468398218492453,8.534658040016254,36.414874243700254]",11.953262534498522,16.669439327319658,8.334719663659829,-14.571535264695795,38.47806033369284,"two-sided paired Student t, df=3",NO_RESOLVED_DIFFERENCE,D:\PhD-Project\GP_RKHS_MINT\GP_RKHS_MINT\Tully_models\GP_MInt_QCLE_Reviewer_Ready_Pipeline_v4\output\fixed_pipeline\final_reviewer_closure\physical_comparison\observable_errors_by_seed.csv
observable,QCLE,20.0,R_var,E_RMS,4,"[11,29,47,73]","[0.5918901501052266,10.401399467183964,23.516058467202154,4.372030270197774]",9.72034458867228,10.045209532442156,5.022604766221078,-6.263825392491119,25.70451456983568,"two-sided paired Student t, df=3",NO_RESOLVED_DIFFERENCE,D:\PhD-Project\GP_RKHS_MINT\GP_RKHS_MINT\Tully_models\GP_MInt_QCLE_Reviewer_Ready_Pipeline_v4\output\fixed_pipeline\final_reviewer_closure\physical_comparison\observable_errors_by_seed.csv
observable,QCLE,20.0,R_var,E_infinity,4,"[11,29,47,73]","[1.6799203184567943,35.01949856672607,68.22768086016316,8.733479744248617]",28.41514487239866,30.170602047153746,15.085301023576873,-19.59301563418447,76.4233053789818,"two-sided paired Student t, df=3",NO_RESOLVED_DIFFERENCE,D:\PhD-Project\GP_RKHS_MINT\GP_RKHS_MINT\Tully_models\GP_MInt_QCLE_Reviewer_Ready_Pipeline_v4\output\fixed_pipeline\final_reviewer_closure\physical_comparison\observable_errors_by_seed.csv
observable,QCLE,20.0,energy,E_RMS,4,"[11,29,47,73]","[0.004165126510737459,0.00963518079650666,0.012157026648036556,0.06832077937520882]",0.023569528332622373,0.030020085031523442,0.015010042515761721,-0.024199126013823215,0.07133818267906797,"two-sided paired Student t, df=3",NO_RESOLVED_DIFFERENCE,D:\PhD-Project\GP_RKHS_MINT\GP_RKHS_MINT\Tully_models\GP_MInt_QCLE_Reviewer_Ready_Pipeline_v4\output\fixed_pipeline\final_reviewer_closure\physical_comparison\observable_errors_by_seed.csv
observable,QCLE,20.0,energy,E_infinity,4,"[11,29,47,73]","[0.00636596721674193,0.023443165595847734,0.05468975435208854,0.2366348080215828]",0.08028342379656525,0.10613732708817462,0.05306866354408731,-0.08860474842568908,0.24917159601881958,"two-sided paired Student t, df=3",NO_RESOLVED_DIFFERENCE,D:\PhD-Project\GP_RKHS_MINT\GP_RKHS_MINT\Tully_models\GP_MInt_QCLE_Reviewer_Ready_Pipeline_v4\output\fixed_pipeline\final_reviewer_closure\physical_comparison\observable_errors_by_seed.csv
observable,QCLE,20.0,trace,E_RMS,4,"[11,29,47,73]","[4.909632802440265e-13,6.164556129818668e-13,8.594372889524173e-13,3.774617248576587e-12]",1.4353683576887244e-12,1.5669823444232426e-12,7.834911722116213e-13,-1.0580502285389859e-12,3.9287869439164345e-12,"two-sided paired Student t, df=3",NO_RESOLVED_DIFFERENCE,D:\PhD-Project\GP_RKHS_MINT\GP_RKHS_MINT\Tully_models\GP_MInt_QCLE_Reviewer_Ready_Pipeline_v4\output\fixed_pipeline\final_reviewer_closure\physical_comparison\observable_errors_by_seed.csv
observable,QCLE,20.0,trace,E_infinity,4,"[11,29,47,73]","[9.878764473114643e-13,8.928413564035509e-13,1.9875212586839552e-12,1.287525641657794e-11]",4.185873869744228e-12,5.814045461798502e-12,2.907022730899251e-12,-5.06556987958346e-12,1.3437317619071916e-11,"two-sided paired Student t, df=3",NO_RESOLVED_DIFFERENCE,D:\PhD-Project\GP_RKHS_MINT\GP_RKHS_MINT\Tully_models\GP_MInt_QCLE_Reviewer_Ready_Pipeline_v4\output\fixed_pipeline\final_reviewer_closure\physical_comparison\observable_errors_by_seed.csv
observable,QCLE,100.0,P0,E_RMS,4,"[11,29,47,73]","[197.37333481313965,1.6794036072322969,3.5163207511655883,3.08651160548829]",51.413892694256454,97.30945707611625,48.65472853805812,-103.42716837629541,206.2549537648083,"two-sided paired Student t, df=3",NO_RESOLVED_DIFFERENCE,D:\PhD-Project\GP_RKHS_MINT\GP_RKHS_MINT\Tully_models\GP_MInt_QCLE_Reviewer_Ready_Pipeline_v4\output\fixed_pipeline\final_reviewer_closure\physical_comparison\observable_errors_by_seed.csv
observable,QCLE,100.0,P0,E_infinity,4,"[11,29,47,73]","[9630.999321541018,48.349524609241556,152.53241613228968,115.44292305674546]",2486.8310463348234,4762.974007992958,2381.487003996479,-5092.1234706162595,10065.785563285906,"two-sided paired Student t, df=3",NO_RESOLVED_DIFFERENCE,D:\PhD-Project\GP_RKHS_MINT\GP_RKHS_MINT\Tully_models\GP_MInt_QCLE_Reviewer_Ready_Pipeline_v4\output\fixed_pipeline\final_reviewer_closure\physical_comparison\observable_errors_by_seed.csv
observable,QCLE,100.0,P1,E_RMS,4,"[11,29,47,73]","[197.37333481312305,1.6794036072321943,3.5163207511655625,3.0865116054881803]",51.41389269425224,97.30945707610799,48.654728538053995,-103.42716837628649,206.25495376479097,"two-sided paired Student t, df=3",NO_RESOLVED_DIFFERENCE,D:\PhD-Project\GP_RKHS_MINT\GP_RKHS_MINT\Tully_models\GP_MInt_QCLE_Reviewer_Ready_Pipeline_v4\output\fixed_pipeline\final_reviewer_closure\physical_comparison\observable_errors_by_seed.csv
observable,QCLE,100.0,P1,E_infinity,4,"[11,29,47,73]","[9630.999321540208,48.349524609242465,152.53241613228764,115.44292305674485]",2486.831046334621,4762.974007992554,2381.487003996277,-5092.123470615819,10065.785563285062,"two-sided paired Student t, df=3",NO_RESOLVED_DIFFERENCE,D:\PhD-Project\GP_RKHS_MINT\GP_RKHS_MINT\Tully_models\GP_MInt_QCLE_Reviewer_Ready_Pipeline_v4\output\fixed_pipeline\final_reviewer_closure\physical_comparison\observable_errors_by_seed.csv
observable,QCLE,100.0,P_mean,E_RMS,4,"[11,29,47,73]","[558.9308218227901,6.0846010473800005,4.738866484508598,7.506485597979616]",144.31519373816457,276.41272857827425,138.20636428913713,-295.5191396605708,584.1495271368999,"two-sided paired Student t, df=3",NO_RESOLVED_DIFFERENCE,D:\PhD-Project\GP_RKHS_MINT\GP_RKHS_MINT\Tully_models\GP_MInt_QCLE_Reviewer_Ready_Pipeline_v4\output\fixed_pipeline\final_reviewer_closure\physical_comparison\observable_errors_by_seed.csv
observable,QCLE,100.0,P_mean,E_infinity,4,"[11,29,47,73]","[27321.793609662334,170.9750928923876,207.49990264291895,235.2179502708395]",6983.871638867119,13558.640172136384,6779.320086068192,-14590.95052137999,28558.69379911423,"two-sided paired Student t, df=3",NO_RESOLVED_DIFFERENCE,D:\PhD-Project\GP_RKHS_MINT\GP_RKHS_MINT\Tully_models\GP_MInt_QCLE_Reviewer_Ready_Pipeline_v4\output\fixed_pipeline\final_reviewer_closure\physical_comparison\observable_errors_by_seed.csv
observable,QCLE,100.0,P_var,E_RMS,4,"[11,29,47,73]","[9.016906627312686e+26,1.724431350921753e+45,3.295693295786324e+44,5.890462317402105e+31]",5.135001701251111e+44,8.221009119255897e+44,4.1105045596279486e+44,-7.946458347390969e+44,1.8216461749893192e+45,"two-sided paired Student t, df=3",NO_RESOLVED_DIFFERENCE,D:\PhD-Project\GP_RKHS_MINT\GP_RKHS_MINT\Tully_models\GP_MInt_QCLE_Reviewer_Ready_Pipeline_v4\output\fixed_pipeline\final_reviewer_closure\physical_comparison\observable_errors_by_seed.csv
observable,QCLE,100.0,P_var,E_infinity,4,"[11,29,47,73]","[2.3420014655874454e+27,7.536360019687204e+45,2.6638225275029883e+45,2.2962034572160047e+32]",2.5500456367976054e+45,3.5534838213303714e+45,1.7767419106651857e+45,-3.104340092242517e+45,8.204431365837728e+45,"two-sided paired Student t, df=3",NO_RESOLVED_DIFFERENCE,D:\PhD-Project\GP_RKHS_MINT\GP_RKHS_MINT\Tully_models\GP_MInt_QCLE_Reviewer_Ready_Pipeline_v4\output\fixed_pipeline\final_reviewer_closure\physical_comparison\observable_errors_by_seed.csv
observable,QCLE,100.0,R_mean,E_RMS,4,"[11,29,47,73]","[421.7776268876147,2.6043644566634936,2.3499844874260463,5.665042599255677]",108.09925460774,209.12434021009096,104.56217010504548,-224.66423731556662,440.8627465310466,"two-sided paired Student t, df=3",NO_RESOLVED_DIFFERENCE,D:\PhD-Project\GP_RKHS_MINT\GP_RKHS_MINT\Tully_models\GP_MInt_QCLE_Reviewer_Ready_Pipeline_v4\output\fixed_pipeline\final_reviewer_closure\physical_comparison\observable_errors_by_seed.csv
observable,QCLE,100.0,R_mean,E_infinity,4,"[11,29,47,73]","[20594.647189355353,64.9935556138146,61.18430243463988,164.7835789394463]",5221.402156585813,10248.942258266627,5124.471129133313,-11086.952054860374,21529.756368032,"two-sided paired Student t, df=3",NO_RESOLVED_DIFFERENCE,D:\PhD-Project\GP_RKHS_MINT\GP_RKHS_MINT\Tully_models\GP_MInt_QCLE_Reviewer_Ready_Pipeline_v4\output\fixed_pipeline\final_reviewer_closure\physical_comparison\observable_errors_by_seed.csv
observable,QCLE,100.0,R_var,E_RMS,4,"[11,29,47,73]","[1.1825858384984202e+25,1.327508831234584e+43,1.6291910690866038e+42,5.0458457996924994e+29]",3.7260698453582374e+42,6.412171947949745e+42,3.206085973974872e+42,-6.477126616941792e+42,1.3929266307658265e+43,"two-sided paired Student t, df=3",NO_RESOLVED_DIFFERENCE,D:\PhD-Project\GP_RKHS_MINT\GP_RKHS_MINT\Tully_models\GP_MInt_QCLE_Reviewer_Ready_Pipeline_v4\output\fixed_pipeline\final_reviewer_closure\physical_comparison\observable_errors_by_seed.csv
observable,QCLE,100.0,R_var,E_infinity,4,"[11,29,47,73]","[4.039919077722599e+25,4.633877988326877e+43,5.854437008574839e+42,1.6078227779141974e+30]",1.3048304222961305e+43,2.2364584960584493e+43,1.1182292480292247e+43,-2.2538741165552753e+43,4.863534961147537e+43,"two-sided paired Student t, df=3",NO_RESOLVED_DIFFERENCE,D:\PhD-Project\GP_RKHS_MINT\GP_RKHS_MINT\Tully_models\GP_MInt_QCLE_Reviewer_Ready_Pipeline_v4\output\fixed_pipeline\final_reviewer_closure\physical_comparison\observable_errors_by_seed.csv
observable,QCLE,100.0,energy,E_RMS,4,"[11,29,47,73]","[17.489507906372882,0.30599959261462284,0.22408559790018165,0.33035914894266466]",4.587488061457588,8.601466681602867,4.300733340801433,-9.09936486898878,18.274340991903955,"two-sided paired Student t, df=3",NO_RESOLVED_DIFFERENCE,D:\PhD-Project\GP_RKHS_MINT\GP_RKHS_MINT\Tully_models\GP_MInt_QCLE_Reviewer_Ready_Pipeline_v4\output\fixed_pipeline\final_reviewer_closure\physical_comparison\observable_errors_by_seed.csv
observable,QCLE,100.0,energy,E_infinity,4,"[11,29,47,73]","[854.4976967023488,7.981053129430069,9.280665577964626,9.228947329683368]",220.24709068485672,422.8341642143265,211.41708210716325,-452.57642114106454,893.070602510778,"two-sided paired Student t, df=3",NO_RESOLVED_DIFFERENCE,D:\PhD-Project\GP_RKHS_MINT\GP_RKHS_MINT\Tully_models\GP_MInt_QCLE_Reviewer_Ready_Pipeline_v4\output\fixed_pipeline\final_reviewer_closure\physical_comparison\observable_errors_by_seed.csv
observable,QCLE,100.0,trace,E_RMS,4,"[11,29,47,73]","[1.6515619462384216e-11,1.692588496403618e-13,1.2220047274572118e-13,3.668261893534979e-13]",4.29347624353095e-12,8.148784698308132e-12,4.074392349154066e-12,-8.673058634312876e-12,1.7260011121374774e-11,"two-sided paired Student t, df=3",NO_RESOLVED_DIFFERENCE,D:\PhD-Project\GP_RKHS_MINT\GP_RKHS_MINT\Tully_models\GP_MInt_QCLE_Reviewer_Ready_Pipeline_v4\output\fixed_pipeline\final_reviewer_closure\physical_comparison\observable_errors_by_seed.csv
observable,QCLE,100.0,trace,E_infinity,4,"[11,29,47,73]","[8.094283021620186e-10,2.561728607020086e-12,1.8950396807326797e-12,1.3668510767672615e-11]",2.0688839530436098e-10,4.017295631432865e-10,2.0086478157164325e-10,-4.323529866700456e-10,8.461297772787676e-10,"two-sided paired Student t, df=3",NO_RESOLVED_DIFFERENCE,D:\PhD-Project\GP_RKHS_MINT\GP_RKHS_MINT\Tully_models\GP_MInt_QCLE_Reviewer_Ready_Pipeline_v4\output\fixed_pipeline\final_reviewer_closure\physical_comparison\observable_errors_by_seed.csv
observable,TDSE,20.0,P0,E_RMS,4,"[11,29,47,73]","[0.057268590688370716,0.10483900010065755,0.22119404254059388,1.137648930775239]",0.3802376410262153,0.5096142812488378,0.2548071406244189,-0.4306724022140142,1.1911476842664448,"two-sided paired Student t, df=3",NO_RESOLVED_DIFFERENCE,D:\PhD-Project\GP_RKHS_MINT\GP_RKHS_MINT\Tully_models\GP_MInt_QCLE_Reviewer_Ready_Pipeline_v4\output\fixed_pipeline\final_reviewer_closure\physical_comparison\observable_errors_by_seed.csv
observable,TDSE,20.0,P0,E_infinity,4,"[11,29,47,73]","[0.3399936833298952,0.5228854057554013,3.4474744608403394,19.22667514289595]",5.8842571732053965,9.008166519686066,4.504083259843033,-8.449745955774763,20.218260302185556,"two-sided paired Student t, df=3",NO_RESOLVED_DIFFERENCE,D:\PhD-Project\GP_RKHS_MINT\GP_RKHS_MINT\Tully_models\GP_MInt_QCLE_Reviewer_Ready_Pipeline_v4\output\fixed_pipeline\final_reviewer_closure\physical_comparison\observable_errors_by_seed.csv
observable,TDSE,20.0,P1,E_RMS,4,"[11,29,47,73]","[0.05726859068873802,0.1048390000933871,0.22119404253383176,1.1376489307727105]",0.38023764102216684,0.5096142812495207,0.25480714062476034,-0.43067240221914926,1.191147684263483,"two-sided paired Student t, df=3",NO_RESOLVED_DIFFERENCE,D:\PhD-Project\GP_RKHS_MINT\GP_RKHS_MINT\Tully_models\GP_MInt_QCLE_Reviewer_Ready_Pipeline_v4\output\fixed_pipeline\final_reviewer_closure\physical_comparison\observable_errors_by_seed.csv
observable,TDSE,20.0,P1,E_infinity,4,"[11,29,47,73]","[0.3399936833305271,0.5228854057664012,3.4474744608360552,19.22667514290908]",5.884257173210516,9.008166519690624,4.504083259845312,-8.449745955776896,20.218260302197926,"two-sided paired Student t, df=3",NO_RESOLVED_DIFFERENCE,D:\PhD-Project\GP_RKHS_MINT\GP_RKHS_MINT\Tully_models\GP_MInt_QCLE_Reviewer_Ready_Pipeline_v4\output\fixed_pipeline\final_reviewer_closure\physical_comparison\observable_errors_by_seed.csv
observable,TDSE,20.0,P_mean,E_RMS,4,"[11,29,47,73]","[0.38174084141829234,1.1378809917066128,1.1116986062009626,12.164182858082151]",3.6988758243520046,5.6544079607942415,2.8272039803971207,-5.298549037347774,12.696300686051783,"two-sided paired Student t, df=3",NO_RESOLVED_DIFFERENCE,D:\PhD-Project\GP_RKHS_MINT\GP_RKHS_MINT\Tully_models\GP_MInt_QCLE_Reviewer_Ready_Pipeline_v4\output\fixed_pipeline\final_reviewer_closure\physical_comparison\observable_errors_by_seed.csv
observable,TDSE,20.0,P_mean,E_infinity,4,"[11,29,47,73]","[1.2802592460987334,1.8246068652995362,14.089165241813312,53.592915648288084]",17.696736750374917,24.650730025684034,12.325365012842017,-21.52807559602408,56.921549096773916,"two-sided paired Student t, df=3",NO_RESOLVED_DIFFERENCE,D:\PhD-Project\GP_RKHS_MINT\GP_RKHS_MINT\Tully_models\GP_MInt_QCLE_Reviewer_Ready_Pipeline_v4\output\fixed_pipeline\final_reviewer_closure\physical_comparison\observable_errors_by_seed.csv
observable,TDSE,20.0,P_var,E_RMS,4,"[11,29,47,73]","[14.896741979420097,65.5629327104259,257.8395780231445,59.08069585450463]",99.34498714187379,108.03468857134526,54.01734428567263,-72.56231060133305,271.2522848850806,"two-sided paired Student t, df=3",NO_RESOLVED_DIFFERENCE,D:\PhD-Project\GP_RKHS_MINT\GP_RKHS_MINT\Tully_models\GP_MInt_QCLE_Reviewer_Ready_Pipeline_v4\output\fixed_pipeline\final_reviewer_closure\physical_comparison\observable_errors_by_seed.csv
observable,TDSE,20.0,P_var,E_infinity,4,"[11,29,47,73]","[176.39301154712587,374.66925017883653,3129.5877680801486,192.43091417430105]",968.270235995103,1443.6818436141011,721.8409218070506,-1328.9497386127314,3265.4902106029376,"two-sided paired Student t, df=3",NO_RESOLVED_DIFFERENCE,D:\PhD-Project\GP_RKHS_MINT\GP_RKHS_MINT\Tully_models\GP_MInt_QCLE_Reviewer_Ready_Pipeline_v4\output\fixed_pipeline\final_reviewer_closure\physical_comparison\observable_errors_by_seed.csv
observable,TDSE,20.0,R_mean,E_RMS,4,"[11,29,47,73]","[0.0979070575351624,1.3171694130298472,0.6375720074212066,5.859049946985857]",1.9779246062430182,2.6350675139062547,1.3175337569531274,-2.2150558306597556,6.170905043145792,"two-sided paired Student t, df=3",NO_RESOLVED_DIFFERENCE,D:\PhD-Project\GP_RKHS_MINT\GP_RKHS_MINT\Tully_models\GP_MInt_QCLE_Reviewer_Ready_Pipeline_v4\output\fixed_pipeline\final_reviewer_closure\physical_comparison\observable_errors_by_seed.csv
observable,TDSE,20.0,R_mean,E_infinity,4,"[11,29,47,73]","[0.4050276192560346,2.4882272207224005,8.544573033052307,36.424860869955175]",11.96567218574648,16.667596271009135,8.333798135504567,-14.556192899574912,38.48753727106787,"two-sided paired Student t, df=3",NO_RESOLVED_DIFFERENCE,D:\PhD-Project\GP_RKHS_MINT\GP_RKHS_MINT\Tully_models\GP_MInt_QCLE_Reviewer_Ready_Pipeline_v4\output\fixed_pipeline\final_reviewer_closure\physical_comparison\observable_errors_by_seed.csv
observable,TDSE,20.0,R_var,E_RMS,4,"[11,29,47,73]","[0.7394240468061962,10.396357907819297,23.574797172620265,4.317730916253936]",9.757077510874923,10.03730743195848,5.01865371597924,-6.214518465044344,25.728673486794193,"two-sided paired Student t, df=3",NO_RESOLVED_DIFFERENCE,D:\PhD-Project\GP_RKHS_MINT\GP_RKHS_MINT\Tully_models\GP_MInt_QCLE_Reviewer_Ready_Pipeline_v4\output\fixed_pipeline\final_reviewer_closure\physical_comparison\observable_errors_by_seed.csv
observable,TDSE,20.0,R_var,E_infinity,4,"[11,29,47,73]","[2.159362943123881,35.008446563792475,68.4177383695123,8.505974173871357]",28.522880512575004,30.162746605910687,15.081373302955344,-19.472780234027947,76.51854125917795,"two-sided paired Student t, df=3",NO_RESOLVED_DIFFERENCE,D:\PhD-Project\GP_RKHS_MINT\GP_RKHS_MINT\Tully_models\GP_MInt_QCLE_Reviewer_Ready_Pipeline_v4\output\fixed_pipeline\final_reviewer_closure\physical_comparison\observable_errors_by_seed.csv
observable,TDSE,20.0,energy,E_RMS,4,"[11,29,47,73]","[0.004165125836440629,0.009635179970880833,0.012157027461922754,0.06832078394907358]",0.02356952930457945,0.030020087474183374,0.015010043737091687,-0.02419912892868318,0.07133818753784207,"two-sided paired Student t, df=3",NO_RESOLVED_DIFFERENCE,D:\PhD-Project\GP_RKHS_MINT\GP_RKHS_MINT\Tully_models\GP_MInt_QCLE_Reviewer_Ready_Pipeline_v4\output\fixed_pipeline\final_reviewer_closure\physical_comparison\observable_errors_by_seed.csv
observable,TDSE,20.0,energy,E_infinity,4,"[11,29,47,73]","[0.0063659812645845,0.023443179820513138,0.054689757888393954,0.2366348221010946]",0.08028343526864655,0.10613732791706844,0.05306866395853422,-0.08860473827256281,0.2491716088098559,"two-sided paired Student t, df=3",NO_RESOLVED_DIFFERENCE,D:\PhD-Project\GP_RKHS_MINT\GP_RKHS_MINT\Tully_models\GP_MInt_QCLE_Reviewer_Ready_Pipeline_v4\output\fixed_pipeline\final_reviewer_closure\physical_comparison\observable_errors_by_seed.csv
observable,TDSE,20.0,trace,E_RMS,4,"[11,29,47,73]","[-4.5151276024526513e-13,-5.81892991619188e-13,-8.387313564335757e-13,-3.1829698547577414e-12]",-1.2637767407639426e-12,1.289535317977955e-12,6.447676589889775e-13,-3.3157151948801975e-12,7.881617133523122e-13,"two-sided paired Student t, df=3",NO_RESOLVED_DIFFERENCE,D:\PhD-Project\GP_RKHS_MINT\GP_RKHS_MINT\Tully_models\GP_MInt_QCLE_Reviewer_Ready_Pipeline_v4\output\fixed_pipeline\final_reviewer_closure\physical_comparison\observable_errors_by_seed.csv
observable,TDSE,20.0,trace,E_infinity,4,"[11,29,47,73]","[-9.878764473114643e-13,-8.928413564035509e-13,-1.98641103565933e-12,5.1910697962398444e-12]",3.309852392163748e-13,3.2775954133359984e-12,1.6387977066679992e-12,-4.8844004674775225e-12,5.546370945910272e-12,"two-sided paired Student t, df=3",NO_RESOLVED_DIFFERENCE,D:\PhD-Project\GP_RKHS_MINT\GP_RKHS_MINT\Tully_models\GP_MInt_QCLE_Reviewer_Ready_Pipeline_v4\output\fixed_pipeline\final_reviewer_closure\physical_comparison\observable_errors_by_seed.csv
observable,TDSE,100.0,P0,E_RMS,4,"[11,29,47,73]","[197.373336522198,1.6793997645052126,3.516320328939684,3.086512078563283]",51.413892173551545,97.30945857624586,48.65472928812293,-103.4271712840413,206.25495563114438,"two-sided paired Student t, df=3",NO_RESOLVED_DIFFERENCE,D:\PhD-Project\GP_RKHS_MINT\GP_RKHS_MINT\Tully_models\GP_MInt_QCLE_Reviewer_Ready_Pipeline_v4\output\fixed_pipeline\final_reviewer_closure\physical_comparison\observable_errors_by_seed.csv
observable,TDSE,100.0,P0,E_infinity,4,"[11,29,47,73]","[9630.999318251535,48.349517387117025,152.532420050824,115.44293204035732]",2486.831046932459,4762.9740054497115,2381.4870027248558,-5092.123465971752,10065.78555983667,"two-sided paired Student t, df=3",NO_RESOLVED_DIFFERENCE,D:\PhD-Project\GP_RKHS_MINT\GP_RKHS_MINT\Tully_models\GP_MInt_QCLE_Reviewer_Ready_Pipeline_v4\output\fixed_pipeline\final_reviewer_closure\physical_comparison\observable_errors_by_seed.csv
observable,TDSE,100.0,P1,E_RMS,4,"[11,29,47,73]","[197.37333652218098,1.6793997645070455,3.5163203289402345,3.086512078563358]",51.4138921735479,97.30945857623693,48.65472928811847,-103.42717128403072,206.25495563112653,"two-sided paired Student t, df=3",NO_RESOLVED_DIFFERENCE,D:\PhD-Project\GP_RKHS_MINT\GP_RKHS_MINT\Tully_models\GP_MInt_QCLE_Reviewer_Ready_Pipeline_v4\output\fixed_pipeline\final_reviewer_closure\physical_comparison\observable_errors_by_seed.csv
observable,TDSE,100.0,P1,E_infinity,4,"[11,29,47,73]","[9630.99931825073,48.34951738712381,152.53242005082686,115.44293204035596]",2486.831046932259,4762.974005449307,2381.4870027246534,-5092.123465971308,10065.785559835826,"two-sided paired Student t, df=3",NO_RESOLVED_DIFFERENCE,D:\PhD-Project\GP_RKHS_MINT\GP_RKHS_MINT\Tully_models\GP_MInt_QCLE_Reviewer_Ready_Pipeline_v4\output\fixed_pipeline\final_reviewer_closure\physical_comparison\observable_errors_by_seed.csv
observable,TDSE,100.0,P_mean,E_RMS,4,"[11,29,47,73]","[558.9308316659558,6.084580262861074,4.738872533286939,7.5064789321222545]",144.3151908485565,276.41273704612826,138.20636852306413,-295.5191560244242,584.1495377215372,"two-sided paired Student t, df=3",NO_RESOLVED_DIFFERENCE,D:\PhD-Project\GP_RKHS_MINT\GP_RKHS_MINT\Tully_models\GP_MInt_QCLE_Reviewer_Ready_Pipeline_v4\output\fixed_pipeline\final_reviewer_closure\physical_comparison\observable_errors_by_seed.csv
observable,TDSE,100.0,P_mean,E_infinity,4,"[11,29,47,73]","[27321.793585511936,170.9750183418043,207.49991171592796,235.21799284775855]",6983.871627104357,13558.640163972277,6779.320081986139,-14590.950520151837,28558.69377436055,"two-sided paired Student t, df=3",NO_RESOLVED_DIFFERENCE,D:\PhD-Project\GP_RKHS_MINT\GP_RKHS_MINT\Tully_models\GP_MInt_QCLE_Reviewer_Ready_Pipeline_v4\output\fixed_pipeline\final_reviewer_closure\physical_comparison\observable_errors_by_seed.csv
observable,TDSE,100.0,P_var,E_RMS,4,"[11,29,47,73]","[9.016906627312686e+26,1.724431350921753e+45,3.295693295786324e+44,5.890462317402105e+31]",5.135001701251111e+44,8.221009119255897e+44,4.1105045596279486e+44,-7.946458347390969e+44,1.8216461749893192e+45,"two-sided paired Student t, df=3",NO_RESOLVED_DIFFERENCE,D:\PhD-Project\GP_RKHS_MINT\GP_RKHS_MINT\Tully_models\GP_MInt_QCLE_Reviewer_Ready_Pipeline_v4\output\fixed_pipeline\final_reviewer_closure\physical_comparison\observable_errors_by_seed.csv
observable,TDSE,100.0,P_var,E_infinity,4,"[11,29,47,73]","[2.3420014655874454e+27,7.536360019687204e+45,2.6638225275029883e+45,2.2962034572160047e+32]",2.5500456367976054e+45,3.5534838213303714e+45,1.7767419106651857e+45,-3.104340092242517e+45,8.204431365837728e+45,"two-sided paired Student t, df=3",NO_RESOLVED_DIFFERENCE,D:\PhD-Project\GP_RKHS_MINT\GP_RKHS_MINT\Tully_models\GP_MInt_QCLE_Reviewer_Ready_Pipeline_v4\output\fixed_pipeline\final_reviewer_closure\physical_comparison\observable_errors_by_seed.csv
observable,TDSE,100.0,R_mean,E_RMS,4,"[11,29,47,73]","[421.77762759556464,2.6043645326999587,2.349984477168224,5.665043539769206]",108.0992550363005,209.1243403994378,104.5621701997189,-224.66423718829918,440.8627472609002,"two-sided paired Student t, df=3",NO_RESOLVED_DIFFERENCE,D:\PhD-Project\GP_RKHS_MINT\GP_RKHS_MINT\Tully_models\GP_MInt_QCLE_Reviewer_Ready_Pipeline_v4\output\fixed_pipeline\final_reviewer_closure\physical_comparison\observable_errors_by_seed.csv
observable,TDSE,100.0,R_mean,E_infinity,4,"[11,29,47,73]","[20594.647194284833,64.99355174847899,61.18430227188622,164.7835778014724]",5221.402156526668,10248.942261594044,5124.471130797022,-11086.952060214182,21529.75637326752,"two-sided paired Student t, df=3",NO_RESOLVED_DIFFERENCE,D:\PhD-Project\GP_RKHS_MINT\GP_RKHS_MINT\Tully_models\GP_MInt_QCLE_Reviewer_Ready_Pipeline_v4\output\fixed_pipeline\final_reviewer_closure\physical_comparison\observable_errors_by_seed.csv
observable,TDSE,100.0,R_var,E_RMS,4,"[11,29,47,73]","[1.1825858384984202e+25,1.327508831234584e+43,1.6291910690866038e+42,5.0458457996924994e+29]",3.7260698453582374e+42,6.412171947949745e+42,3.206085973974872e+42,-6.477126616941792e+42,1.3929266307658265e+43,"two-sided paired Student t, df=3",NO_RESOLVED_DIFFERENCE,D:\PhD-Project\GP_RKHS_MINT\GP_RKHS_MINT\Tully_models\GP_MInt_QCLE_Reviewer_Ready_Pipeline_v4\output\fixed_pipeline\final_reviewer_closure\physical_comparison\observable_errors_by_seed.csv
observable,TDSE,100.0,R_var,E_infinity,4,"[11,29,47,73]","[4.039919077722599e+25,4.633877988326877e+43,5.854437008574839e+42,1.6078227779141974e+30]",1.3048304222961305e+43,2.2364584960584493e+43,1.1182292480292247e+43,-2.2538741165552753e+43,4.863534961147537e+43,"two-sided paired Student t, df=3",NO_RESOLVED_DIFFERENCE,D:\PhD-Project\GP_RKHS_MINT\GP_RKHS_MINT\Tully_models\GP_MInt_QCLE_Reviewer_Ready_Pipeline_v4\output\fixed_pipeline\final_reviewer_closure\physical_comparison\observable_errors_by_seed.csv
observable,TDSE,100.0,energy,E_RMS,4,"[11,29,47,73]","[17.489507898449748,0.30599958494235224,0.2240856021730606,0.3303591420609214]",4.587488056906521,8.60146667932715,4.300733339663575,-9.099364869918672,18.27434098373171,"two-sided paired Student t, df=3",NO_RESOLVED_DIFFERENCE,D:\PhD-Project\GP_RKHS_MINT\GP_RKHS_MINT\Tully_models\GP_MInt_QCLE_Reviewer_Ready_Pipeline_v4\output\fixed_pipeline\final_reviewer_closure\physical_comparison\observable_errors_by_seed.csv
observable,TDSE,100.0,energy,E_infinity,4,"[11,29,47,73]","[854.4976966709019,7.981053095828761,9.280665567888896,9.228947286861167]",220.2470906553702,422.8341642130251,211.41708210651254,-452.5764211684803,893.0706024792207,"two-sided paired Student t, df=3",NO_RESOLVED_DIFFERENCE,D:\PhD-Project\GP_RKHS_MINT\GP_RKHS_MINT\Tully_models\GP_MInt_QCLE_Reviewer_Ready_Pipeline_v4\output\fixed_pipeline\final_reviewer_closure\physical_comparison\observable_errors_by_seed.csv
observable,TDSE,100.0,trace,E_RMS,4,"[11,29,47,73]","[1.4296341354318004e-11,-1.4074036695614744e-13,-9.170563468983292e-14,-7.908705650801728e-14]",3.4962020740410016e-12,7.200141963551844e-12,3.600070981775922e-12,-7.960830520672871e-12,1.4953234668754875e-11,"two-sided paired Student t, df=3",NO_RESOLVED_DIFFERENCE,D:\PhD-Project\GP_RKHS_MINT\GP_RKHS_MINT\Tully_models\GP_MInt_QCLE_Reviewer_Ready_Pipeline_v4\output\fixed_pipeline\final_reviewer_closure\physical_comparison\observable_errors_by_seed.csv
observable,TDSE,100.0,trace,E_infinity,4,"[11,29,47,73]","[8.02297783764061e-10,-5.773159728050814e-15,7.106537580625627e-13,1.2336687227332277e-11]",2.0383483789743195e-10,3.9901539994669913e-10,1.9950769997334957e-10,-4.310877047585156e-10,8.387573805533795e-10,"two-sided paired Student t, df=3",NO_RESOLVED_DIFFERENCE,D:\PhD-Project\GP_RKHS_MINT\GP_RKHS_MINT\Tully_models\GP_MInt_QCLE_Reviewer_Ready_Pipeline_v4\output\fixed_pipeline\final_reviewer_closure\physical_comparison\observable_errors_by_seed.csv
