l2_regularization,N,seed,query_type,query_count,training_cloud_sha256,query_sha256,cholesky_jitter,cholesky_adaptive_jitter,cholesky_attempts,minimum_eigenvalue_estimate,sigma_n,sigma_f,lengthscales,input_scaling,hyperparameter_policy,dtype,source_file,density_relative_l1,density_relative_l2,density_relative_linf,density_mae,density_rmse,density_linf,density_denominator_floor,density_denominator_floor_used,gradient_relative_l1,gradient_relative_l2,gradient_relative_linf,gradient_mae,gradient_rmse,gradient_linf,gradient_denominator_floor,gradient_denominator_floor_used,Q_relative_l1,Q_relative_l2,Q_relative_linf,Q_mae,Q_rmse,Q_linf,Q_denominator_floor,Q_denominator_floor_used
0.01,1200,123,on_support,1200,063dfb601e1fcdb05f8a984a20babe1c2cfd2500e2b6e7f88219647663ee7c19,063dfb601e1fcdb05f8a984a20babe1c2cfd2500e2b6e7f88219647663ee7c19,1e-06,0.0,1,-19.08326522841123,0.03251516748515596,0.16363957131034776,"[1.5643739234998741,0.8629795282547227,7.38905609893065,5.593972131171963,7.38905609893065,7.38905609893065]","{""feature_mean"":[0.021292919527461006,7.997690622613166,0.01685556900526456,-0.010193748603908091,-0.004408388969852505,0.024972323665839388],""feature_std"":[1.203733819345466,0.7172602437911223,0.7073684895168386,0.7072309940210134,0.6922632345763019,0.6945141587299525],""feature_zscore"":false}","optimized once, then frozen",float64,D:\PhD-Project\GP_RKHS_MINT\GP_RKHS_MINT\Tully_models\GP_MInt_QCLE_Reviewer_Ready_Pipeline_v4\output\fixed_pipeline\final_reviewer_closure\manufactured\runs\l2_0p01\N1200_seed123\manufactured_operator_metrics.json,0.009014161511795103,0.009815349488086466,0.009579274903047823,8.186420200821907e-05,0.00014183180460663623,0.0008381656024188389,1e-30,False,0.013810676619491943,0.012736127816438835,0.012227196516868306,0.00014077678413726885,0.00024854145605479497,0.0021306492198091345,1e-30,False,0.02495262869204841,0.022935938526581157,0.02343588001276242,2.2104965101948312e-06,3.775667965111755e-06,2.376403049354032e-05,1e-30,False
0.01,1200,123,off_support,1000,063dfb601e1fcdb05f8a984a20babe1c2cfd2500e2b6e7f88219647663ee7c19,74755e50778941d12afa91269ce2b0a85694b9973e6fa77068f68b3ada05440d,1e-06,0.0,1,-19.08326522841123,0.03251516748515596,0.16363957131034776,"[1.5643739234998741,0.8629795282547227,7.38905609893065,5.593972131171963,7.38905609893065,7.38905609893065]","{""feature_mean"":[0.021292919527461006,7.997690622613166,0.01685556900526456,-0.010193748603908091,-0.004408388969852505,0.024972323665839388],""feature_std"":[1.203733819345466,0.7172602437911223,0.7073684895168386,0.7072309940210134,0.6922632345763019,0.6945141587299525],""feature_zscore"":false}","optimized once, then frozen",float64,D:\PhD-Project\GP_RKHS_MINT\GP_RKHS_MINT\Tully_models\GP_MInt_QCLE_Reviewer_Ready_Pipeline_v4\output\fixed_pipeline\final_reviewer_closure\manufactured\runs\l2_0p01\N1200_seed123\manufactured_operator_metrics.json,0.009823010397274805,0.010643461132854274,0.012110770085217984,9.74009305770952e-05,0.00017140884825919892,0.0010601796182274394,1e-30,False,0.014702734411694717,0.013583339313505754,0.011987481349434668,0.00015065575828216492,0.0002663381454491612,0.002076504306886544,1e-30,False,0.025271122563462943,0.025524751969319998,0.028126583047727662,2.2239053916467484e-06,4.045188422463117e-06,2.594300995443317e-05,1e-30,False
0.01,1200,124,on_support,1200,84c54571cd30339851d8836cbec6ab268e03f106b35f510ece2d26dc911f99bb,84c54571cd30339851d8836cbec6ab268e03f106b35f510ece2d26dc911f99bb,1e-06,0.0,1,-32.86016295562632,0.027059165808945133,0.20962000316378118,"[1.5381247571705896,0.9523885465101812,7.38905609893065,6.8480584648463765,7.38905609893065,7.38905609893065]","{""feature_mean"":[0.06786861444000272,8.041491921635398,0.02757701948820919,-0.05046918177090491,0.0028189859267179697,0.008998377298969032],""feature_std"":[1.1658473211694584,0.6962215793416696,0.7241814394531741,0.7146316945476923,0.7026268603977887,0.7168810552692161],""feature_zscore"":false}","optimized once, then frozen",float64,D:\PhD-Project\GP_RKHS_MINT\GP_RKHS_MINT\Tully_models\GP_MInt_QCLE_Reviewer_Ready_Pipeline_v4\output\fixed_pipeline\final_reviewer_closure\manufactured\runs\l2_0p01\N1200_seed124\manufactured_operator_metrics.json,0.006885514751884934,0.007755660663467981,0.008671584462238017,6.138705380059586e-05,0.0001056145070158882,0.0006656283587343839,1e-30,False,0.011232554067595813,0.010164796933054464,0.011954149436633654,0.00011656053177460472,0.00020458317656005102,0.0020470839303156282,1e-30,False,0.023849713769539715,0.023823434351344173,0.030580651117097995,1.950988058230225e-06,3.389745104166711e-06,2.8174225060319832e-05,1e-30,False
0.01,1200,124,off_support,1000,84c54571cd30339851d8836cbec6ab268e03f106b35f510ece2d26dc911f99bb,ddd9abbe44e57e964cfd0efc3cd42cb2f84951523ff0013e50f234277223f8b2,1e-06,0.0,1,-32.86016295562632,0.027059165808945133,0.20962000316378118,"[1.5381247571705896,0.9523885465101812,7.38905609893065,6.8480584648463765,7.38905609893065,7.38905609893065]","{""feature_mean"":[0.06786861444000272,8.041491921635398,0.02757701948820919,-0.05046918177090491,0.0028189859267179697,0.008998377298969032],""feature_std"":[1.1658473211694584,0.6962215793416696,0.7241814394531741,0.7146316945476923,0.7026268603977887,0.7168810552692161],""feature_zscore"":false}","optimized once, then frozen",float64,D:\PhD-Project\GP_RKHS_MINT\GP_RKHS_MINT\Tully_models\GP_MInt_QCLE_Reviewer_Ready_Pipeline_v4\output\fixed_pipeline\final_reviewer_closure\manufactured\runs\l2_0p01\N1200_seed124\manufactured_operator_metrics.json,0.007524799562101869,0.008078197871557571,0.012581773618952753,7.097705030120235e-05,0.00011745052650494448,0.0010017144347863097,1e-30,False,0.0118276032326228,0.010919293319612075,0.01836483432915427,0.00012751447180598766,0.00022338601538874438,0.003080515645798796,1e-30,False,0.02377306434058742,0.023403220358968642,0.02595913789575458,2.122699817452588e-06,3.714950833971107e-06,2.5454153811298717e-05,1e-30,False
0.01,1200,125,on_support,1200,0d6d575ed969e8d3ec6c0a7f4778542dfd4957a2ac69df24ca2a997c7938d304,0d6d575ed969e8d3ec6c0a7f4778542dfd4957a2ac69df24ca2a997c7938d304,1e-06,0.0,1,-34.35134329651538,0.015328048667557838,0.219191351706272,"[1.4460591500369948,0.955398121708097,7.38905609893065,7.38905609893065,7.38905609893065,2.8358692624685005]","{""feature_mean"":[-0.047879552015777115,7.982687639651939,-0.010477301587018286,-0.015734500774684152,-0.028954983210416063,0.020190636319006215],""feature_std"":[1.1948074684188015,0.6684702685186628,0.7066859980249434,0.6893935596348596,0.6947640212359087,0.7075409012129575],""feature_zscore"":false}","optimized once, then frozen",float64,D:\PhD-Project\GP_RKHS_MINT\GP_RKHS_MINT\Tully_models\GP_MInt_QCLE_Reviewer_Ready_Pipeline_v4\output\fixed_pipeline\final_reviewer_closure\manufactured\runs\l2_0p01\N1200_seed125\manufactured_operator_metrics.json,0.004468481652253114,0.005385440142028569,0.00898574754242533,4.216659818264247e-05,7.817207570267394e-05,0.0006708908437732261,1e-30,False,0.007924312663567388,0.007458699347986119,0.011388115631740012,8.630780636176539e-05,0.00015577480108829538,0.0019013681238003368,1e-30,False,0.01767731155676635,0.01750464735882106,0.028068584195625527,1.5869074420811605e-06,2.752048287803473e-06,2.7389450838931188e-05,1e-30,False
0.01,1200,125,off_support,1000,0d6d575ed969e8d3ec6c0a7f4778542dfd4957a2ac69df24ca2a997c7938d304,53bd306308659107ffdf4b350db2bb9b81a166bb1e98f852097299673157298c,1e-06,0.0,1,-34.35134329651538,0.015328048667557838,0.219191351706272,"[1.4460591500369948,0.955398121708097,7.38905609893065,7.38905609893065,7.38905609893065,2.8358692624685005]","{""feature_mean"":[-0.047879552015777115,7.982687639651939,-0.010477301587018286,-0.015734500774684152,-0.028954983210416063,0.020190636319006215],""feature_std"":[1.1948074684188015,0.6684702685186628,0.7066859980249434,0.6893935596348596,0.6947640212359087,0.7075409012129575],""feature_zscore"":false}","optimized once, then frozen",float64,D:\PhD-Project\GP_RKHS_MINT\GP_RKHS_MINT\Tully_models\GP_MInt_QCLE_Reviewer_Ready_Pipeline_v4\output\fixed_pipeline\final_reviewer_closure\manufactured\runs\l2_0p01\N1200_seed125\manufactured_operator_metrics.json,0.005522432713093677,0.006212367673615907,0.010380266467236858,5.362539687429393e-05,9.544506753630995e-05,0.0007900301043430671,1e-30,False,0.008968953535494236,0.008309176650705836,0.010942934593586844,9.594567966143632e-05,0.00017009135939078312,0.001971090291767622,1e-30,False,0.019496496785926867,0.021020744748173358,0.026698035183210723,1.7172497405515646e-06,3.294729346213988e-06,2.6830465278601196e-05,1e-30,False
0.01,2400,123,on_support,2400,52acb3c94df8de09c0a48bda3f3958bc6d50b5a6272b5564ed87dbc286c4c46d,52acb3c94df8de09c0a48bda3f3958bc6d50b5a6272b5564ed87dbc286c4c46d,1e-06,0.0,1,-47.89149604157555,0.03091112543907174,0.18671352595752974,"[1.5594176301299298,0.9059853920256359,7.38905609893065,1.8211251435682827,7.38905609893065,7.38905609893065]","{""feature_mean"":[0.008666993432168243,8.001355712087076,0.012893195205570161,0.021474470189335088,0.0005433051865080755,-0.015082876849515104],""feature_std"":[1.2167955905988423,0.6928532998815441,0.7161772387587984,0.7070455152195663,0.7031212036969062,0.6907628194616069],""feature_zscore"":false}","optimized once, then frozen",float64,D:\PhD-Project\GP_RKHS_MINT\GP_RKHS_MINT\Tully_models\GP_MInt_QCLE_Reviewer_Ready_Pipeline_v4\output\fixed_pipeline\final_reviewer_closure\manufactured\runs\l2_0p01\N2400_seed123\manufactured_operator_metrics.json,0.0072314692991629174,0.007507373456128844,0.009441734076973077,6.854242470816669e-05,0.00011076898021270451,0.0008337410800235293,1e-30,False,0.012644056148802804,0.01119740394737859,0.011255436420976804,0.0001309476248274524,0.0002207346096576768,0.002088465385970218,1e-30,False,0.025725757675532517,0.024180785566209367,0.031540292616362375,2.3839250458677097e-06,4.175205605685952e-06,3.3701551567066564e-05,1e-30,False
0.01,2400,123,off_support,1000,52acb3c94df8de09c0a48bda3f3958bc6d50b5a6272b5564ed87dbc286c4c46d,e03a2ef220906743d2796effc45e1d642fe8fac6e4c32e943075254ffa15a45d,1e-06,0.0,1,-47.89149604157555,0.03091112543907174,0.18671352595752974,"[1.5594176301299298,0.9059853920256359,7.38905609893065,1.8211251435682827,7.38905609893065,7.38905609893065]","{""feature_mean"":[0.008666993432168243,8.001355712087076,0.012893195205570161,0.021474470189335088,0.0005433051865080755,-0.015082876849515104],""feature_std"":[1.2167955905988423,0.6928532998815441,0.7161772387587984,0.7070455152195663,0.7031212036969062,0.6907628194616069],""feature_zscore"":false}","optimized once, then frozen",float64,D:\PhD-Project\GP_RKHS_MINT\GP_RKHS_MINT\Tully_models\GP_MInt_QCLE_Reviewer_Ready_Pipeline_v4\output\fixed_pipeline\final_reviewer_closure\manufactured\runs\l2_0p01\N2400_seed123\manufactured_operator_metrics.json,0.00792408857803495,0.008146642411172272,0.007413902473680579,6.979831459382957e-05,0.00010769356033514364,0.0006080357824234228,1e-30,False,0.0132621618384783,0.011771855661725823,0.014063409132058297,0.00013321069130639522,0.0002210174134546131,0.002164787268461105,1e-30,False,0.024650446764386606,0.02355854130736273,0.030729200995402547,2.088559816196613e-06,3.60599976862921e-06,2.9645223384164917e-05,1e-30,False
0.01,2400,124,on_support,2400,28cf1ad45460244726c185dc43f531a64983e5032655533c03ff1516af012a0b,28cf1ad45460244726c185dc43f531a64983e5032655533c03ff1516af012a0b,1e-06,0.0,1,-67.32526811443796,0.018482104140847538,0.23990735648755107,"[1.6354682647326173,0.9015680097782128,7.38905609893065,1.2106276220776038,7.38905609893065,1.5159385585290948]","{""feature_mean"":[0.06949881147892181,7.998083275302627,-0.006441260620387233,0.006986472650267917,-0.001886679063334935,0.014374777290883548],""feature_std"":[1.17976729581399,0.7123228835317762,0.7127973925383655,0.7042119918458798,0.6880098160890806,0.7027765991315863],""feature_zscore"":false}","optimized once, then frozen",float64,D:\PhD-Project\GP_RKHS_MINT\GP_RKHS_MINT\Tully_models\GP_MInt_QCLE_Reviewer_Ready_Pipeline_v4\output\fixed_pipeline\final_reviewer_closure\manufactured\runs\l2_0p01\N2400_seed124\manufactured_operator_metrics.json,0.0045947980747524115,0.0053750938632851925,0.009975038619298054,4.271009341527041e-05,7.78546857681809e-05,0.0008333046821769816,1e-30,False,0.010008315873247272,0.009599094470923188,0.01881739429483641,0.00010484659509627509,0.00019040540100511243,0.0034102775488521545,1e-30,False,0.0227787750308067,0.020391401779828563,0.021787519452459443,2.0275362491818327e-06,3.239126166221292e-06,2.2868717194580415e-05,1e-30,False
0.01,2400,124,off_support,1000,28cf1ad45460244726c185dc43f531a64983e5032655533c03ff1516af012a0b,bdb318e424b7e2258c24820a8bc5616600eef7a62387b61b702263ea821aee17,1e-06,0.0,1,-67.32526811443796,0.018482104140847538,0.23990735648755107,"[1.6354682647326173,0.9015680097782128,7.38905609893065,1.2106276220776038,7.38905609893065,1.5159385585290948]","{""feature_mean"":[0.06949881147892181,7.998083275302627,-0.006441260620387233,0.006986472650267917,-0.001886679063334935,0.014374777290883548],""feature_std"":[1.17976729581399,0.7123228835317762,0.7127973925383655,0.7042119918458798,0.6880098160890806,0.7027765991315863],""feature_zscore"":false}","optimized once, then frozen",float64,D:\PhD-Project\GP_RKHS_MINT\GP_RKHS_MINT\Tully_models\GP_MInt_QCLE_Reviewer_Ready_Pipeline_v4\output\fixed_pipeline\final_reviewer_closure\manufactured\runs\l2_0p01\N2400_seed124\manufactured_operator_metrics.json,0.005893326880756869,0.007104604954297299,0.02096923176857672,5.576330808154707e-05,0.00010914731645132912,0.0019662472814611174,1e-30,False,0.011225936657131723,0.010746388736969512,0.014414942968333252,0.00011407283645596114,0.0002080885548249996,0.002709287784987885,1e-30,False,0.02190433991741812,0.018771079492312118,0.025944516245163283,2.003903684041065e-06,3.174270417785927e-06,3.1359599121816295e-05,1e-30,False
0.01,2400,125,on_support,2400,fbc1604f12aa3e9c72f530f4a9760c3fb821883bf5ee3d7a8ab55f9c2b6a0e2c,fbc1604f12aa3e9c72f530f4a9760c3fb821883bf5ee3d7a8ab55f9c2b6a0e2c,1e-06,0.0,1,-54.94882572005143,0.03231023135639343,0.19475428609251313,"[1.5526147444541505,0.9100840189553789,7.38905609893065,2.696233572666588,7.38905609893065,6.365370862954724]","{""feature_mean"":[-0.03877894202051924,8.006552377163368,0.005970439881620248,-0.008526303173244326,-0.016947164702391156,-0.011851988425964834],""feature_std"":[1.1706685509045993,0.6855543222276366,0.701057266233053,0.7022867354150167,0.704129305224102,0.7135394236170102],""feature_zscore"":false}","optimized once, then frozen",float64,D:\PhD-Project\GP_RKHS_MINT\GP_RKHS_MINT\Tully_models\GP_MInt_QCLE_Reviewer_Ready_Pipeline_v4\output\fixed_pipeline\final_reviewer_closure\manufactured\runs\l2_0p01\N2400_seed125\manufactured_operator_metrics.json,0.009616188451517139,0.009774071131291598,0.009924131051033142,9.165268977374083e-05,0.00014560538916453964,0.0008725750636921908,1e-30,False,0.014676545423325199,0.012982079387809372,0.014011470094160096,0.00015340925753394287,0.00025660528300377284,0.002586839718003133,1e-30,False,0.02314118714710277,0.021481040901738278,0.030386870427717826,1.987548280827805e-06,3.396953993019492e-06,3.492926885056931e-05,1e-30,False
0.01,2400,125,off_support,1000,fbc1604f12aa3e9c72f530f4a9760c3fb821883bf5ee3d7a8ab55f9c2b6a0e2c,4afaf8664aa447826f36ddb8b5d70b653991013046573a4a0dc1a9dd569cb20c,1e-06,0.0,1,-54.94882572005143,0.03231023135639343,0.19475428609251313,"[1.5526147444541505,0.9100840189553789,7.38905609893065,2.696233572666588,7.38905609893065,6.365370862954724]","{""feature_mean"":[-0.03877894202051924,8.006552377163368,0.005970439881620248,-0.008526303173244326,-0.016947164702391156,-0.011851988425964834],""feature_std"":[1.1706685509045993,0.6855543222276366,0.701057266233053,0.7022867354150167,0.704129305224102,0.7135394236170102],""feature_zscore"":false}","optimized once, then frozen",float64,D:\PhD-Project\GP_RKHS_MINT\GP_RKHS_MINT\Tully_models\GP_MInt_QCLE_Reviewer_Ready_Pipeline_v4\output\fixed_pipeline\final_reviewer_closure\manufactured\runs\l2_0p01\N2400_seed125\manufactured_operator_metrics.json,0.010150346115963866,0.010030700972419518,0.011969871498807497,9.071737098097433e-05,0.00014219236467833142,0.0008556569225123059,1e-30,False,0.015329291668903582,0.013458024848450182,0.013507202106736022,0.00015534455080510606,0.0002611933392575164,0.0023669471608615336,1e-30,False,0.022784352682653015,0.022217722802507073,0.0292016757531568,2.0541491572238935e-06,3.7655277566607256e-06,3.4607480060919e-05,1e-30,False
0.01,300,123,on_support,300,c45fba6bf420fb60bb34b12579ecafe75a74b0af93ca6801707410ff141cedb0,c45fba6bf420fb60bb34b12579ecafe75a74b0af93ca6801707410ff141cedb0,1e-06,0.0,1,-6.477774178321286,0.005984471557240966,0.18901260873630849,"[1.548377113242092,0.9157838192730341,7.38905609893065,7.38905609893065,7.38905609893065,7.38905609893065]","{""feature_mean"":[0.04759697488458991,7.989469426809722,-0.0005447535597074186,-0.0012090728669985245,0.059451046656329505,0.0014827768812384246],""feature_std"":[1.1610560062248145,0.7290157997553681,0.7263139508623327,0.7427902500413278,0.7262883191985822,0.7167859486939718],""feature_zscore"":false}","optimized once, then frozen",float64,D:\PhD-Project\GP_RKHS_MINT\GP_RKHS_MINT\Tully_models\GP_MInt_QCLE_Reviewer_Ready_Pipeline_v4\output\fixed_pipeline\final_reviewer_closure\manufactured\runs\l2_0p01\N300_seed123\manufactured_operator_metrics.json,0.002653370017850547,0.0033690699255295047,0.005673160353528039,2.3224686603762293e-05,4.475718251814654e-05,0.000275931113656383,1e-30,False,0.006114691384334275,0.0059127163891407545,0.006971883362935336,5.9729412653185274e-05,0.00011021732765412191,0.0012016219630704428,1e-30,False,0.013329517505870046,0.0129077213210599,0.013306272631208727,1.276266263136966e-06,2.2847610352814004e-06,1.5787420554752552e-05,1e-30,False
0.01,300,123,off_support,1000,c45fba6bf420fb60bb34b12579ecafe75a74b0af93ca6801707410ff141cedb0,8adc42623eaf38b3b694339ffb761a5904da2b3aec04090b9cc03b8ae4c8ac46,1e-06,0.0,1,-6.477774178321286,0.005984471557240966,0.18901260873630849,"[1.548377113242092,0.9157838192730341,7.38905609893065,7.38905609893065,7.38905609893065,7.38905609893065]","{""feature_mean"":[0.04759697488458991,7.989469426809722,-0.0005447535597074186,-0.0012090728669985245,0.059451046656329505,0.0014827768812384246],""feature_std"":[1.1610560062248145,0.7290157997553681,0.7263139508623327,0.7427902500413278,0.7262883191985822,0.7167859486939718],""feature_zscore"":false}","optimized once, then frozen",float64,D:\PhD-Project\GP_RKHS_MINT\GP_RKHS_MINT\Tully_models\GP_MInt_QCLE_Reviewer_Ready_Pipeline_v4\output\fixed_pipeline\final_reviewer_closure\manufactured\runs\l2_0p01\N300_seed123\manufactured_operator_metrics.json,0.004833241546374269,0.0054201951449428095,0.006267333560468973,4.4585657166433495e-05,7.700214573636999e-05,0.0005017507209821772,1e-30,False,0.00708094948007415,0.007364524795405411,0.02293060295976302,7.344906520576719e-05,0.00014434694397280314,0.003663142371732862,1e-30,False,0.01580795834511809,0.017374017446630995,0.03428965328233333,1.4063990389914274e-06,2.7734670712581814e-06,3.418029812291023e-05,1e-30,False
0.01,300,124,on_support,300,c0383c6f3086c82b982427a104090a5c67cac1eb0faa370362913cc4cec55f79,c0383c6f3086c82b982427a104090a5c67cac1eb0faa370362913cc4cec55f79,1e-06,0.0,1,-21.344674937173025,0.0023840859290289573,0.36343142482558877,"[1.6325640964209673,1.0063151519531015,7.38905609893065,7.38905609893065,7.38905609893065,1.091904925971035]","{""feature_mean"":[0.030550621972160148,8.090922531484313,0.04461459321554819,0.04032919692168462,-0.00794280311991451,0.03665711910977057],""feature_std"":[1.1555530912821674,0.707381735555048,0.6841114382108242,0.7152870455434626,0.6851473072829103,0.6992322257187967],""feature_zscore"":false}","optimized once, then frozen",float64,D:\PhD-Project\GP_RKHS_MINT\GP_RKHS_MINT\Tully_models\GP_MInt_QCLE_Reviewer_Ready_Pipeline_v4\output\fixed_pipeline\final_reviewer_closure\manufactured\runs\l2_0p01\N300_seed124\manufactured_operator_metrics.json,0.0008308843525076209,0.0011652815072536338,0.002461044439958981,8.021246626494658e-06,1.7295586870419967e-05,0.00018274241835793993,1e-30,False,0.01201571991674418,0.017481754757972343,0.027238106223851893,0.00012514583734236895,0.0003336215381838141,0.0040885870588945935,1e-30,False,0.037950647079036226,0.05103837912541032,0.07264642376128327,4.1868946616256775e-06,9.94823642589137e-06,7.110053102388133e-05,1e-30,False
0.01,300,124,off_support,1000,c0383c6f3086c82b982427a104090a5c67cac1eb0faa370362913cc4cec55f79,7a44f90bc40522438a15e0471bb8c741a765a58c3f0c269db8b897ddf3320707,1e-06,0.0,1,-21.344674937173025,0.0023840859290289573,0.36343142482558877,"[1.6325640964209673,1.0063151519531015,7.38905609893065,7.38905609893065,7.38905609893065,1.091904925971035]","{""feature_mean"":[0.030550621972160148,8.090922531484313,0.04461459321554819,0.04032919692168462,-0.00794280311991451,0.03665711910977057],""feature_std"":[1.1555530912821674,0.707381735555048,0.6841114382108242,0.7152870455434626,0.6851473072829103,0.6992322257187967],""feature_zscore"":false}","optimized once, then frozen",float64,D:\PhD-Project\GP_RKHS_MINT\GP_RKHS_MINT\Tully_models\GP_MInt_QCLE_Reviewer_Ready_Pipeline_v4\output\fixed_pipeline\final_reviewer_closure\manufactured\runs\l2_0p01\N300_seed124\manufactured_operator_metrics.json,0.008398002109299054,0.016854976565173756,0.04919431929104799,7.630428372080272e-05,0.00023408980403646657,0.004423410410740885,1e-30,False,0.014741456741762686,0.02353975212371024,0.07064008795736704,0.00015389568894701465,0.0004670824173392817,0.012995177480554392,1e-30,False,0.039905244776438545,0.07617850842627873,0.30255628298756865,3.609562822783161e-06,1.20646307486828e-05,0.00028342954011416403,1e-30,False
0.01,300,125,on_support,300,610edbc51b0438eac56eefbee5853185fbbb72ebde05cda21d0b66f0c81e684d,610edbc51b0438eac56eefbee5853185fbbb72ebde05cda21d0b66f0c81e684d,1e-06,0.0,1,-6.0979809246770005,0.00033546262790251185,0.18362543257784858,"[1.484092318831389,0.9253678087807093,7.38905609893065,7.38905609893065,7.38905609893065,7.38905609893065]","{""feature_mean"":[-0.03659904623830572,7.956528165389306,-0.05517061448655018,-0.01591777408187703,-0.007896610332845415,-0.054175943281553396],""feature_std"":[1.181539747716021,0.7014523522101572,0.7098815204626301,0.6794975743883875,0.7007869176854482,0.679827069800108],""feature_zscore"":false}","optimized once, then frozen",float64,D:\PhD-Project\GP_RKHS_MINT\GP_RKHS_MINT\Tully_models\GP_MInt_QCLE_Reviewer_Ready_Pipeline_v4\output\fixed_pipeline\final_reviewer_closure\manufactured\runs\l2_0p01\N300_seed125\manufactured_operator_metrics.json,0.00019087261214091968,0.00023417101637370806,0.00026312231987975855,1.9328195212225095e-06,3.636256467168968e-06,1.987524962208942e-05,1e-30,False,0.0010230413775265525,0.001368993406716974,0.0042544684578320925,1.1318389386762857e-05,2.8407905383655113e-05,0.0007471517158336647,1e-30,False,0.0034310199806206285,0.0035875450695752836,0.005178027577646227,3.0307031264511225e-07,5.463186873777681e-07,4.12813967850536e-06,1e-30,False
0.01,300,125,off_support,1000,610edbc51b0438eac56eefbee5853185fbbb72ebde05cda21d0b66f0c81e684d,cee255d44780b7999981dd09ddde99ab4e5c07255c7e9c02c1842748d2e9c992,1e-06,0.0,1,-6.0979809246770005,0.00033546262790251185,0.18362543257784858,"[1.484092318831389,0.9253678087807093,7.38905609893065,7.38905609893065,7.38905609893065,7.38905609893065]","{""feature_mean"":[-0.03659904623830572,7.956528165389306,-0.05517061448655018,-0.01591777408187703,-0.007896610332845415,-0.054175943281553396],""feature_std"":[1.181539747716021,0.7014523522101572,0.7098815204626301,0.6794975743883875,0.7007869176854482,0.679827069800108],""feature_zscore"":false}","optimized once, then frozen",float64,D:\PhD-Project\GP_RKHS_MINT\GP_RKHS_MINT\Tully_models\GP_MInt_QCLE_Reviewer_Ready_Pipeline_v4\output\fixed_pipeline\final_reviewer_closure\manufactured\runs\l2_0p01\N300_seed125\manufactured_operator_metrics.json,0.0007854080984391942,0.0009149794956974253,0.0016454986311057373,7.665786277354125e-06,1.3729444996072746e-05,0.00011689155870586872,1e-30,False,0.001420551120329707,0.0017944826923061556,0.005640735184408186,1.547731165266774e-05,3.6699098804080927e-05,0.0009016302191332722,1e-30,False,0.0039343975283261615,0.004737009342440133,0.008884326381916689,3.4212944399269397e-07,7.537821309272118e-07,8.676272443161872e-06,1e-30,False
0.01,600,123,on_support,600,c75a98c378d8daa8a21f3eeaf2326ae111edd5efcf2c41b447afe111115978dd,c75a98c378d8daa8a21f3eeaf2326ae111edd5efcf2c41b447afe111115978dd,1e-06,0.0,1,-18.77506662374714,0.011853622661112324,0.23393018370615432,"[1.6203689335045293,0.9559500755392283,7.38905609893065,1.5809088223096242,7.38905609893065,7.38905609893065]","{""feature_mean"":[0.014772281850630896,8.01622457503583,-0.0020064135787936023,-0.05090080030567341,-0.0022932162837789555,0.04332549971910421],""feature_std"":[1.2066605705309643,0.7004459732246725,0.7010537538546806,0.7219505155681277,0.7093321180284013,0.7079536762707976],""feature_zscore"":false}","optimized once, then frozen",float64,D:\PhD-Project\GP_RKHS_MINT\GP_RKHS_MINT\Tully_models\GP_MInt_QCLE_Reviewer_Ready_Pipeline_v4\output\fixed_pipeline\final_reviewer_closure\manufactured\runs\l2_0p01\N600_seed123\manufactured_operator_metrics.json,0.0037341743785821824,0.004975844171528892,0.00874328880931378,3.660072973969269e-05,7.477070576287593e-05,0.0007163580793159222,1e-30,False,0.008205481453951377,0.008974088085558394,0.0153033706120161,8.320890884115229e-05,0.00016880159175598362,0.0025775276597930913,1e-30,False,0.016242500993130536,0.017239541978799587,0.02080865972346109,1.597980603198167e-06,3.150686597622433e-06,2.318861973728682e-05,1e-30,False
0.01,600,123,off_support,1000,c75a98c378d8daa8a21f3eeaf2326ae111edd5efcf2c41b447afe111115978dd,3c80c86f1602d410ec2f1286ebb61f63eee9258766b45ab1801c407195b87761,1e-06,0.0,1,-18.77506662374714,0.011853622661112324,0.23393018370615432,"[1.6203689335045293,0.9559500755392283,7.38905609893065,1.5809088223096242,7.38905609893065,7.38905609893065]","{""feature_mean"":[0.014772281850630896,8.01622457503583,-0.0020064135787936023,-0.05090080030567341,-0.0022932162837789555,0.04332549971910421],""feature_std"":[1.2066605705309643,0.7004459732246725,0.7010537538546806,0.7219505155681277,0.7093321180284013,0.7079536762707976],""feature_zscore"":false}","optimized once, then frozen",float64,D:\PhD-Project\GP_RKHS_MINT\GP_RKHS_MINT\Tully_models\GP_MInt_QCLE_Reviewer_Ready_Pipeline_v4\output\fixed_pipeline\final_reviewer_closure\manufactured\runs\l2_0p01\N600_seed123\manufactured_operator_metrics.json,0.005677610607613311,0.008041848720008392,0.02014455106587409,5.4172203097072786e-05,0.00011623631960782899,0.00140665625559162,1e-30,False,0.008947165990184192,0.009074605572574293,0.013152303084614542,9.504409387471373e-05,0.00018523880987404866,0.0022578170817029383,1e-30,False,0.01869218157111479,0.020337275678507162,0.035392012753172865,1.7501262645036278e-06,3.4944920570440034e-06,3.883302690224616e-05,1e-30,False
0.01,600,124,on_support,600,67097a26380b9722f6cbb7f939d9701c1852ac242c9eb45c94251779bd1c9690,67097a26380b9722f6cbb7f939d9701c1852ac242c9eb45c94251779bd1c9690,1e-06,0.0,1,-13.556994561795797,0.03837437454063742,0.19513982129389348,"[1.5094796509316102,0.873503201940007,7.38905609893065,7.38905609893065,7.38905609893065,6.743662807986576]","{""feature_mean"":[0.09320890940120477,8.02480818636264,0.04382458795311267,-0.008735393643321234,0.021301301049838756,-0.010068082669509553],""feature_std"":[1.1861040788681612,0.6677250321468454,0.7158596642833427,0.7524022970914289,0.6815266837693887,0.7161174576368715],""feature_zscore"":false}","optimized once, then frozen",float64,D:\PhD-Project\GP_RKHS_MINT\GP_RKHS_MINT\Tully_models\GP_MInt_QCLE_Reviewer_Ready_Pipeline_v4\output\fixed_pipeline\final_reviewer_closure\manufactured\runs\l2_0p01\N600_seed124\manufactured_operator_metrics.json,0.011756586501503102,0.013332802045887266,0.013358453550277774,0.00010724976952882627,0.0001885919530306893,0.000987064797213319,1e-30,False,0.018775884700721956,0.01840654967627262,0.017980344832662056,0.00019440226970436194,0.0003560109703852138,0.0028211618735857896,1e-30,False,0.04056336356578024,0.04229642052404612,0.03666428339859206,3.866622169663188e-06,7.350710874363447e-06,4.034004938614644e-05,1e-30,False
0.01,600,124,off_support,1000,67097a26380b9722f6cbb7f939d9701c1852ac242c9eb45c94251779bd1c9690,57baeefa7c6bbada2ae98403cdcf6721261aa9193c8c89aaaa9d85d0b85d1119,1e-06,0.0,1,-13.556994561795797,0.03837437454063742,0.19513982129389348,"[1.5094796509316102,0.873503201940007,7.38905609893065,7.38905609893065,7.38905609893065,6.743662807986576]","{""feature_mean"":[0.09320890940120477,8.02480818636264,0.04382458795311267,-0.008735393643321234,0.021301301049838756,-0.010068082669509553],""feature_std"":[1.1861040788681612,0.6677250321468454,0.7158596642833427,0.7524022970914289,0.6815266837693887,0.7161174576368715],""feature_zscore"":false}","optimized once, then frozen",float64,D:\PhD-Project\GP_RKHS_MINT\GP_RKHS_MINT\Tully_models\GP_MInt_QCLE_Reviewer_Ready_Pipeline_v4\output\fixed_pipeline\final_reviewer_closure\manufactured\runs\l2_0p01\N600_seed124\manufactured_operator_metrics.json,0.01355609334530445,0.015261311010205824,0.014672532340276961,0.00012291949740569964,0.00021430851316196666,0.0012183260373492544,1e-30,False,0.01926544435120485,0.01815478468262036,0.018648515276905215,0.00020410248277517518,0.00036640823529818505,0.0030132458608736717,1e-30,False,0.04307654975803405,0.045819965578920624,0.04512252457563743,3.872178761274543e-06,7.834486420518906e-06,5.205958136461251e-05,1e-30,False
0.01,600,125,on_support,600,94767ce9db8da478296f67e82a4b9078b44a637cd3b699cafbba1d2ae0d34582,94767ce9db8da478296f67e82a4b9078b44a637cd3b699cafbba1d2ae0d34582,1e-06,0.0,1,-21.164984971619702,0.00033546262790251185,0.28776968880600073,"[1.606463916192796,0.8362437595092911,7.38905609893065,7.38905609893065,7.38905609893065,0.689467585423319]","{""feature_mean"":[-0.055561095642607014,7.9765511617731075,-0.0250885163204771,-0.020110474354118914,0.009799868191807006,0.011868831257914735],""feature_std"":[1.1922115762013012,0.6984532644019598,0.681983657403424,0.668666197136049,0.6861356225664703,0.6889013313435153],""feature_zscore"":false}","optimized once, then frozen",float64,D:\PhD-Project\GP_RKHS_MINT\GP_RKHS_MINT\Tully_models\GP_MInt_QCLE_Reviewer_Ready_Pipeline_v4\output\fixed_pipeline\final_reviewer_closure\manufactured\runs\l2_0p01\N600_seed125\manufactured_operator_metrics.json,0.00015276137921276436,0.00019271469494562058,0.00022570102959187165,1.4869385907827695e-06,2.9236548007758267e-06,1.9560148621845797e-05,1e-30,False,0.0038450736299389617,0.007032814669518317,0.02653067401801288,4.167845016925688e-05,0.00014632086123576667,0.00489027902262129,1e-30,False,0.02346269802425681,0.031793862674549596,0.07934014498579503,2.1921218867902683e-06,5.140768967759302e-06,6.570019318089629e-05,1e-30,False
0.01,600,125,off_support,1000,94767ce9db8da478296f67e82a4b9078b44a637cd3b699cafbba1d2ae0d34582,36bc8167776e04d401f98c5d3d972aab0eb0c4a1e2f8198db5a886b6c29b8723,1e-06,0.0,1,-21.164984971619702,0.00033546262790251185,0.28776968880600073,"[1.606463916192796,0.8362437595092911,7.38905609893065,7.38905609893065,7.38905609893065,0.689467585423319]","{""feature_mean"":[-0.055561095642607014,7.9765511617731075,-0.0250885163204771,-0.020110474354118914,0.009799868191807006,0.011868831257914735],""feature_std"":[1.1922115762013012,0.6984532644019598,0.681983657403424,0.668666197136049,0.6861356225664703,0.6889013313435153],""feature_zscore"":false}","optimized once, then frozen",float64,D:\PhD-Project\GP_RKHS_MINT\GP_RKHS_MINT\Tully_models\GP_MInt_QCLE_Reviewer_Ready_Pipeline_v4\output\fixed_pipeline\final_reviewer_closure\manufactured\runs\l2_0p01\N600_seed125\manufactured_operator_metrics.json,0.0027820703895879884,0.004539233835823754,0.010443488441776021,2.6427051696516872e-05,6.6264956336702e-05,0.0008294095839010126,1e-30,False,0.005309437069499695,0.008971380389595494,0.038388343435419824,5.5430915810096645e-05,0.00017584869270655855,0.006496764451218213,1e-30,False,0.023775956200326936,0.02429957184649351,0.03914043451186093,2.0737831823410952e-06,3.928177266967718e-06,3.727809397715648e-05,1e-30,False
0.05,1200,123,on_support,1200,063dfb601e1fcdb05f8a984a20babe1c2cfd2500e2b6e7f88219647663ee7c19,063dfb601e1fcdb05f8a984a20babe1c2cfd2500e2b6e7f88219647663ee7c19,1e-06,0.0,1,-21.202206249771734,0.03202075692624527,0.17359666127233886,"[1.5518186780909984,0.8458297771619943,7.38905609893065,5.0999285426452285,7.38905609893065,7.38905609893065]","{""feature_mean"":[0.021292919527461006,7.997690622613166,0.01685556900526456,-0.010193748603908091,-0.004408388969852505,0.024972323665839388],""feature_std"":[1.203733819345466,0.7172602437911223,0.7073684895168386,0.7072309940210134,0.6922632345763019,0.6945141587299525],""feature_zscore"":false}","optimized once, then frozen",float64,D:\PhD-Project\GP_RKHS_MINT\GP_RKHS_MINT\Tully_models\GP_MInt_QCLE_Reviewer_Ready_Pipeline_v4\output\fixed_pipeline\final_reviewer_closure\manufactured\runs\l2_0p05\N1200_seed123\manufactured_operator_metrics.json,0.00894313925240333,0.009740393872897107,0.00928245839662933,8.121919685911893e-05,0.0001407486959327565,0.0008121948072983276,1e-30,False,0.013880319322041708,0.012786116035425272,0.01295093718795737,0.00014148667518560075,0.00024951696014140115,0.002256764596631017,1e-30,False,0.025248790501756345,0.022827448913949458,0.02232648921039735,2.236732809980793e-06,3.757808623777796e-06,2.2639105940150395e-05,1e-30,False
0.05,1200,123,off_support,1000,063dfb601e1fcdb05f8a984a20babe1c2cfd2500e2b6e7f88219647663ee7c19,74755e50778941d12afa91269ce2b0a85694b9973e6fa77068f68b3ada05440d,1e-06,0.0,1,-21.202206249771734,0.03202075692624527,0.17359666127233886,"[1.5518186780909984,0.8458297771619943,7.38905609893065,5.0999285426452285,7.38905609893065,7.38905609893065]","{""feature_mean"":[0.021292919527461006,7.997690622613166,0.01685556900526456,-0.010193748603908091,-0.004408388969852505,0.024972323665839388],""feature_std"":[1.203733819345466,0.7172602437911223,0.7073684895168386,0.7072309940210134,0.6922632345763019,0.6945141587299525],""feature_zscore"":false}","optimized once, then frozen",float64,D:\PhD-Project\GP_RKHS_MINT\GP_RKHS_MINT\Tully_models\GP_MInt_QCLE_Reviewer_Ready_Pipeline_v4\output\fixed_pipeline\final_reviewer_closure\manufactured\runs\l2_0p05\N1200_seed123\manufactured_operator_metrics.json,0.00985425298562998,0.010695893063282964,0.012882847704888829,9.771071923213676e-05,0.00017225324433436714,0.0011277674718738126,1e-30,False,0.014809340473157571,0.013667129103794053,0.012190244783888183,0.0001517481276726088,0.0002679810711567427,0.002111627543590615,1e-30,False,0.025748581947497025,0.02571546081614075,0.02642354651837947,2.265922697992329e-06,4.075412152752363e-06,2.4372186596378204e-05,1e-30,False
0.05,1200,124,on_support,1200,84c54571cd30339851d8836cbec6ab268e03f106b35f510ece2d26dc911f99bb,84c54571cd30339851d8836cbec6ab268e03f106b35f510ece2d26dc911f99bb,1e-06,0.0,1,-30.576571193399005,0.027502650794710662,0.20417449935438337,"[1.520642306676904,0.9110612647152444,7.38905609893065,7.38905609893065,7.38905609893065,7.38905609893065]","{""feature_mean"":[0.06786861444000272,8.041491921635398,0.02757701948820919,-0.05046918177090491,0.0028189859267179697,0.008998377298969032],""feature_std"":[1.1658473211694584,0.6962215793416696,0.7241814394531741,0.7146316945476923,0.7026268603977887,0.7168810552692161],""feature_zscore"":false}","optimized once, then frozen",float64,D:\PhD-Project\GP_RKHS_MINT\GP_RKHS_MINT\Tully_models\GP_MInt_QCLE_Reviewer_Ready_Pipeline_v4\output\fixed_pipeline\final_reviewer_closure\manufactured\runs\l2_0p05\N1200_seed124\manufactured_operator_metrics.json,0.006913315927558578,0.007773885065562405,0.008791994758033274,6.163491214209902e-05,0.00010586268203622247,0.000674871018817318,1e-30,False,0.01123847593850964,0.010202905131855285,0.011670448961831482,0.00011662198319684246,0.00020535016643845197,0.0019985017466923674,1e-30,False,0.023914978865878636,0.024277376808716927,0.03381528453502786,1.956326966059765e-06,3.4543348354270934e-06,3.115432151266234e-05,1e-30,False
0.05,1200,124,off_support,1000,84c54571cd30339851d8836cbec6ab268e03f106b35f510ece2d26dc911f99bb,ddd9abbe44e57e964cfd0efc3cd42cb2f84951523ff0013e50f234277223f8b2,1e-06,0.0,1,-30.576571193399005,0.027502650794710662,0.20417449935438337,"[1.520642306676904,0.9110612647152444,7.38905609893065,7.38905609893065,7.38905609893065,7.38905609893065]","{""feature_mean"":[0.06786861444000272,8.041491921635398,0.02757701948820919,-0.05046918177090491,0.0028189859267179697,0.008998377298969032],""feature_std"":[1.1658473211694584,0.6962215793416696,0.7241814394531741,0.7146316945476923,0.7026268603977887,0.7168810552692161],""feature_zscore"":false}","optimized once, then frozen",float64,D:\PhD-Project\GP_RKHS_MINT\GP_RKHS_MINT\Tully_models\GP_MInt_QCLE_Reviewer_Ready_Pipeline_v4\output\fixed_pipeline\final_reviewer_closure\manufactured\runs\l2_0p05\N1200_seed124\manufactured_operator_metrics.json,0.007541941515900407,0.008044298315038407,0.012629610704085565,7.11387403644364e-05,0.00011695765410632715,0.0010055230471605983,1e-30,False,0.011811621504119666,0.010853434912318742,0.014753898552102252,0.0001273421713298436,0.00022203868944424549,0.0024748176058483518,1e-30,False,0.02376190794650871,0.023722587304185375,0.026456569938235155,2.1217036616632026e-06,3.7656461007454097e-06,2.5941909289574436e-05,1e-30,False
0.05,1200,125,on_support,1200,0d6d575ed969e8d3ec6c0a7f4778542dfd4957a2ac69df24ca2a997c7938d304,0d6d575ed969e8d3ec6c0a7f4778542dfd4957a2ac69df24ca2a997c7938d304,1e-06,0.0,1,-39.02605883073794,0.015794761355286426,0.230955723006451,"[1.476102597193447,0.9876055123474543,7.38905609893065,7.38905609893065,7.38905609893065,3.0249874080215933]","{""feature_mean"":[-0.047879552015777115,7.982687639651939,-0.010477301587018286,-0.015734500774684152,-0.028954983210416063,0.020190636319006215],""feature_std"":[1.1948074684188015,0.6684702685186628,0.7066859980249434,0.6893935596348596,0.6947640212359087,0.7075409012129575],""feature_zscore"":false}","optimized once, then frozen",float64,D:\PhD-Project\GP_RKHS_MINT\GP_RKHS_MINT\Tully_models\GP_MInt_QCLE_Reviewer_Ready_Pipeline_v4\output\fixed_pipeline\final_reviewer_closure\manufactured\runs\l2_0p05\N1200_seed125\manufactured_operator_metrics.json,0.004571641676496748,0.005419906700543494,0.00871958968052177,4.314006246633258e-05,7.867237323646559e-05,0.0006510190555100584,1e-30,False,0.008060593243093678,0.007534976207524574,0.011565343731081586,8.779210895909996e-05,0.0001573678419212726,0.001930958257025767,1e-30,False,0.01840562791825949,0.01851022769970646,0.03187988023737184,1.6522890274275216e-06,2.9101437694578304e-06,3.1108530677104596e-05,1e-30,False
0.05,1200,125,off_support,1000,0d6d575ed969e8d3ec6c0a7f4778542dfd4957a2ac69df24ca2a997c7938d304,53bd306308659107ffdf4b350db2bb9b81a166bb1e98f852097299673157298c,1e-06,0.0,1,-39.02605883073794,0.015794761355286426,0.230955723006451,"[1.476102597193447,0.9876055123474543,7.38905609893065,7.38905609893065,7.38905609893065,3.0249874080215933]","{""feature_mean"":[-0.047879552015777115,7.982687639651939,-0.010477301587018286,-0.015734500774684152,-0.028954983210416063,0.020190636319006215],""feature_std"":[1.1948074684188015,0.6684702685186628,0.7066859980249434,0.6893935596348596,0.6947640212359087,0.7075409012129575],""feature_zscore"":false}","optimized once, then frozen",float64,D:\PhD-Project\GP_RKHS_MINT\GP_RKHS_MINT\Tully_models\GP_MInt_QCLE_Reviewer_Ready_Pipeline_v4\output\fixed_pipeline\final_reviewer_closure\manufactured\runs\l2_0p05\N1200_seed125\manufactured_operator_metrics.json,0.005629439446640635,0.006288443585353139,0.010983642589264313,5.466448215659569e-05,9.661387642128376e-05,0.0008359523648310827,1e-30,False,0.009101205964440924,0.00841444063337605,0.0112376511767594,9.736045443219965e-05,0.0001722461449561789,0.00202417596005397,1e-30,False,0.02001603075292028,0.02207449789002071,0.028674320946700128,1.7630102471606882e-06,3.459891496351953e-06,2.8816553999888123e-05,1e-30,False
0.05,2400,123,on_support,2400,52acb3c94df8de09c0a48bda3f3958bc6d50b5a6272b5564ed87dbc286c4c46d,52acb3c94df8de09c0a48bda3f3958bc6d50b5a6272b5564ed87dbc286c4c46d,1e-06,0.0,1,-45.59069523958982,0.03080516529360448,0.18338027062785,"[1.5447880849089743,0.8632374317462064,7.38905609893065,1.963858896149379,7.38905609893065,7.38905609893065]","{""feature_mean"":[0.008666993432168243,8.001355712087076,0.012893195205570161,0.021474470189335088,0.0005433051865080755,-0.015082876849515104],""feature_std"":[1.2167955905988423,0.6928532998815441,0.7161772387587984,0.7070455152195663,0.7031212036969062,0.6907628194616069],""feature_zscore"":false}","optimized once, then frozen",float64,D:\PhD-Project\GP_RKHS_MINT\GP_RKHS_MINT\Tully_models\GP_MInt_QCLE_Reviewer_Ready_Pipeline_v4\output\fixed_pipeline\final_reviewer_closure\manufactured\runs\l2_0p05\N2400_seed123\manufactured_operator_metrics.json,0.007335374387224415,0.007629056974996322,0.009054397208372793,6.952727389726233e-05,0.00011256438300869038,0.0007995377592641224,1e-30,False,0.012843136250179457,0.011415046040187813,0.011253132679515295,0.00013300938935292467,0.00022502499184153747,0.0020880379228208,1e-30,False,0.026088102574647273,0.02441166265540108,0.031137463199744395,2.417502407947258e-06,4.2150702872687026e-06,3.327111877045265e-05,1e-30,False
0.05,2400,123,off_support,1000,52acb3c94df8de09c0a48bda3f3958bc6d50b5a6272b5564ed87dbc286c4c46d,e03a2ef220906743d2796effc45e1d642fe8fac6e4c32e943075254ffa15a45d,1e-06,0.0,1,-45.59069523958982,0.03080516529360448,0.18338027062785,"[1.5447880849089743,0.8632374317462064,7.38905609893065,1.963858896149379,7.38905609893065,7.38905609893065]","{""feature_mean"":[0.008666993432168243,8.001355712087076,0.012893195205570161,0.021474470189335088,0.0005433051865080755,-0.015082876849515104],""feature_std"":[1.2167955905988423,0.6928532998815441,0.7161772387587984,0.7070455152195663,0.7031212036969062,0.6907628194616069],""feature_zscore"":false}","optimized once, then frozen",float64,D:\PhD-Project\GP_RKHS_MINT\GP_RKHS_MINT\Tully_models\GP_MInt_QCLE_Reviewer_Ready_Pipeline_v4\output\fixed_pipeline\final_reviewer_closure\manufactured\runs\l2_0p05\N2400_seed123\manufactured_operator_metrics.json,0.008008034390922139,0.008217393044607706,0.006989033349319328,7.053774048477383e-05,0.00010862883983141554,0.0005731910253773675,1e-30,False,0.013477356780372811,0.011991650408830417,0.01504708304401498,0.00013537219916043424,0.00022514407520547985,0.002316204662417665,1e-30,False,0.025399981772482965,0.024116555394743902,0.031093335404966418,2.1520657117978368e-06,3.6914124707034025e-06,2.999651289263593e-05,1e-30,False
0.05,2400,124,on_support,2400,28cf1ad45460244726c185dc43f531a64983e5032655533c03ff1516af012a0b,28cf1ad45460244726c185dc43f531a64983e5032655533c03ff1516af012a0b,1e-06,0.0,1,-71.62260621664592,0.018893906443147635,0.24495149548962936,"[1.6804449831929342,0.9182884709406566,7.38905609893065,1.2060897533857877,7.38905609893065,1.5606835393055303]","{""feature_mean"":[0.06949881147892181,7.998083275302627,-0.006441260620387233,0.006986472650267917,-0.001886679063334935,0.014374777290883548],""feature_std"":[1.17976729581399,0.7123228835317762,0.7127973925383655,0.7042119918458798,0.6880098160890806,0.7027765991315863],""feature_zscore"":false}","optimized once, then frozen",float64,D:\PhD-Project\GP_RKHS_MINT\GP_RKHS_MINT\Tully_models\GP_MInt_QCLE_Reviewer_Ready_Pipeline_v4\output\fixed_pipeline\final_reviewer_closure\manufactured\runs\l2_0p05\N2400_seed124\manufactured_operator_metrics.json,0.004610731069740612,0.005329477950277657,0.009565732226538858,4.2858195615467254e-05,7.719396938562832e-05,0.0007991116382652166,1e-30,False,0.009962957247638531,0.009462772635418996,0.018031451379116558,0.00010437142050011398,0.00018770135284374115,0.003267841064918016,1e-30,False,0.022430420751900784,0.020017876570861726,0.021019828972978122,1.9965292732981815e-06,3.179792566149492e-06,2.2062930353791233e-05,1e-30,False
0.05,2400,124,off_support,1000,28cf1ad45460244726c185dc43f531a64983e5032655533c03ff1516af012a0b,bdb318e424b7e2258c24820a8bc5616600eef7a62387b61b702263ea821aee17,1e-06,0.0,1,-71.62260621664592,0.018893906443147635,0.24495149548962936,"[1.6804449831929342,0.9182884709406566,7.38905609893065,1.2060897533857877,7.38905609893065,1.5606835393055303]","{""feature_mean"":[0.06949881147892181,7.998083275302627,-0.006441260620387233,0.006986472650267917,-0.001886679063334935,0.014374777290883548],""feature_std"":[1.17976729581399,0.7123228835317762,0.7127973925383655,0.7042119918458798,0.6880098160890806,0.7027765991315863],""feature_zscore"":false}","optimized once, then frozen",float64,D:\PhD-Project\GP_RKHS_MINT\GP_RKHS_MINT\Tully_models\GP_MInt_QCLE_Reviewer_Ready_Pipeline_v4\output\fixed_pipeline\final_reviewer_closure\manufactured\runs\l2_0p05\N2400_seed124\manufactured_operator_metrics.json,0.0059886525172826366,0.008462112194999545,0.03202379701517197,5.666528975424418e-05,0.0001300025608089028,0.003002814052420499,1e-30,False,0.011239270857119512,0.010846019274250421,0.020181330044112895,0.00011420833250060625,0.0002100177586744659,0.0037930799374953188,1e-30,False,0.021636690308220484,0.018469411696914073,0.02473630694151808,1.979417941036465e-06,3.1232570938413505e-06,2.989921500597733e-05,1e-30,False
0.05,2400,125,on_support,2400,fbc1604f12aa3e9c72f530f4a9760c3fb821883bf5ee3d7a8ab55f9c2b6a0e2c,fbc1604f12aa3e9c72f530f4a9760c3fb821883bf5ee3d7a8ab55f9c2b6a0e2c,1e-06,0.0,1,-52.24835398914531,0.032340740558565735,0.18951482600055009,"[1.5593404103094368,0.9154006056164046,7.38905609893065,2.726785441505042,7.38905609893065,6.277892542332401]","{""feature_mean"":[-0.03877894202051924,8.006552377163368,0.005970439881620248,-0.008526303173244326,-0.016947164702391156,-0.011851988425964834],""feature_std"":[1.1706685509045993,0.6855543222276366,0.701057266233053,0.7022867354150167,0.704129305224102,0.7135394236170102],""feature_zscore"":false}","optimized once, then frozen",float64,D:\PhD-Project\GP_RKHS_MINT\GP_RKHS_MINT\Tully_models\GP_MInt_QCLE_Reviewer_Ready_Pipeline_v4\output\fixed_pipeline\final_reviewer_closure\manufactured\runs\l2_0p05\N2400_seed125\manufactured_operator_metrics.json,0.009631059835633574,0.009792824339688325,0.010019090870885391,9.179443016930417e-05,0.00014588475772754788,0.000880924366057273,1e-30,False,0.014645750818546265,0.012973763320387528,0.013870094749590514,0.00015308737133259748,0.00025644090665307323,0.0025607385770078425,1e-30,False,0.023055071023015215,0.021417347911516053,0.030443071118425057,1.980151946608054e-06,3.386881754972349e-06,3.499387073314784e-05,1e-30,False
0.05,2400,125,off_support,1000,fbc1604f12aa3e9c72f530f4a9760c3fb821883bf5ee3d7a8ab55f9c2b6a0e2c,4afaf8664aa447826f36ddb8b5d70b653991013046573a4a0dc1a9dd569cb20c,1e-06,0.0,1,-52.24835398914531,0.032340740558565735,0.18951482600055009,"[1.5593404103094368,0.9154006056164046,7.38905609893065,2.726785441505042,7.38905609893065,6.277892542332401]","{""feature_mean"":[-0.03877894202051924,8.006552377163368,0.005970439881620248,-0.008526303173244326,-0.016947164702391156,-0.011851988425964834],""feature_std"":[1.1706685509045993,0.6855543222276366,0.701057266233053,0.7022867354150167,0.704129305224102,0.7135394236170102],""feature_zscore"":false}","optimized once, then frozen",float64,D:\PhD-Project\GP_RKHS_MINT\GP_RKHS_MINT\Tully_models\GP_MInt_QCLE_Reviewer_Ready_Pipeline_v4\output\fixed_pipeline\final_reviewer_closure\manufactured\runs\l2_0p05\N2400_seed125\manufactured_operator_metrics.json,0.010145419818230078,0.010025928134619765,0.012047172516745355,9.067334284893103e-05,0.00014212470628687516,0.0008611827254519921,1e-30,False,0.01530644979552548,0.013452166570422471,0.013786368236032723,0.0001551130749720337,0.00026107964180060225,0.00241586709793851,1e-30,False,0.022746774266402647,0.02227933470122274,0.029635308810413534,2.0507612324868757e-06,3.77596993009212e-06,3.5121387122610326e-05,1e-30,False
0.05,300,123,on_support,300,c45fba6bf420fb60bb34b12579ecafe75a74b0af93ca6801707410ff141cedb0,c45fba6bf420fb60bb34b12579ecafe75a74b0af93ca6801707410ff141cedb0,1e-06,0.0,1,-6.123287241225497,0.006009465921112685,0.18401486516602336,"[1.5489541517345853,0.9094614188321406,7.38905609893065,7.38905609893065,7.38905609893065,7.38905609893065]","{""feature_mean"":[0.04759697488458991,7.989469426809722,-0.0005447535597074186,-0.0012090728669985245,0.059451046656329505,0.0014827768812384246],""feature_std"":[1.1610560062248145,0.7290157997553681,0.7263139508623327,0.7427902500413278,0.7262883191985822,0.7167859486939718],""feature_zscore"":false}","optimized once, then frozen",float64,D:\PhD-Project\GP_RKHS_MINT\GP_RKHS_MINT\Tully_models\GP_MInt_QCLE_Reviewer_Ready_Pipeline_v4\output\fixed_pipeline\final_reviewer_closure\manufactured\runs\l2_0p05\N300_seed123\manufactured_operator_metrics.json,0.0026638669164358213,0.003386343229548971,0.005732290921153167,2.3316564923903997e-05,4.498665368905706e-05,0.0002788071055831384,1e-30,False,0.0060884798425694,0.005896822123826422,0.006924979597552006,5.9473373566999916e-05,0.0001099210470053175,0.0011935379789156098,1e-30,False,0.01323272091537488,0.012830178401458368,0.013224446887628504,1.2669982440371552e-06,2.2710353716370764e-06,1.5690337212038194e-05,1e-30,False
0.05,300,123,off_support,1000,c45fba6bf420fb60bb34b12579ecafe75a74b0af93ca6801707410ff141cedb0,8adc42623eaf38b3b694339ffb761a5904da2b3aec04090b9cc03b8ae4c8ac46,1e-06,0.0,1,-6.123287241225497,0.006009465921112685,0.18401486516602336,"[1.5489541517345853,0.9094614188321406,7.38905609893065,7.38905609893065,7.38905609893065,7.38905609893065]","{""feature_mean"":[0.04759697488458991,7.989469426809722,-0.0005447535597074186,-0.0012090728669985245,0.059451046656329505,0.0014827768812384246],""feature_std"":[1.1610560062248145,0.7290157997553681,0.7263139508623327,0.7427902500413278,0.7262883191985822,0.7167859486939718],""feature_zscore"":false}","optimized once, then frozen",float64,D:\PhD-Project\GP_RKHS_MINT\GP_RKHS_MINT\Tully_models\GP_MInt_QCLE_Reviewer_Ready_Pipeline_v4\output\fixed_pipeline\final_reviewer_closure\manufactured\runs\l2_0p05\N300_seed123\manufactured_operator_metrics.json,0.004807511932468299,0.005382826409182253,0.006099018590950175,4.434830678085286e-05,7.647126580307034e-05,0.0004882757468973719,1e-30,False,0.007031342774083511,0.007278966740937206,0.022206858344065303,7.293450621996975e-05,0.0001426699798728997,0.0035475248464227806,1e-30,False,0.015587513781910964,0.017024817033435252,0.03342239191719758,1.3867865744924216e-06,2.7177231507606256e-06,3.331580259223962e-05,1e-30,False
0.05,300,124,on_support,300,c0383c6f3086c82b982427a104090a5c67cac1eb0faa370362913cc4cec55f79,c0383c6f3086c82b982427a104090a5c67cac1eb0faa370362913cc4cec55f79,1e-06,0.0,1,-13.319401868385716,0.00033546262790251185,0.31172010018074675,"[1.6335480222778045,0.9203245502536916,7.38905609893065,7.38905609893065,7.38905609893065,0.777190236135338]","{""feature_mean"":[0.030550621972160148,8.090922531484313,0.04461459321554819,0.04032919692168462,-0.00794280311991451,0.03665711910977057],""feature_std"":[1.1555530912821674,0.707381735555048,0.6841114382108242,0.7152870455434626,0.6851473072829103,0.6992322257187967],""feature_zscore"":false}","optimized once, then frozen",float64,D:\PhD-Project\GP_RKHS_MINT\GP_RKHS_MINT\Tully_models\GP_MInt_QCLE_Reviewer_Ready_Pipeline_v4\output\fixed_pipeline\final_reviewer_closure\manufactured\runs\l2_0p05\N300_seed124\manufactured_operator_metrics.json,0.00016493885945420908,0.00023773616986912907,0.000347074972986919,1.5922977319070604e-06,3.5285779038090177e-06,2.577170850120991e-05,1e-30,False,0.011010083619849514,0.016268656065240382,0.027620146215539806,0.0001146719583481203,0.0003104707814410766,0.0041459333278737335,1e-30,False,0.034562744331600774,0.040021569199428744,0.0679631252926761,3.8131252263429766e-06,7.800875328598875e-06,6.651689165361458e-05,1e-30,False
0.05,300,124,off_support,1000,c0383c6f3086c82b982427a104090a5c67cac1eb0faa370362913cc4cec55f79,7a44f90bc40522438a15e0471bb8c741a765a58c3f0c269db8b897ddf3320707,1e-06,0.0,1,-13.319401868385716,0.00033546262790251185,0.31172010018074675,"[1.6335480222778045,0.9203245502536916,7.38905609893065,7.38905609893065,7.38905609893065,0.777190236135338]","{""feature_mean"":[0.030550621972160148,8.090922531484313,0.04461459321554819,0.04032919692168462,-0.00794280311991451,0.03665711910977057],""feature_std"":[1.1555530912821674,0.707381735555048,0.6841114382108242,0.7152870455434626,0.6851473072829103,0.6992322257187967],""feature_zscore"":false}","optimized once, then frozen",float64,D:\PhD-Project\GP_RKHS_MINT\GP_RKHS_MINT\Tully_models\GP_MInt_QCLE_Reviewer_Ready_Pipeline_v4\output\fixed_pipeline\final_reviewer_closure\manufactured\runs\l2_0p05\N300_seed124\manufactured_operator_metrics.json,0.008141530119215819,0.014986829046490796,0.03955623062954849,7.397397810250805e-05,0.00020814409685207948,0.003556781451557814,1e-30,False,0.014371495104021257,0.020542934618024887,0.05232679563452972,0.00015003341792987123,0.00040761871706223863,0.009626205401525067,1e-30,False,0.04255092997046889,0.054872913603506795,0.15426057420427725,3.8488738950660275e-06,8.690396470171765e-06,0.00014450866190163241,1e-30,False
0.05,300,125,on_support,300,610edbc51b0438eac56eefbee5853185fbbb72ebde05cda21d0b66f0c81e684d,610edbc51b0438eac56eefbee5853185fbbb72ebde05cda21d0b66f0c81e684d,1e-06,0.0,1,-4.086193456139744,0.00033546262790251185,0.15182055737578368,"[1.5630199978328427,0.8377730425654865,7.38905609893065,7.38905609893065,7.38905609893065,7.38905609893065]","{""feature_mean"":[-0.03659904623830572,7.956528165389306,-0.05517061448655018,-0.01591777408187703,-0.007896610332845415,-0.054175943281553396],""feature_std"":[1.181539747716021,0.7014523522101572,0.7098815204626301,0.6794975743883875,0.7007869176854482,0.679827069800108],""feature_zscore"":false}","optimized once, then frozen",float64,D:\PhD-Project\GP_RKHS_MINT\GP_RKHS_MINT\Tully_models\GP_MInt_QCLE_Reviewer_Ready_Pipeline_v4\output\fixed_pipeline\final_reviewer_closure\manufactured\runs\l2_0p05\N300_seed125\manufactured_operator_metrics.json,0.0002143183204241799,0.00028012599027165146,0.00036053143014744054,2.1702361005341446e-06,4.349854903144069e-06,2.7233159748910052e-05,1e-30,False,0.0010493526143279942,0.0015965139604568535,0.005323760500989568,1.1609483012013917e-05,3.312917163064118e-05,0.0009349362517142039,1e-30,False,0.003575128588991666,0.003953276091965082,0.005340541973860221,3.1579977538230164e-07,6.020129541285347e-07,4.2577029373484675e-06,1e-30,False
0.05,300,125,off_support,1000,610edbc51b0438eac56eefbee5853185fbbb72ebde05cda21d0b66f0c81e684d,cee255d44780b7999981dd09ddde99ab4e5c07255c7e9c02c1842748d2e9c992,1e-06,0.0,1,-4.086193456139744,0.00033546262790251185,0.15182055737578368,"[1.5630199978328427,0.8377730425654865,7.38905609893065,7.38905609893065,7.38905609893065,7.38905609893065]","{""feature_mean"":[-0.03659904623830572,7.956528165389306,-0.05517061448655018,-0.01591777408187703,-0.007896610332845415,-0.054175943281553396],""feature_std"":[1.181539747716021,0.7014523522101572,0.7098815204626301,0.6794975743883875,0.7007869176854482,0.679827069800108],""feature_zscore"":false}","optimized once, then frozen",float64,D:\PhD-Project\GP_RKHS_MINT\GP_RKHS_MINT\Tully_models\GP_MInt_QCLE_Reviewer_Ready_Pipeline_v4\output\fixed_pipeline\final_reviewer_closure\manufactured\runs\l2_0p05\N300_seed125\manufactured_operator_metrics.json,0.000813762068563231,0.0009634440070604379,0.0016315614748115205,7.942528362796446e-06,1.4456664399511773e-05,0.00011590150262659775,1e-30,False,0.001435443825499796,0.0016630115850961066,0.005007660078483522,1.5639571944444686e-05,3.401037342708502e-05,0.0008004377986735336,1e-30,False,0.00422582629668774,0.004868325086140671,0.008609639546156024,3.6747166265900173e-07,7.746779016456826e-07,8.408018247946744e-06,1e-30,False
0.05,600,123,on_support,600,c75a98c378d8daa8a21f3eeaf2326ae111edd5efcf2c41b447afe111115978dd,c75a98c378d8daa8a21f3eeaf2326ae111edd5efcf2c41b447afe111115978dd,1e-06,0.0,1,-16.667568921730453,0.01182827972271174,0.22123596445828098,"[1.6044559990429266,0.936685329803884,7.38905609893065,1.6140563014693459,7.38905609893065,7.38905609893065]","{""feature_mean"":[0.014772281850630896,8.01622457503583,-0.0020064135787936023,-0.05090080030567341,-0.0022932162837789555,0.04332549971910421],""feature_std"":[1.2066605705309643,0.7004459732246725,0.7010537538546806,0.7219505155681277,0.7093321180284013,0.7079536762707976],""feature_zscore"":false}","optimized once, then frozen",float64,D:\PhD-Project\GP_RKHS_MINT\GP_RKHS_MINT\Tully_models\GP_MInt_QCLE_Reviewer_Ready_Pipeline_v4\output\fixed_pipeline\final_reviewer_closure\manufactured\runs\l2_0p05\N600_seed123\manufactured_operator_metrics.json,0.003738305485960475,0.0049541178473606895,0.008509781532520366,3.6641221031568554e-05,7.444422998596462e-05,0.0006972262825792261,1e-30,False,0.008121489062541525,0.008837436199878316,0.01483057800966075,8.235717146542436e-05,0.00016623118509189315,0.0024978957903956656,1e-30,False,0.015835881097886667,0.016872495554483044,0.02103765366103251,1.5579762525289577e-06,3.0836054506162356e-06,2.3443804521461114e-05,1e-30,False
0.05,600,123,off_support,1000,c75a98c378d8daa8a21f3eeaf2326ae111edd5efcf2c41b447afe111115978dd,3c80c86f1602d410ec2f1286ebb61f63eee9258766b45ab1801c407195b87761,1e-06,0.0,1,-16.667568921730453,0.01182827972271174,0.22123596445828098,"[1.6044559990429266,0.936685329803884,7.38905609893065,1.6140563014693459,7.38905609893065,7.38905609893065]","{""feature_mean"":[0.014772281850630896,8.01622457503583,-0.0020064135787936023,-0.05090080030567341,-0.0022932162837789555,0.04332549971910421],""feature_std"":[1.2066605705309643,0.7004459732246725,0.7010537538546806,0.7219505155681277,0.7093321180284013,0.7079536762707976],""feature_zscore"":false}","optimized once, then frozen",float64,D:\PhD-Project\GP_RKHS_MINT\GP_RKHS_MINT\Tully_models\GP_MInt_QCLE_Reviewer_Ready_Pipeline_v4\output\fixed_pipeline\final_reviewer_closure\manufactured\runs\l2_0p05\N600_seed123\manufactured_operator_metrics.json,0.005633913944490268,0.007912707596706186,0.019632053296348127,5.3755276915803564e-05,0.000114369722833219,0.001370869496625236,1e-30,False,0.00884428993309769,0.008950677209458333,0.012614258285881962,9.395126049731614e-05,0.0001827090754068428,0.002165452517908715,1e-30,False,0.018283752325200537,0.02022207078036409,0.03681177281283212,1.7118855301224393e-06,3.4746967507376147e-06,4.039082416503506e-05,1e-30,False
0.05,600,124,on_support,600,67097a26380b9722f6cbb7f939d9701c1852ac242c9eb45c94251779bd1c9690,67097a26380b9722f6cbb7f939d9701c1852ac242c9eb45c94251779bd1c9690,1e-06,0.0,1,-16.126044329710115,0.038312625730752205,0.21003402970921806,"[1.5258837214490462,0.9242371691977714,7.38905609893065,7.38905609893065,7.38905609893065,7.105150600416562]","{""feature_mean"":[0.09320890940120477,8.02480818636264,0.04382458795311267,-0.008735393643321234,0.021301301049838756,-0.010068082669509553],""feature_std"":[1.1861040788681612,0.6677250321468454,0.7158596642833427,0.7524022970914289,0.6815266837693887,0.7161174576368715],""feature_zscore"":false}","optimized once, then frozen",float64,D:\PhD-Project\GP_RKHS_MINT\GP_RKHS_MINT\Tully_models\GP_MInt_QCLE_Reviewer_Ready_Pipeline_v4\output\fixed_pipeline\final_reviewer_closure\manufactured\runs\l2_0p05\N600_seed124\manufactured_operator_metrics.json,0.011673811485232572,0.013254840959780245,0.013509352004669536,0.00010649465226612214,0.0001874891965779411,0.0009982147818820841,1e-30,False,0.018866624259690587,0.018457613078475196,0.01760370006318269,0.0001953417714373906,0.00035699861509261614,0.002762065350497396,1e-30,False,0.04170800428807881,0.04322571261640653,0.0395019512875291,3.975732775985605e-06,7.512212897563972e-06,4.346220676030633e-05,1e-30,False
0.05,600,124,off_support,1000,67097a26380b9722f6cbb7f939d9701c1852ac242c9eb45c94251779bd1c9690,57baeefa7c6bbada2ae98403cdcf6721261aa9193c8c89aaaa9d85d0b85d1119,1e-06,0.0,1,-16.126044329710115,0.038312625730752205,0.21003402970921806,"[1.5258837214490462,0.9242371691977714,7.38905609893065,7.38905609893065,7.38905609893065,7.105150600416562]","{""feature_mean"":[0.09320890940120477,8.02480818636264,0.04382458795311267,-0.008735393643321234,0.021301301049838756,-0.010068082669509553],""feature_std"":[1.1861040788681612,0.6677250321468454,0.7158596642833427,0.7524022970914289,0.6815266837693887,0.7161174576368715],""feature_zscore"":false}","optimized once, then frozen",float64,D:\PhD-Project\GP_RKHS_MINT\GP_RKHS_MINT\Tully_models\GP_MInt_QCLE_Reviewer_Ready_Pipeline_v4\output\fixed_pipeline\final_reviewer_closure\manufactured\runs\l2_0p05\N600_seed124\manufactured_operator_metrics.json,0.013656626783481543,0.015315523652088325,0.014704872273250713,0.00012383108154564478,0.0002150697997033819,0.0012210113667439557,1e-30,False,0.019517419622215204,0.018476239266839042,0.029066457294561063,0.00020677196589083166,0.0003728959799336163,0.0046965874136674106,1e-30,False,0.044376173717848466,0.0465171391628313,0.043981477168259286,3.989002794840469e-06,7.953692031149165e-06,5.0743111355366726e-05,1e-30,False
0.05,600,125,on_support,600,94767ce9db8da478296f67e82a4b9078b44a637cd3b699cafbba1d2ae0d34582,94767ce9db8da478296f67e82a4b9078b44a637cd3b699cafbba1d2ae0d34582,1e-06,0.0,1,-32.81421080241499,0.00033546262790251185,0.34384179014038063,"[1.6339178856489571,0.954826568877179,7.38905609893065,7.38905609893065,7.38905609893065,0.7271964383388564]","{""feature_mean"":[-0.055561095642607014,7.9765511617731075,-0.0250885163204771,-0.020110474354118914,0.009799868191807006,0.011868831257914735],""feature_std"":[1.1922115762013012,0.6984532644019598,0.681983657403424,0.668666197136049,0.6861356225664703,0.6889013313435153],""feature_zscore"":false}","optimized once, then frozen",float64,D:\PhD-Project\GP_RKHS_MINT\GP_RKHS_MINT\Tully_models\GP_MInt_QCLE_Reviewer_Ready_Pipeline_v4\output\fixed_pipeline\final_reviewer_closure\manufactured\runs\l2_0p05\N600_seed125\manufactured_operator_metrics.json,0.0001758445047767777,0.00022016514067865124,0.0002853612730864482,1.7116235888751916e-06,3.3401026875000727e-06,2.4730542534889127e-05,1e-30,False,0.004166470359894063,0.007467155257163811,0.02678020027903976,4.516221117963015e-05,0.00015535751182879163,0.004936273068572192,1e-30,False,0.023509326950919916,0.031855921603337334,0.07694887430922995,2.1964784314037678e-06,5.150803313650207e-06,6.372002355269272e-05,1e-30,False
0.05,600,125,off_support,1000,94767ce9db8da478296f67e82a4b9078b44a637cd3b699cafbba1d2ae0d34582,36bc8167776e04d401f98c5d3d972aab0eb0c4a1e2f8198db5a886b6c29b8723,1e-06,0.0,1,-32.81421080241499,0.00033546262790251185,0.34384179014038063,"[1.6339178856489571,0.954826568877179,7.38905609893065,7.38905609893065,7.38905609893065,0.7271964383388564]","{""feature_mean"":[-0.055561095642607014,7.9765511617731075,-0.0250885163204771,-0.020110474354118914,0.009799868191807006,0.011868831257914735],""feature_std"":[1.1922115762013012,0.6984532644019598,0.681983657403424,0.668666197136049,0.6861356225664703,0.6889013313435153],""feature_zscore"":false}","optimized once, then frozen",float64,D:\PhD-Project\GP_RKHS_MINT\GP_RKHS_MINT\Tully_models\GP_MInt_QCLE_Reviewer_Ready_Pipeline_v4\output\fixed_pipeline\final_reviewer_closure\manufactured\runs\l2_0p05\N600_seed125\manufactured_operator_metrics.json,0.0030761290388426066,0.004975729875494902,0.011397548766608364,2.9220332252876404e-05,7.263704291697023e-05,0.0009051799341481844,1e-30,False,0.0058937040768661415,0.010003456646449067,0.04431313830241036,6.153070659243627e-05,0.0001960784959987766,0.007499464573909853,1e-30,False,0.024858468994573606,0.025308798339114515,0.03905059436995457,2.168201964427636e-06,4.091325020787399e-06,3.719252851794086e-05,1e-30,False
1e-06,1200,123,on_support,1200,063dfb601e1fcdb05f8a984a20babe1c2cfd2500e2b6e7f88219647663ee7c19,063dfb601e1fcdb05f8a984a20babe1c2cfd2500e2b6e7f88219647663ee7c19,1e-06,0.0,1,-22.115019598741288,0.0321141505341434,0.1766914568558501,"[1.5528668678838071,0.8593520796938555,7.38905609893065,5.119631447952609,7.38905609893065,7.38905609893065]","{""feature_mean"":[0.021292919527461006,7.997690622613166,0.01685556900526456,-0.010193748603908091,-0.004408388969852505,0.024972323665839388],""feature_std"":[1.203733819345466,0.7172602437911223,0.7073684895168386,0.7072309940210134,0.6922632345763019,0.6945141587299525],""feature_zscore"":false}","optimized once, then frozen",float64,D:\PhD-Project\GP_RKHS_MINT\GP_RKHS_MINT\Tully_models\GP_MInt_QCLE_Reviewer_Ready_Pipeline_v4\output\fixed_pipeline\final_reviewer_closure\manufactured\runs\l2_1em06\N1200_seed123\manufactured_operator_metrics.json,0.008934996354744611,0.009694502821452441,0.00923152333319424,8.114524524221108e-05,0.00014008557021832392,0.0008077381006519058,1e-30,False,0.013857776593611381,0.01273316666630034,0.01290138053983117,0.00014125688971588506,0.0002484836701580431,0.0022481291065969133,1e-30,False,0.02524367906428308,0.022875730420702445,0.022241245544588645,2.2362799993837145e-06,3.7657566280917826e-06,2.2552668687845123e-05,1e-30,False
1e-06,1200,123,off_support,1000,063dfb601e1fcdb05f8a984a20babe1c2cfd2500e2b6e7f88219647663ee7c19,74755e50778941d12afa91269ce2b0a85694b9973e6fa77068f68b3ada05440d,1e-06,0.0,1,-22.115019598741288,0.0321141505341434,0.1766914568558501,"[1.5528668678838071,0.8593520796938555,7.38905609893065,5.119631447952609,7.38905609893065,7.38905609893065]","{""feature_mean"":[0.021292919527461006,7.997690622613166,0.01685556900526456,-0.010193748603908091,-0.004408388969852505,0.024972323665839388],""feature_std"":[1.203733819345466,0.7172602437911223,0.7073684895168386,0.7072309940210134,0.6922632345763019,0.6945141587299525],""feature_zscore"":false}","optimized once, then frozen",float64,D:\PhD-Project\GP_RKHS_MINT\GP_RKHS_MINT\Tully_models\GP_MInt_QCLE_Reviewer_Ready_Pipeline_v4\output\fixed_pipeline\final_reviewer_closure\manufactured\runs\l2_1em06\N1200_seed123\manufactured_operator_metrics.json,0.009827372923657943,0.010625449790709568,0.012803674981987577,9.744418759426202e-05,0.0001711187825207995,0.001120836673373895,1e-30,False,0.014777736204865183,0.013605976760067588,0.01214219570523779,0.00015142428553064946,0.0002667820138820869,0.0021033043507654448,1e-30,False,0.025660307418284206,0.025654646356610702,0.026406468739927337,2.2581543766220194e-06,4.065774215901693e-06,2.4356434630501953e-05,1e-30,False
1e-06,1200,124,on_support,1200,84c54571cd30339851d8836cbec6ab268e03f106b35f510ece2d26dc911f99bb,84c54571cd30339851d8836cbec6ab268e03f106b35f510ece2d26dc911f99bb,1e-06,0.0,1,-40.23106913933181,0.02701550455670291,0.2321687861091303,"[1.4809768851155671,0.9923816086983701,7.38905609893065,6.128335164160389,7.38905609893065,7.38905609893065]","{""feature_mean"":[0.06786861444000272,8.041491921635398,0.02757701948820919,-0.05046918177090491,0.0028189859267179697,0.008998377298969032],""feature_std"":[1.1658473211694584,0.6962215793416696,0.7241814394531741,0.7146316945476923,0.7026268603977887,0.7168810552692161],""feature_zscore"":false}","optimized once, then frozen",float64,D:\PhD-Project\GP_RKHS_MINT\GP_RKHS_MINT\Tully_models\GP_MInt_QCLE_Reviewer_Ready_Pipeline_v4\output\fixed_pipeline\final_reviewer_closure\manufactured\runs\l2_1em06\N1200_seed124\manufactured_operator_metrics.json,0.006903103048175933,0.007837288036928847,0.009240736641756042,6.154386033279896e-05,0.00010672608669699509,0.0007093163182730847,1e-30,False,0.011367360050862517,0.01033527559735558,0.012252025846957115,0.00011795941728197968,0.00020801433872769077,0.0020980936668113584,1e-30,False,0.024455261077514365,0.024579956664812535,0.03131177412631631,2.000523896604138e-06,3.4973877626706286e-06,2.8847815172237956e-05,1e-30,False
1e-06,1200,124,off_support,1000,84c54571cd30339851d8836cbec6ab268e03f106b35f510ece2d26dc911f99bb,ddd9abbe44e57e964cfd0efc3cd42cb2f84951523ff0013e50f234277223f8b2,1e-06,0.0,1,-40.23106913933181,0.02701550455670291,0.2321687861091303,"[1.4809768851155671,0.9923816086983701,7.38905609893065,6.128335164160389,7.38905609893065,7.38905609893065]","{""feature_mean"":[0.06786861444000272,8.041491921635398,0.02757701948820919,-0.05046918177090491,0.0028189859267179697,0.008998377298969032],""feature_std"":[1.1658473211694584,0.6962215793416696,0.7241814394531741,0.7146316945476923,0.7026268603977887,0.7168810552692161],""feature_zscore"":false}","optimized once, then frozen",float64,D:\PhD-Project\GP_RKHS_MINT\GP_RKHS_MINT\Tully_models\GP_MInt_QCLE_Reviewer_Ready_Pipeline_v4\output\fixed_pipeline\final_reviewer_closure\manufactured\runs\l2_1em06\N1200_seed124\manufactured_operator_metrics.json,0.007603475875259745,0.008275860694046932,0.013012861741006129,7.17191581261927e-05,0.0001203243856181965,0.0010360360819247783,1e-30,False,0.011933248155465634,0.011270237751139807,0.02445873301068701,0.0001286534393778903,0.00023056560804984099,0.004102705658293113,1e-30,False,0.02434323511015269,0.023906782468792014,0.026224735509822492,2.1736104350798944e-06,3.7948846401375603e-06,2.571458474500489e-05,1e-30,False
1e-06,1200,125,on_support,1200,0d6d575ed969e8d3ec6c0a7f4778542dfd4957a2ac69df24ca2a997c7938d304,0d6d575ed969e8d3ec6c0a7f4778542dfd4957a2ac69df24ca2a997c7938d304,1e-06,0.0,1,-34.9182773421432,0.015485841178107489,0.2197101491812312,"[1.4669992274191415,0.9564521214913868,7.38905609893065,7.38905609893065,7.38905609893065,3.1192268142286226]","{""feature_mean"":[-0.047879552015777115,7.982687639651939,-0.010477301587018286,-0.015734500774684152,-0.028954983210416063,0.020190636319006215],""feature_std"":[1.1948074684188015,0.6684702685186628,0.7066859980249434,0.6893935596348596,0.6947640212359087,0.7075409012129575],""feature_zscore"":false}","optimized once, then frozen",float64,D:\PhD-Project\GP_RKHS_MINT\GP_RKHS_MINT\Tully_models\GP_MInt_QCLE_Reviewer_Ready_Pipeline_v4\output\fixed_pipeline\final_reviewer_closure\manufactured\runs\l2_1em06\N1200_seed125\manufactured_operator_metrics.json,0.004540017248001642,0.005377024806127608,0.008819020351222735,4.2841640167018346e-05,7.804992333299493e-05,0.0006584427146156093,1e-30,False,0.007957935597352457,0.007457843030345916,0.011725427589104357,8.667401120269474e-05,0.00015575691690985526,0.0019576859751682784,1e-30,False,0.01782804547334713,0.0178369172484192,0.030887812598185543,1.6004389552429864e-06,2.8042871454058455e-06,3.014046660792998e-05,1e-30,False
1e-06,1200,125,off_support,1000,0d6d575ed969e8d3ec6c0a7f4778542dfd4957a2ac69df24ca2a997c7938d304,53bd306308659107ffdf4b350db2bb9b81a166bb1e98f852097299673157298c,1e-06,0.0,1,-34.9182773421432,0.015485841178107489,0.2197101491812312,"[1.4669992274191415,0.9564521214913868,7.38905609893065,7.38905609893065,7.38905609893065,3.1192268142286226]","{""feature_mean"":[-0.047879552015777115,7.982687639651939,-0.010477301587018286,-0.015734500774684152,-0.028954983210416063,0.020190636319006215],""feature_std"":[1.1948074684188015,0.6684702685186628,0.7066859980249434,0.6893935596348596,0.6947640212359087,0.7075409012129575],""feature_zscore"":false}","optimized once, then frozen",float64,D:\PhD-Project\GP_RKHS_MINT\GP_RKHS_MINT\Tully_models\GP_MInt_QCLE_Reviewer_Ready_Pipeline_v4\output\fixed_pipeline\final_reviewer_closure\manufactured\runs\l2_1em06\N1200_seed125\manufactured_operator_metrics.json,0.0055528177430759365,0.006258443787984832,0.010929952519442034,5.392044968462019e-05,9.615296798245227e-05,0.0008318660755630991,1e-30,False,0.008952983100609135,0.008314107059389952,0.011640255171174568,9.577483540145931e-05,0.00017019228634789174,0.002096694791088899,1e-30,False,0.019513555747418025,0.021245379881689445,0.0274661916897224,1.7187522923954383e-06,3.3299379925037663e-06,2.760243206698321e-05,1e-30,False
1e-06,2400,123,on_support,2400,52acb3c94df8de09c0a48bda3f3958bc6d50b5a6272b5564ed87dbc286c4c46d,52acb3c94df8de09c0a48bda3f3958bc6d50b5a6272b5564ed87dbc286c4c46d,1e-06,0.0,1,-52.68127998722896,0.03117241713372155,0.19578600252790732,"[1.638957433639257,0.8554078468698872,7.38905609893065,1.8939765001145783,7.38905609893065,7.38905609893065]","{""feature_mean"":[0.008666993432168243,8.001355712087076,0.012893195205570161,0.021474470189335088,0.0005433051865080755,-0.015082876849515104],""feature_std"":[1.2167955905988423,0.6928532998815441,0.7161772387587984,0.7070455152195663,0.7031212036969062,0.6907628194616069],""feature_zscore"":false}","optimized once, then frozen",float64,D:\PhD-Project\GP_RKHS_MINT\GP_RKHS_MINT\Tully_models\GP_MInt_QCLE_Reviewer_Ready_Pipeline_v4\output\fixed_pipeline\final_reviewer_closure\manufactured\runs\l2_1em06\N2400_seed123\manufactured_operator_metrics.json,0.007283463135629235,0.007560594741266241,0.008790453644387186,6.903524068702922e-05,0.00011155424386246556,0.000776230537274116,1e-30,False,0.012863520540049498,0.011384569489152205,0.011228369683351686,0.00013322049837607853,0.0002244242070856984,0.002083443106733151,1e-30,False,0.026417375843164847,0.024565508415851662,0.030534223668448886,2.448015126043034e-06,4.24163425805805e-06,3.2626543007680496e-05,1e-30,False
1e-06,2400,123,off_support,1000,52acb3c94df8de09c0a48bda3f3958bc6d50b5a6272b5564ed87dbc286c4c46d,e03a2ef220906743d2796effc45e1d642fe8fac6e4c32e943075254ffa15a45d,1e-06,0.0,1,-52.68127998722896,0.03117241713372155,0.19578600252790732,"[1.638957433639257,0.8554078468698872,7.38905609893065,1.8939765001145783,7.38905609893065,7.38905609893065]","{""feature_mean"":[0.008666993432168243,8.001355712087076,0.012893195205570161,0.021474470189335088,0.0005433051865080755,-0.015082876849515104],""feature_std"":[1.2167955905988423,0.6928532998815441,0.7161772387587984,0.7070455152195663,0.7031212036969062,0.6907628194616069],""feature_zscore"":false}","optimized once, then frozen",float64,D:\PhD-Project\GP_RKHS_MINT\GP_RKHS_MINT\Tully_models\GP_MInt_QCLE_Reviewer_Ready_Pipeline_v4\output\fixed_pipeline\final_reviewer_closure\manufactured\runs\l2_1em06\N2400_seed123\manufactured_operator_metrics.json,0.008002274480334009,0.008224017278493133,0.007244964624520001,7.048700505352473e-05,0.00010871640809519942,0.000594180696298411,1e-30,False,0.013558932613268805,0.012021234588612385,0.016656628791852084,0.00013619158088916882,0.00022569952025021026,0.0025639628062791536,1e-30,False,0.025852826644990536,0.024322909684905407,0.03083139113068806,2.1904339252720208e-06,3.722998192114154e-06,2.9743808745647318e-05,1e-30,False
1e-06,2400,124,on_support,2400,28cf1ad45460244726c185dc43f531a64983e5032655533c03ff1516af012a0b,28cf1ad45460244726c185dc43f531a64983e5032655533c03ff1516af012a0b,1e-06,0.0,1,-82.80310660914077,0.018711492431214217,0.26376906426229296,"[1.690596290863577,0.8917872573932953,7.38905609893065,1.3139971039578462,7.38905609893065,1.441501451864181]","{""feature_mean"":[0.06949881147892181,7.998083275302627,-0.006441260620387233,0.006986472650267917,-0.001886679063334935,0.014374777290883548],""feature_std"":[1.17976729581399,0.7123228835317762,0.7127973925383655,0.7042119918458798,0.6880098160890806,0.7027765991315863],""feature_zscore"":false}","optimized once, then frozen",float64,D:\PhD-Project\GP_RKHS_MINT\GP_RKHS_MINT\Tully_models\GP_MInt_QCLE_Reviewer_Ready_Pipeline_v4\output\fixed_pipeline\final_reviewer_closure\manufactured\runs\l2_1em06\N2400_seed124\manufactured_operator_metrics.json,0.0046175627116273885,0.005409604253061558,0.009857378237819986,4.292169787572265e-05,7.835454597901901e-05,0.0008234754523830518,1e-30,False,0.010064739215215432,0.009639121601832399,0.018706772045200097,0.00010543768308392821,0.00019119936984612535,0.0033902294716089756,1e-30,False,0.02317091409402382,0.02085214009633325,0.021480278964032026,2.0624405038802366e-06,3.312313363103822e-06,2.2546230008469e-05,1e-30,False
1e-06,2400,124,off_support,1000,28cf1ad45460244726c185dc43f531a64983e5032655533c03ff1516af012a0b,bdb318e424b7e2258c24820a8bc5616600eef7a62387b61b702263ea821aee17,1e-06,0.0,1,-82.80310660914077,0.018711492431214217,0.26376906426229296,"[1.690596290863577,0.8917872573932953,7.38905609893065,1.3139971039578462,7.38905609893065,1.441501451864181]","{""feature_mean"":[0.06949881147892181,7.998083275302627,-0.006441260620387233,0.006986472650267917,-0.001886679063334935,0.014374777290883548],""feature_std"":[1.17976729581399,0.7123228835317762,0.7127973925383655,0.7042119918458798,0.6880098160890806,0.7027765991315863],""feature_zscore"":false}","optimized once, then frozen",float64,D:\PhD-Project\GP_RKHS_MINT\GP_RKHS_MINT\Tully_models\GP_MInt_QCLE_Reviewer_Ready_Pipeline_v4\output\fixed_pipeline\final_reviewer_closure\manufactured\runs\l2_1em06\N2400_seed124\manufactured_operator_metrics.json,0.00609682986758808,0.008741335681646693,0.03313879424067042,5.7688875758310055e-05,0.0001342922425651397,0.0031073653439350674,1e-30,False,0.011428369608956863,0.011091718344434173,0.018998614651796777,0.00011612986757168334,0.00021477537220285952,0.003570788640709861,1e-30,False,0.02232617200068856,0.01914188526347239,0.02453327853754915,2.0424947061352826e-06,3.2369752713144854e-06,2.965381095609474e-05,1e-30,False
1e-06,2400,125,on_support,2400,fbc1604f12aa3e9c72f530f4a9760c3fb821883bf5ee3d7a8ab55f9c2b6a0e2c,fbc1604f12aa3e9c72f530f4a9760c3fb821883bf5ee3d7a8ab55f9c2b6a0e2c,1e-06,0.0,1,-53.19730592466475,0.03268057832964828,0.1924689161550524,"[1.5741722457255856,0.9001841367147649,7.38905609893065,7.38905609893065,7.38905609893065,2.428000804594236]","{""feature_mean"":[-0.03877894202051924,8.006552377163368,0.005970439881620248,-0.008526303173244326,-0.016947164702391156,-0.011851988425964834],""feature_std"":[1.1706685509045993,0.6855543222276366,0.701057266233053,0.7022867354150167,0.704129305224102,0.7135394236170102],""feature_zscore"":false}","optimized once, then frozen",float64,D:\PhD-Project\GP_RKHS_MINT\GP_RKHS_MINT\Tully_models\GP_MInt_QCLE_Reviewer_Ready_Pipeline_v4\output\fixed_pipeline\final_reviewer_closure\manufactured\runs\l2_1em06\N2400_seed125\manufactured_operator_metrics.json,0.0075764444384987355,0.007545161810685587,0.007635714228583822,7.221172039324516e-05,0.00011240108722322346,0.0006713669735999989,1e-30,False,0.012351810469418354,0.010607792111102732,0.01082705009259979,0.00012910954306058606,0.00020967484602434132,0.001998922527053043,1e-30,False,0.022808976734476273,0.0205602531184489,0.024628356969383425,1.959015421632137e-06,3.251343091225841e-06,2.8309940767927714e-05,1e-30,False
1e-06,2400,125,off_support,1000,fbc1604f12aa3e9c72f530f4a9760c3fb821883bf5ee3d7a8ab55f9c2b6a0e2c,4afaf8664aa447826f36ddb8b5d70b653991013046573a4a0dc1a9dd569cb20c,1e-06,0.0,1,-53.19730592466475,0.03268057832964828,0.1924689161550524,"[1.5741722457255856,0.9001841367147649,7.38905609893065,7.38905609893065,7.38905609893065,2.428000804594236]","{""feature_mean"":[-0.03877894202051924,8.006552377163368,0.005970439881620248,-0.008526303173244326,-0.016947164702391156,-0.011851988425964834],""feature_std"":[1.1706685509045993,0.6855543222276366,0.701057266233053,0.7022867354150167,0.704129305224102,0.7135394236170102],""feature_zscore"":false}","optimized once, then frozen",float64,D:\PhD-Project\GP_RKHS_MINT\GP_RKHS_MINT\Tully_models\GP_MInt_QCLE_Reviewer_Ready_Pipeline_v4\output\fixed_pipeline\final_reviewer_closure\manufactured\runs\l2_1em06\N2400_seed125\manufactured_operator_metrics.json,0.008308513740498043,0.007921222267675873,0.00715484843495002,7.425623862341668e-05,0.00011228899440632031,0.0005114587565540063,1e-30,False,0.012871537270298637,0.010890806232252073,0.011670164004108498,0.00013043806710794596,0.00021136876168987545,0.0020450320753354016,1e-30,False,0.021927965785960672,0.020312024394531683,0.025770780306995245,1.976940625272161e-06,3.442544149616815e-06,3.054145841381204e-05,1e-30,False
1e-06,300,123,on_support,300,c45fba6bf420fb60bb34b12579ecafe75a74b0af93ca6801707410ff141cedb0,c45fba6bf420fb60bb34b12579ecafe75a74b0af93ca6801707410ff141cedb0,1e-06,0.0,1,-6.383644384731719,0.006010007583753526,0.18769716446362147,"[1.5487870584254657,0.9140613914078534,7.38905609893065,7.38905609893065,7.38905609893065,7.38905609893065]","{""feature_mean"":[0.04759697488458991,7.989469426809722,-0.0005447535597074186,-0.0012090728669985245,0.059451046656329505,0.0014827768812384246],""feature_std"":[1.1610560062248145,0.7290157997553681,0.7263139508623327,0.7427902500413278,0.7262883191985822,0.7167859486939718],""feature_zscore"":false}","optimized once, then frozen",float64,D:\PhD-Project\GP_RKHS_MINT\GP_RKHS_MINT\Tully_models\GP_MInt_QCLE_Reviewer_Ready_Pipeline_v4\output\fixed_pipeline\final_reviewer_closure\manufactured\runs\l2_1em06\N300_seed123\manufactured_operator_metrics.json,0.0026588475557118444,0.003376643315410408,0.005700586003595274,2.3272630953526195e-05,4.485779295386715e-05,0.00027726504213614056,1e-30,False,0.006107693450509541,0.005909708846220379,0.006959570568328794,5.966105556844211e-05,0.00011016126486983252,0.0011994998213684382,1e-30,False,0.01330110461012539,0.012893774419526566,0.013295014588917886,1.2735458030557242e-06,2.2822923317516557e-06,1.5774063286853814e-05,1e-30,False
1e-06,300,123,off_support,1000,c45fba6bf420fb60bb34b12579ecafe75a74b0af93ca6801707410ff141cedb0,8adc42623eaf38b3b694339ffb761a5904da2b3aec04090b9cc03b8ae4c8ac46,1e-06,0.0,1,-6.383644384731719,0.006010007583753526,0.18769716446362147,"[1.5487870584254657,0.9140613914078534,7.38905609893065,7.38905609893065,7.38905609893065,7.38905609893065]","{""feature_mean"":[0.04759697488458991,7.989469426809722,-0.0005447535597074186,-0.0012090728669985245,0.059451046656329505,0.0014827768812384246],""feature_std"":[1.1610560062248145,0.7290157997553681,0.7263139508623327,0.7427902500413278,0.7262883191985822,0.7167859486939718],""feature_zscore"":false}","optimized once, then frozen",float64,D:\PhD-Project\GP_RKHS_MINT\GP_RKHS_MINT\Tully_models\GP_MInt_QCLE_Reviewer_Ready_Pipeline_v4\output\fixed_pipeline\final_reviewer_closure\manufactured\runs\l2_1em06\N300_seed123\manufactured_operator_metrics.json,0.004825317212069914,0.005408517172184482,0.0062205882320093735,4.45125568156283e-05,7.683624230739823e-05,0.0004980083795173649,1e-30,False,0.007065453720687413,0.007338591985143252,0.022724751873421295,7.328833124702165e-05,0.00014383865294059634,0.0036302578532590654,1e-30,False,0.0157351433929906,0.017261735177000193,0.03406999162431355,1.3999208539873567e-06,2.7555431121932296e-06,3.3961337000863625e-05,1e-30,False
1e-06,300,124,on_support,300,c0383c6f3086c82b982427a104090a5c67cac1eb0faa370362913cc4cec55f79,c0383c6f3086c82b982427a104090a5c67cac1eb0faa370362913cc4cec55f79,1e-06,0.0,1,-12.122084233530206,0.0003967687729459006,0.29923940542603256,"[1.5450001218325977,0.910306488592582,7.38905609893065,7.38905609893065,7.38905609893065,0.7972536501464598]","{""feature_mean"":[0.030550621972160148,8.090922531484313,0.04461459321554819,0.04032919692168462,-0.00794280311991451,0.03665711910977057],""feature_std"":[1.1555530912821674,0.707381735555048,0.6841114382108242,0.7152870455434626,0.6851473072829103,0.6992322257187967],""feature_zscore"":false}","optimized once, then frozen",float64,D:\PhD-Project\GP_RKHS_MINT\GP_RKHS_MINT\Tully_models\GP_MInt_QCLE_Reviewer_Ready_Pipeline_v4\output\fixed_pipeline\final_reviewer_closure\manufactured\runs\l2_1em06\N300_seed124\manufactured_operator_metrics.json,0.00016355910201535723,0.0002323355958554491,0.00031875335062255927,1.5789777377726542e-06,3.4484203655469753e-06,2.3668714472069308e-05,1e-30,False,0.010995171025851888,0.016376724347778416,0.02761676554426587,0.00011451664105746183,0.00031253315487831865,0.004145425870831478,1e-30,False,0.03406622107429858,0.03961108631750914,0.07220197443490474,3.7583464350606557e-06,7.72086532773103e-06,7.066553943747427e-05,1e-30,False
1e-06,300,124,off_support,1000,c0383c6f3086c82b982427a104090a5c67cac1eb0faa370362913cc4cec55f79,7a44f90bc40522438a15e0471bb8c741a765a58c3f0c269db8b897ddf3320707,1e-06,0.0,1,-12.122084233530206,0.0003967687729459006,0.29923940542603256,"[1.5450001218325977,0.910306488592582,7.38905609893065,7.38905609893065,7.38905609893065,0.7972536501464598]","{""feature_mean"":[0.030550621972160148,8.090922531484313,0.04461459321554819,0.04032919692168462,-0.00794280311991451,0.03665711910977057],""feature_std"":[1.1555530912821674,0.707381735555048,0.6841114382108242,0.7152870455434626,0.6851473072829103,0.6992322257187967],""feature_zscore"":false}","optimized once, then frozen",float64,D:\PhD-Project\GP_RKHS_MINT\GP_RKHS_MINT\Tully_models\GP_MInt_QCLE_Reviewer_Ready_Pipeline_v4\output\fixed_pipeline\final_reviewer_closure\manufactured\runs\l2_1em06\N300_seed124\manufactured_operator_metrics.json,0.007833730711027628,0.014429802153510427,0.03715744056778289,7.117731133988835e-05,0.0002004078466284962,0.003341089211370102,1e-30,False,0.013940111681531024,0.020038277724389243,0.04965702395515323,0.0001455299248106073,0.00039760517229050574,0.009135065627930872,1e-30,False,0.041588971522065254,0.053248145297343896,0.14461335557162613,3.7618615368691906e-06,8.433076786825798e-06,0.00013547131283906,1e-30,False
1e-06,300,125,on_support,300,610edbc51b0438eac56eefbee5853185fbbb72ebde05cda21d0b66f0c81e684d,610edbc51b0438eac56eefbee5853185fbbb72ebde05cda21d0b66f0c81e684d,1e-06,0.0,1,-8.180109145172555,0.00033546262790251185,0.20959527639153566,"[1.6008661028032616,0.9287129190632705,7.38905609893065,7.38905609893065,7.38905609893065,7.38905609893065]","{""feature_mean"":[-0.03659904623830572,7.956528165389306,-0.05517061448655018,-0.01591777408187703,-0.007896610332845415,-0.054175943281553396],""feature_std"":[1.181539747716021,0.7014523522101572,0.7098815204626301,0.6794975743883875,0.7007869176854482,0.679827069800108],""feature_zscore"":false}","optimized once, then frozen",float64,D:\PhD-Project\GP_RKHS_MINT\GP_RKHS_MINT\Tully_models\GP_MInt_QCLE_Reviewer_Ready_Pipeline_v4\output\fixed_pipeline\final_reviewer_closure\manufactured\runs\l2_1em06\N300_seed125\manufactured_operator_metrics.json,0.00018873087916893076,0.0002291136497319674,0.0002520941476133503,1.911131845599095e-06,3.5577246213297445e-06,1.9042223838604266e-05,1e-30,False,0.0010640671449020033,0.001472190374244991,0.004889943966826246,1.1772276805440653e-05,3.054933986758475e-05,0.0008587512309367078,1e-30,False,0.0037048905778707896,0.004049747661492274,0.005704196436785829,3.272619664395317e-07,6.167038416884807e-07,4.547623451512891e-06,1e-30,False
1e-06,300,125,off_support,1000,610edbc51b0438eac56eefbee5853185fbbb72ebde05cda21d0b66f0c81e684d,cee255d44780b7999981dd09ddde99ab4e5c07255c7e9c02c1842748d2e9c992,1e-06,0.0,1,-8.180109145172555,0.00033546262790251185,0.20959527639153566,"[1.6008661028032616,0.9287129190632705,7.38905609893065,7.38905609893065,7.38905609893065,7.38905609893065]","{""feature_mean"":[-0.03659904623830572,7.956528165389306,-0.05517061448655018,-0.01591777408187703,-0.007896610332845415,-0.054175943281553396],""feature_std"":[1.181539747716021,0.7014523522101572,0.7098815204626301,0.6794975743883875,0.7007869176854482,0.679827069800108],""feature_zscore"":false}","optimized once, then frozen",float64,D:\PhD-Project\GP_RKHS_MINT\GP_RKHS_MINT\Tully_models\GP_MInt_QCLE_Reviewer_Ready_Pipeline_v4\output\fixed_pipeline\final_reviewer_closure\manufactured\runs\l2_1em06\N300_seed125\manufactured_operator_metrics.json,0.0008680626845549194,0.0011188759651483478,0.002346342871220779,8.472516426006094e-06,1.6788951111109876e-05,0.00016667754703089525,1e-30,False,0.0015700085747474728,0.0023164060084955233,0.009780247233090792,1.710569346007588e-05,4.737299130307824e-05,0.00156330091161236,1e-30,False,0.0045518036363300565,0.006175560479788878,0.01429374964684503,3.9581817445987986e-07,9.826932567811302e-07,1.3959017356994171e-05,1e-30,False
1e-06,600,123,on_support,600,c75a98c378d8daa8a21f3eeaf2326ae111edd5efcf2c41b447afe111115978dd,c75a98c378d8daa8a21f3eeaf2326ae111edd5efcf2c41b447afe111115978dd,1e-06,0.0,1,-17.490045312873903,0.011853388961725388,0.226131671858172,"[1.614715869106606,0.9368030549707547,7.38905609893065,1.6333322944032984,7.38905609893065,7.38905609893065]","{""feature_mean"":[0.014772281850630896,8.01622457503583,-0.0020064135787936023,-0.05090080030567341,-0.0022932162837789555,0.04332549971910421],""feature_std"":[1.2066605705309643,0.7004459732246725,0.7010537538546806,0.7219505155681277,0.7093321180284013,0.7079536762707976],""feature_zscore"":false}","optimized once, then frozen",float64,D:\PhD-Project\GP_RKHS_MINT\GP_RKHS_MINT\Tully_models\GP_MInt_QCLE_Reviewer_Ready_Pipeline_v4\output\fixed_pipeline\final_reviewer_closure\manufactured\runs\l2_1em06\N600_seed123\manufactured_operator_metrics.json,0.0037250469856089405,0.004942137478427175,0.008441223807779208,3.651126706077826e-05,7.426420412310017e-05,0.0006916091880180206,1e-30,False,0.008120538580955575,0.008838295055846119,0.014703536705827656,8.234753296510182e-05,0.0001662473400764523,0.002476498381754927,1e-30,False,0.01579231037112839,0.016857308889565773,0.021011439879831062,1.5536896481287841e-06,3.0808299463901796e-06,2.341459257738422e-05,1e-30,False
1e-06,600,123,off_support,1000,c75a98c378d8daa8a21f3eeaf2326ae111edd5efcf2c41b447afe111115978dd,3c80c86f1602d410ec2f1286ebb61f63eee9258766b45ab1801c407195b87761,1e-06,0.0,1,-17.490045312873903,0.011853388961725388,0.226131671858172,"[1.614715869106606,0.9368030549707547,7.38905609893065,1.6333322944032984,7.38905609893065,7.38905609893065]","{""feature_mean"":[0.014772281850630896,8.01622457503583,-0.0020064135787936023,-0.05090080030567341,-0.0022932162837789555,0.04332549971910421],""feature_std"":[1.2066605705309643,0.7004459732246725,0.7010537538546806,0.7219505155681277,0.7093321180284013,0.7079536762707976],""feature_zscore"":false}","optimized once, then frozen",float64,D:\PhD-Project\GP_RKHS_MINT\GP_RKHS_MINT\Tully_models\GP_MInt_QCLE_Reviewer_Ready_Pipeline_v4\output\fixed_pipeline\final_reviewer_closure\manufactured\runs\l2_1em06\N600_seed123\manufactured_operator_metrics.json,0.005636132846390134,0.007921101156869002,0.019648314894862243,5.377644828747368e-05,0.00011449104276545115,0.0013720050135797215,1e-30,False,0.008857300439388314,0.008969350015539774,0.012643994162572628,9.408946870565834e-05,0.0001830902411057674,0.0021705571881630173,1e-30,False,0.018290552275705044,0.02032600124184366,0.03730444689873692,1.7125222012316939e-06,3.4925548049758766e-06,4.093139884682581e-05,1e-30,False
1e-06,600,124,on_support,600,67097a26380b9722f6cbb7f939d9701c1852ac242c9eb45c94251779bd1c9690,67097a26380b9722f6cbb7f939d9701c1852ac242c9eb45c94251779bd1c9690,1e-06,0.0,1,-15.328993209406708,0.038082698743555056,0.2058668856187969,"[1.5030375541550836,0.9146878151534519,7.38905609893065,7.38905609893065,7.38905609893065,6.67383422580809]","{""feature_mean"":[0.09320890940120477,8.02480818636264,0.04382458795311267,-0.008735393643321234,0.021301301049838756,-0.010068082669509553],""feature_std"":[1.1861040788681612,0.6677250321468454,0.7158596642833427,0.7524022970914289,0.6815266837693887,0.7161174576368715],""feature_zscore"":false}","optimized once, then frozen",float64,D:\PhD-Project\GP_RKHS_MINT\GP_RKHS_MINT\Tully_models\GP_MInt_QCLE_Reviewer_Ready_Pipeline_v4\output\fixed_pipeline\final_reviewer_closure\manufactured\runs\l2_1em06\N600_seed124\manufactured_operator_metrics.json,0.011787024788883597,0.013417152898148809,0.01370532198970457,0.00010752744360590577,0.00018978509247077535,0.00101269513118378,1e-30,False,0.01904106666459653,0.018642932827080336,0.018070340601481227,0.00019714791799117182,0.00036058298395548385,0.002835282438799616,1e-30,False,0.0413385943758523,0.042960940544823134,0.038158238037471676,3.940519508871007e-06,7.466198059388497e-06,4.1983779968792455e-05,1e-30,False
1e-06,600,124,off_support,1000,67097a26380b9722f6cbb7f939d9701c1852ac242c9eb45c94251779bd1c9690,57baeefa7c6bbada2ae98403cdcf6721261aa9193c8c89aaaa9d85d0b85d1119,1e-06,0.0,1,-15.328993209406708,0.038082698743555056,0.2058668856187969,"[1.5030375541550836,0.9146878151534519,7.38905609893065,7.38905609893065,7.38905609893065,6.67383422580809]","{""feature_mean"":[0.09320890940120477,8.02480818636264,0.04382458795311267,-0.008735393643321234,0.021301301049838756,-0.010068082669509553],""feature_std"":[1.1861040788681612,0.6677250321468454,0.7158596642833427,0.7524022970914289,0.6815266837693887,0.7161174576368715],""feature_zscore"":false}","optimized once, then frozen",float64,D:\PhD-Project\GP_RKHS_MINT\GP_RKHS_MINT\Tully_models\GP_MInt_QCLE_Reviewer_Ready_Pipeline_v4\output\fixed_pipeline\final_reviewer_closure\manufactured\runs\l2_1em06\N600_seed124\manufactured_operator_metrics.json,0.013764600207900279,0.015481514140661134,0.015050516873054694,0.000124810127552828,0.00021740073803373092,0.0012497117850387846,1e-30,False,0.01966908601905478,0.01859995840432938,0.026690759366449046,0.0002083787540647357,0.0003753929366110394,0.004312719752232989,1e-30,False,0.044060575939781445,0.04650924876945704,0.04511785089526732,3.960633507601799e-06,7.952342899194087e-06,5.205418916092293e-05,1e-30,False
1e-06,600,125,on_support,600,94767ce9db8da478296f67e82a4b9078b44a637cd3b699cafbba1d2ae0d34582,94767ce9db8da478296f67e82a4b9078b44a637cd3b699cafbba1d2ae0d34582,1e-06,0.0,1,-33.63746933425017,0.00033546262790251185,0.3479053619677021,"[1.6325249497566008,0.9606502815966378,7.38905609893065,7.38905609893065,7.38905609893065,0.726338574374858]","{""feature_mean"":[-0.055561095642607014,7.9765511617731075,-0.0250885163204771,-0.020110474354118914,0.009799868191807006,0.011868831257914735],""feature_std"":[1.1922115762013012,0.6984532644019598,0.681983657403424,0.668666197136049,0.6861356225664703,0.6889013313435153],""feature_zscore"":false}","optimized once, then frozen",float64,D:\PhD-Project\GP_RKHS_MINT\GP_RKHS_MINT\Tully_models\GP_MInt_QCLE_Reviewer_Ready_Pipeline_v4\output\fixed_pipeline\final_reviewer_closure\manufactured\runs\l2_1em06\N600_seed125\manufactured_operator_metrics.json,0.00017568573230404973,0.00021987904259060788,0.0002855745016590992,1.7100781399006545e-06,3.335762322854622e-06,2.4749021770801433e-05,1e-30,False,0.0041821535392083725,0.00749482877770721,0.02681367101176051,4.533220808227915e-05,0.00015593327182668925,0.004942442577193983,1e-30,False,0.02349861558337217,0.031867654794425396,0.07749029191826479,2.1954776674159863e-06,5.1527004604440945e-06,6.41683620515888e-05,1e-30,False
1e-06,600,125,off_support,1000,94767ce9db8da478296f67e82a4b9078b44a637cd3b699cafbba1d2ae0d34582,36bc8167776e04d401f98c5d3d972aab0eb0c4a1e2f8198db5a886b6c29b8723,1e-06,0.0,1,-33.63746933425017,0.00033546262790251185,0.3479053619677021,"[1.6325249497566008,0.9606502815966378,7.38905609893065,7.38905609893065,7.38905609893065,0.726338574374858]","{""feature_mean"":[-0.055561095642607014,7.9765511617731075,-0.0250885163204771,-0.020110474354118914,0.009799868191807006,0.011868831257914735],""feature_std"":[1.1922115762013012,0.6984532644019598,0.681983657403424,0.668666197136049,0.6861356225664703,0.6889013313435153],""feature_zscore"":false}","optimized once, then frozen",float64,D:\PhD-Project\GP_RKHS_MINT\GP_RKHS_MINT\Tully_models\GP_MInt_QCLE_Reviewer_Ready_Pipeline_v4\output\fixed_pipeline\final_reviewer_closure\manufactured\runs\l2_1em06\N600_seed125\manufactured_operator_metrics.json,0.0030879888299929536,0.004989346277079067,0.011405111245104295,2.9332989112678765e-05,7.283581880935027e-05,0.0009057805373065582,1e-30,False,0.005921925031942772,0.010042316333772797,0.04444502510586684,6.182533545128829e-05,0.0001968401876134571,0.007521784825830135,1e-30,False,0.024911520199320542,0.025364258719906087,0.03900783319845767,2.172829189313154e-06,4.100290537069707e-06,3.7151801965220764e-05,1e-30,False
