method,P0,observable,metric,n_seeds,mean,sample_sd,standard_error,ci95_low,ci95_high,confidence_interval_method,source_csv
MIDPOINT,20.0,P0,value1,4,1.1797337476202163,0.24505718616992053,0.12252859308496027,0.7897930792653056,1.569674415975127,"two-sided Student t, df=3",D:\PhD-Project\GP_RKHS_MINT\GP_RKHS_MINT\Tully_models\GP_MInt_QCLE_Reviewer_Ready_Pipeline_v4\output\fixed_pipeline\final_reviewer_closure\timestep\timestep_run_by_run.csv
MIDPOINT,20.0,P0,value2,4,1.3124219585321968,0.7949115493305068,0.3974557746652534,0.04754029693486661,2.577303620129527,"two-sided Student t, df=3",D:\PhD-Project\GP_RKHS_MINT\GP_RKHS_MINT\Tully_models\GP_MInt_QCLE_Reviewer_Ready_Pipeline_v4\output\fixed_pipeline\final_reviewer_closure\timestep\timestep_run_by_run.csv
MIDPOINT,20.0,P0,value3,4,0.8177549218397775,0.19214224952231984,0.09607112476115992,0.5120137257991206,1.1234961178804344,"two-sided Student t, df=3",D:\PhD-Project\GP_RKHS_MINT\GP_RKHS_MINT\Tully_models\GP_MInt_QCLE_Reviewer_Ready_Pipeline_v4\output\fixed_pipeline\final_reviewer_closure\timestep\timestep_run_by_run.csv
MIDPOINT,20.0,P0,D12,4,0.524528066195868,0.4505850086888019,0.22529250434440096,-0.1924532318632095,1.2415093642549455,"two-sided Student t, df=3",D:\PhD-Project\GP_RKHS_MINT\GP_RKHS_MINT\Tully_models\GP_MInt_QCLE_Reviewer_Ready_Pipeline_v4\output\fixed_pipeline\final_reviewer_closure\timestep\timestep_run_by_run.csv
MIDPOINT,20.0,P0,D23,4,0.4221579596990532,0.49474640296216593,0.24737320148108297,-0.3650939713807589,1.2094098907788653,"two-sided Student t, df=3",D:\PhD-Project\GP_RKHS_MINT\GP_RKHS_MINT\Tully_models\GP_MInt_QCLE_Reviewer_Ready_Pipeline_v4\output\fixed_pipeline\final_reviewer_closure\timestep\timestep_run_by_run.csv
MIDPOINT,20.0,P0,raw_observable_seed_spread,4,0.24978048414449722,0.041668857535735036,0.020834428767867518,0.18347603328948908,0.31608493499950535,"two-sided Student t, df=3",D:\PhD-Project\GP_RKHS_MINT\GP_RKHS_MINT\Tully_models\GP_MInt_QCLE_Reviewer_Ready_Pipeline_v4\output\fixed_pipeline\final_reviewer_closure\timestep\timestep_run_by_run.csv
MIDPOINT,20.0,P1,value1,4,-0.17973374761890074,0.24505718616967256,0.12252859308483628,-0.5696744159734168,0.2102069207356154,"two-sided Student t, df=3",D:\PhD-Project\GP_RKHS_MINT\GP_RKHS_MINT\Tully_models\GP_MInt_QCLE_Reviewer_Ready_Pipeline_v4\output\fixed_pipeline\final_reviewer_closure\timestep\timestep_run_by_run.csv
MIDPOINT,20.0,P1,value2,4,-0.3124219585285066,0.7949115493280454,0.3974557746640227,-1.5773036201219202,0.9524597030649069,"two-sided Student t, df=3",D:\PhD-Project\GP_RKHS_MINT\GP_RKHS_MINT\Tully_models\GP_MInt_QCLE_Reviewer_Ready_Pipeline_v4\output\fixed_pipeline\final_reviewer_closure\timestep\timestep_run_by_run.csv
MIDPOINT,20.0,P1,value3,4,0.1822450781646035,0.19214224952155048,0.09607112476077524,-0.12349611787482911,0.4879862742040361,"two-sided Student t, df=3",D:\PhD-Project\GP_RKHS_MINT\GP_RKHS_MINT\Tully_models\GP_MInt_QCLE_Reviewer_Ready_Pipeline_v4\output\fixed_pipeline\final_reviewer_closure\timestep\timestep_run_by_run.csv
MIDPOINT,20.0,P1,D12,4,0.5245280661953075,0.4505850086872889,0.22529250434364445,-0.19245323186136254,1.2415093642519774,"two-sided Student t, df=3",D:\PhD-Project\GP_RKHS_MINT\GP_RKHS_MINT\Tully_models\GP_MInt_QCLE_Reviewer_Ready_Pipeline_v4\output\fixed_pipeline\final_reviewer_closure\timestep\timestep_run_by_run.csv
MIDPOINT,20.0,P1,D23,4,0.42215795969882586,0.4947464029610061,0.24737320148050304,-0.36509397137914057,1.2094098907767923,"two-sided Student t, df=3",D:\PhD-Project\GP_RKHS_MINT\GP_RKHS_MINT\Tully_models\GP_MInt_QCLE_Reviewer_Ready_Pipeline_v4\output\fixed_pipeline\final_reviewer_closure\timestep\timestep_run_by_run.csv
MIDPOINT,20.0,P1,raw_observable_seed_spread,4,0.2497804841446037,0.04166885753573469,0.020834428767867345,0.1834760332895961,0.31608493499961127,"two-sided Student t, df=3",D:\PhD-Project\GP_RKHS_MINT\GP_RKHS_MINT\Tully_models\GP_MInt_QCLE_Reviewer_Ready_Pipeline_v4\output\fixed_pipeline\final_reviewer_closure\timestep\timestep_run_by_run.csv
MIDPOINT,20.0,P_mean,value1,4,21.478320904119656,2.8860413937224734,1.4430206968612367,16.88598501894489,26.07065678929442,"two-sided Student t, df=3",D:\PhD-Project\GP_RKHS_MINT\GP_RKHS_MINT\Tully_models\GP_MInt_QCLE_Reviewer_Ready_Pipeline_v4\output\fixed_pipeline\final_reviewer_closure\timestep\timestep_run_by_run.csv
MIDPOINT,20.0,P_mean,value2,4,24.203043792162568,9.485284470983167,4.742642235491584,9.109839532537281,39.296248051787856,"two-sided Student t, df=3",D:\PhD-Project\GP_RKHS_MINT\GP_RKHS_MINT\Tully_models\GP_MInt_QCLE_Reviewer_Ready_Pipeline_v4\output\fixed_pipeline\final_reviewer_closure\timestep\timestep_run_by_run.csv
MIDPOINT,20.0,P_mean,value3,4,18.45067197177329,3.0838630499940347,1.5419315249970174,13.543557687045201,23.357786256501377,"two-sided Student t, df=3",D:\PhD-Project\GP_RKHS_MINT\GP_RKHS_MINT\Tully_models\GP_MInt_QCLE_Reviewer_Ready_Pipeline_v4\output\fixed_pipeline\final_reviewer_closure\timestep\timestep_run_by_run.csv
MIDPOINT,20.0,P_mean,D12,4,4.913736504612778,5.305150727344214,2.652575363672107,-3.527942160993577,13.355415170219134,"two-sided Student t, df=3",D:\PhD-Project\GP_RKHS_MINT\GP_RKHS_MINT\Tully_models\GP_MInt_QCLE_Reviewer_Ready_Pipeline_v4\output\fixed_pipeline\final_reviewer_closure\timestep\timestep_run_by_run.csv
MIDPOINT,20.0,P_mean,D23,4,3.9570092761973963,5.698215889986362,2.849107944993181,-5.110123776702192,13.024142329096986,"two-sided Student t, df=3",D:\PhD-Project\GP_RKHS_MINT\GP_RKHS_MINT\Tully_models\GP_MInt_QCLE_Reviewer_Ready_Pipeline_v4\output\fixed_pipeline\final_reviewer_closure\timestep\timestep_run_by_run.csv
MIDPOINT,20.0,P_mean,raw_observable_seed_spread,4,2.705607104104078,0.8150111017306539,0.40750555086532697,1.4087425693698898,4.002471638838266,"two-sided Student t, df=3",D:\PhD-Project\GP_RKHS_MINT\GP_RKHS_MINT\Tully_models\GP_MInt_QCLE_Reviewer_Ready_Pipeline_v4\output\fixed_pipeline\final_reviewer_closure\timestep\timestep_run_by_run.csv
MIDPOINT,20.0,P_var,value1,4,-2667.7873768814256,5377.875727816595,2688.9378639082975,-11225.187747015345,5889.612993252493,"two-sided Student t, df=3",D:\PhD-Project\GP_RKHS_MINT\GP_RKHS_MINT\Tully_models\GP_MInt_QCLE_Reviewer_Ready_Pipeline_v4\output\fixed_pipeline\final_reviewer_closure\timestep\timestep_run_by_run.csv
MIDPOINT,20.0,P_var,value2,4,11.376905603078416,78.1429355611606,39.0714677805803,-112.96594267726248,135.71975388341932,"two-sided Student t, df=3",D:\PhD-Project\GP_RKHS_MINT\GP_RKHS_MINT\Tully_models\GP_MInt_QCLE_Reviewer_Ready_Pipeline_v4\output\fixed_pipeline\final_reviewer_closure\timestep\timestep_run_by_run.csv
MIDPOINT,20.0,P_var,value3,4,-13.371294452168279,80.61762556589638,40.30881278294819,-141.6519267636568,114.90933785932023,"two-sided Student t, df=3",D:\PhD-Project\GP_RKHS_MINT\GP_RKHS_MINT\Tully_models\GP_MInt_QCLE_Reviewer_Ready_Pipeline_v4\output\fixed_pipeline\final_reviewer_closure\timestep\timestep_run_by_run.csv
MIDPOINT,20.0,P_var,D12,4,1938.5198094056102,3562.5038220509623,1781.2519110254811,-3730.2187536179645,7607.258372429185,"two-sided Student t, df=3",D:\PhD-Project\GP_RKHS_MINT\GP_RKHS_MINT\Tully_models\GP_MInt_QCLE_Reviewer_Ready_Pipeline_v4\output\fixed_pipeline\final_reviewer_closure\timestep\timestep_run_by_run.csv
MIDPOINT,20.0,P_var,D23,4,82.52569364365466,65.20113634528686,32.60056817264343,-21.22386408754214,186.27525137485145,"two-sided Student t, df=3",D:\PhD-Project\GP_RKHS_MINT\GP_RKHS_MINT\Tully_models\GP_MInt_QCLE_Reviewer_Ready_Pipeline_v4\output\fixed_pipeline\final_reviewer_closure\timestep\timestep_run_by_run.csv
MIDPOINT,20.0,P_var,raw_observable_seed_spread,4,114.57581221735019,30.23940475138879,15.119702375694395,66.45817125482387,162.6934531798765,"two-sided Student t, df=3",D:\PhD-Project\GP_RKHS_MINT\GP_RKHS_MINT\Tully_models\GP_MInt_QCLE_Reviewer_Ready_Pipeline_v4\output\fixed_pipeline\final_reviewer_closure\timestep\timestep_run_by_run.csv
MIDPOINT,20.0,R_mean,value1,4,16.617825244119334,1.9129795719705984,0.9564897859852992,13.573847858668284,19.661802629570385,"two-sided Student t, df=3",D:\PhD-Project\GP_RKHS_MINT\GP_RKHS_MINT\Tully_models\GP_MInt_QCLE_Reviewer_Ready_Pipeline_v4\output\fixed_pipeline\final_reviewer_closure\timestep\timestep_run_by_run.csv
MIDPOINT,20.0,R_mean,value2,4,14.348130716814442,1.9845568477502107,0.9922784238751053,11.19025791293982,17.506003520689063,"two-sided Student t, df=3",D:\PhD-Project\GP_RKHS_MINT\GP_RKHS_MINT\Tully_models\GP_MInt_QCLE_Reviewer_Ready_Pipeline_v4\output\fixed_pipeline\final_reviewer_closure\timestep\timestep_run_by_run.csv
MIDPOINT,20.0,R_mean,value3,4,13.908104018165261,3.949503552916602,1.974751776458301,7.623562523322007,20.192645513008515,"two-sided Student t, df=3",D:\PhD-Project\GP_RKHS_MINT\GP_RKHS_MINT\Tully_models\GP_MInt_QCLE_Reviewer_Ready_Pipeline_v4\output\fixed_pipeline\final_reviewer_closure\timestep\timestep_run_by_run.csv
MIDPOINT,20.0,R_mean,D12,4,2.375013390030162,2.6533399142976237,1.3266699571488119,-1.847042513429706,6.59706929349003,"two-sided Student t, df=3",D:\PhD-Project\GP_RKHS_MINT\GP_RKHS_MINT\Tully_models\GP_MInt_QCLE_Reviewer_Ready_Pipeline_v4\output\fixed_pipeline\final_reviewer_closure\timestep\timestep_run_by_run.csv
MIDPOINT,20.0,R_mean,D23,4,2.205606634693112,2.550076568579698,1.275038284289849,-1.852134242241104,6.263347511627328,"two-sided Student t, df=3",D:\PhD-Project\GP_RKHS_MINT\GP_RKHS_MINT\Tully_models\GP_MInt_QCLE_Reviewer_Ready_Pipeline_v4\output\fixed_pipeline\final_reviewer_closure\timestep\timestep_run_by_run.csv
MIDPOINT,20.0,R_mean,raw_observable_seed_spread,4,2.750586011446138,0.8422192108697155,0.42110960543485776,1.4104273035102612,4.090744719382014,"two-sided Student t, df=3",D:\PhD-Project\GP_RKHS_MINT\GP_RKHS_MINT\Tully_models\GP_MInt_QCLE_Reviewer_Ready_Pipeline_v4\output\fixed_pipeline\final_reviewer_closure\timestep\timestep_run_by_run.csv
MIDPOINT,20.0,R_var,value1,4,-1519.5303343023172,3066.410707001247,1533.2053535006235,-6398.874046792428,3359.813378187794,"two-sided Student t, df=3",D:\PhD-Project\GP_RKHS_MINT\GP_RKHS_MINT\Tully_models\GP_MInt_QCLE_Reviewer_Ready_Pipeline_v4\output\fixed_pipeline\final_reviewer_closure\timestep\timestep_run_by_run.csv
MIDPOINT,20.0,R_var,value2,4,-5.067519314691438,43.79236598306785,21.896182991533927,-74.7509459759267,64.61590734654382,"two-sided Student t, df=3",D:\PhD-Project\GP_RKHS_MINT\GP_RKHS_MINT\Tully_models\GP_MInt_QCLE_Reviewer_Ready_Pipeline_v4\output\fixed_pipeline\final_reviewer_closure\timestep\timestep_run_by_run.csv
MIDPOINT,20.0,R_var,value3,4,-13.114224340865304,50.313602095862414,25.156801047931207,-93.17439288862525,66.94594420689464,"two-sided Student t, df=3",D:\PhD-Project\GP_RKHS_MINT\GP_RKHS_MINT\Tully_models\GP_MInt_QCLE_Reviewer_Ready_Pipeline_v4\output\fixed_pipeline\final_reviewer_closure\timestep\timestep_run_by_run.csv
MIDPOINT,20.0,R_var,D12,4,503.33841705395906,966.4229593249748,483.2114796624874,-1034.4561710688656,2041.1330051767839,"two-sided Student t, df=3",D:\PhD-Project\GP_RKHS_MINT\GP_RKHS_MINT\Tully_models\GP_MInt_QCLE_Reviewer_Ready_Pipeline_v4\output\fixed_pipeline\final_reviewer_closure\timestep\timestep_run_by_run.csv
MIDPOINT,20.0,R_var,D23,4,8.379276427497418,4.099295340332346,2.049647670166173,1.8563827724425828,14.902170082552253,"two-sided Student t, df=3",D:\PhD-Project\GP_RKHS_MINT\GP_RKHS_MINT\Tully_models\GP_MInt_QCLE_Reviewer_Ready_Pipeline_v4\output\fixed_pipeline\final_reviewer_closure\timestep\timestep_run_by_run.csv
MIDPOINT,20.0,R_var,raw_observable_seed_spread,4,22.369197254305995,6.8444148136061225,3.4222074068030612,11.478205936609154,33.26018857200283,"two-sided Student t, df=3",D:\PhD-Project\GP_RKHS_MINT\GP_RKHS_MINT\Tully_models\GP_MInt_QCLE_Reviewer_Ready_Pipeline_v4\output\fixed_pipeline\final_reviewer_closure\timestep\timestep_run_by_run.csv
MIDPOINT,20.0,energy,value1,4,0.10652401698194124,0.017697234743905173,0.008848617371952586,0.07836376731969658,0.1346842666441859,"two-sided Student t, df=3",D:\PhD-Project\GP_RKHS_MINT\GP_RKHS_MINT\Tully_models\GP_MInt_QCLE_Reviewer_Ready_Pipeline_v4\output\fixed_pipeline\final_reviewer_closure\timestep\timestep_run_by_run.csv
MIDPOINT,20.0,energy,value2,4,0.12633722295821065,0.05566114146135936,0.02783057073067968,0.03776792596240676,0.21490651995401455,"two-sided Student t, df=3",D:\PhD-Project\GP_RKHS_MINT\GP_RKHS_MINT\Tully_models\GP_MInt_QCLE_Reviewer_Ready_Pipeline_v4\output\fixed_pipeline\final_reviewer_closure\timestep\timestep_run_by_run.csv
MIDPOINT,20.0,energy,value3,4,0.09369958242261012,0.024484476080402082,0.012242238040201041,0.05473931720316186,0.13265984764205838,"two-sided Student t, df=3",D:\PhD-Project\GP_RKHS_MINT\GP_RKHS_MINT\Tully_models\GP_MInt_QCLE_Reviewer_Ready_Pipeline_v4\output\fixed_pipeline\final_reviewer_closure\timestep\timestep_run_by_run.csv
MIDPOINT,20.0,energy,D12,4,0.03171758967869713,0.02892777683995529,0.014463888419977646,-0.014312958583504565,0.07774813794089883,"two-sided Student t, df=3",D:\PhD-Project\GP_RKHS_MINT\GP_RKHS_MINT\Tully_models\GP_MInt_QCLE_Reviewer_Ready_Pipeline_v4\output\fixed_pipeline\final_reviewer_closure\timestep\timestep_run_by_run.csv
MIDPOINT,20.0,energy,D23,4,0.02318572469581989,0.0316983683554293,0.01584918417771465,-0.027253452932317897,0.07362490232395767,"two-sided Student t, df=3",D:\PhD-Project\GP_RKHS_MINT\GP_RKHS_MINT\Tully_models\GP_MInt_QCLE_Reviewer_Ready_Pipeline_v4\output\fixed_pipeline\final_reviewer_closure\timestep\timestep_run_by_run.csv
MIDPOINT,20.0,energy,raw_observable_seed_spread,4,0.02272042321318272,0.006857380234863324,0.003428690117431662,0.011808801016997664,0.033632045409367775,"two-sided Student t, df=3",D:\PhD-Project\GP_RKHS_MINT\GP_RKHS_MINT\Tully_models\GP_MInt_QCLE_Reviewer_Ready_Pipeline_v4\output\fixed_pipeline\final_reviewer_closure\timestep\timestep_run_by_run.csv
MIDPOINT,20.0,trace,value1,4,1.0000000000013154,2.571973755382867e-13,1.2859868776914334e-13,1.0000000000009062,1.0000000000017246,"two-sided Student t, df=3",D:\PhD-Project\GP_RKHS_MINT\GP_RKHS_MINT\Tully_models\GP_MInt_QCLE_Reviewer_Ready_Pipeline_v4\output\fixed_pipeline\final_reviewer_closure\timestep\timestep_run_by_run.csv
MIDPOINT,20.0,trace,value2,4,1.0000000000036904,2.519048211657316e-12,1.259524105828658e-12,0.999999999999682,1.0000000000076987,"two-sided Student t, df=3",D:\PhD-Project\GP_RKHS_MINT\GP_RKHS_MINT\Tully_models\GP_MInt_QCLE_Reviewer_Ready_Pipeline_v4\output\fixed_pipeline\final_reviewer_closure\timestep\timestep_run_by_run.csv
MIDPOINT,20.0,trace,value3,4,1.000000000004381,1.1693053790508728e-12,5.846526895254364e-13,1.0000000000025202,1.0000000000062417,"two-sided Student t, df=3",D:\PhD-Project\GP_RKHS_MINT\GP_RKHS_MINT\Tully_models\GP_MInt_QCLE_Reviewer_Ready_Pipeline_v4\output\fixed_pipeline\final_reviewer_closure\timestep\timestep_run_by_run.csv
MIDPOINT,20.0,trace,D12,4,1.4495072344896965e-12,1.6538592901372055e-12,8.269296450686027e-13,-1.182151959188905e-12,4.081166428168298e-12,"two-sided Student t, df=3",D:\PhD-Project\GP_RKHS_MINT\GP_RKHS_MINT\Tully_models\GP_MInt_QCLE_Reviewer_Ready_Pipeline_v4\output\fixed_pipeline\final_reviewer_closure\timestep\timestep_run_by_run.csv
MIDPOINT,20.0,trace,D23,4,1.6803570672205395e-12,6.743528661046501e-13,3.3717643305232507e-13,6.07311173624241e-13,2.753402960816838e-12,"two-sided Student t, df=3",D:\PhD-Project\GP_RKHS_MINT\GP_RKHS_MINT\Tully_models\GP_MInt_QCLE_Reviewer_Ready_Pipeline_v4\output\fixed_pipeline\final_reviewer_closure\timestep\timestep_run_by_run.csv
MIDPOINT,20.0,trace,raw_observable_seed_spread,4,8.326333047232493e-13,2.299366738926747e-13,1.1496833694633734e-13,4.667527455837019e-13,1.1985138638627967e-12,"two-sided Student t, df=3",D:\PhD-Project\GP_RKHS_MINT\GP_RKHS_MINT\Tully_models\GP_MInt_QCLE_Reviewer_Ready_Pipeline_v4\output\fixed_pipeline\final_reviewer_closure\timestep\timestep_run_by_run.csv
MIDPOINT,100.0,P0,value1,4,-0.20066263843498433,0.9918231382613371,0.49591156913066853,-1.7788745793626017,1.377549302492633,"two-sided Student t, df=3",D:\PhD-Project\GP_RKHS_MINT\GP_RKHS_MINT\Tully_models\GP_MInt_QCLE_Reviewer_Ready_Pipeline_v4\output\fixed_pipeline\final_reviewer_closure\timestep\timestep_run_by_run.csv
MIDPOINT,100.0,P0,value2,4,-0.19763049587403045,0.956374995336569,0.4781874976682845,-1.7194365310615896,1.3241755393135286,"two-sided Student t, df=3",D:\PhD-Project\GP_RKHS_MINT\GP_RKHS_MINT\Tully_models\GP_MInt_QCLE_Reviewer_Ready_Pipeline_v4\output\fixed_pipeline\final_reviewer_closure\timestep\timestep_run_by_run.csv
MIDPOINT,100.0,P0,value3,4,-0.18039001753550538,0.9626224501838743,0.48131122509193713,-1.7121371475211828,1.3513571124501722,"two-sided Student t, df=3",D:\PhD-Project\GP_RKHS_MINT\GP_RKHS_MINT\Tully_models\GP_MInt_QCLE_Reviewer_Ready_Pipeline_v4\output\fixed_pipeline\final_reviewer_closure\timestep\timestep_run_by_run.csv
MIDPOINT,100.0,P0,D12,4,5.741770698555349,5.721982320042861,2.8609911600214306,-3.3631800481057894,14.846721445216488,"two-sided Student t, df=3",D:\PhD-Project\GP_RKHS_MINT\GP_RKHS_MINT\Tully_models\GP_MInt_QCLE_Reviewer_Ready_Pipeline_v4\output\fixed_pipeline\final_reviewer_closure\timestep\timestep_run_by_run.csv
MIDPOINT,100.0,P0,D23,4,5.815887580232945,5.581945927156131,2.7909729635780653,-3.066234015854339,14.69800917632023,"two-sided Student t, df=3",D:\PhD-Project\GP_RKHS_MINT\GP_RKHS_MINT\Tully_models\GP_MInt_QCLE_Reviewer_Ready_Pipeline_v4\output\fixed_pipeline\final_reviewer_closure\timestep\timestep_run_by_run.csv
MIDPOINT,100.0,P0,raw_observable_seed_spread,4,12.056754129089546,2.1346889844657273,1.0673444922328637,8.659987593317561,15.45352066486153,"two-sided Student t, df=3",D:\PhD-Project\GP_RKHS_MINT\GP_RKHS_MINT\Tully_models\GP_MInt_QCLE_Reviewer_Ready_Pipeline_v4\output\fixed_pipeline\final_reviewer_closure\timestep\timestep_run_by_run.csv
MIDPOINT,100.0,P1,value1,4,1.2006626384351762,0.9918231382614094,0.4959115691307047,-0.37754930249255647,2.778874579362909,"two-sided Student t, df=3",D:\PhD-Project\GP_RKHS_MINT\GP_RKHS_MINT\Tully_models\GP_MInt_QCLE_Reviewer_Ready_Pipeline_v4\output\fixed_pipeline\final_reviewer_closure\timestep\timestep_run_by_run.csv
MIDPOINT,100.0,P1,value2,4,1.197630495874384,0.9563749953365281,0.47818749766826407,-0.32417553931311005,2.719436531061878,"two-sided Student t, df=3",D:\PhD-Project\GP_RKHS_MINT\GP_RKHS_MINT\Tully_models\GP_MInt_QCLE_Reviewer_Ready_Pipeline_v4\output\fixed_pipeline\final_reviewer_closure\timestep\timestep_run_by_run.csv
MIDPOINT,100.0,P1,value3,4,1.1803900175363766,0.962622450183861,0.4813112250919305,-0.3513571124492798,2.712137147522033,"two-sided Student t, df=3",D:\PhD-Project\GP_RKHS_MINT\GP_RKHS_MINT\Tully_models\GP_MInt_QCLE_Reviewer_Ready_Pipeline_v4\output\fixed_pipeline\final_reviewer_closure\timestep\timestep_run_by_run.csv
MIDPOINT,100.0,P1,D12,4,5.741770698555128,5.721982320042364,2.860991160021182,-3.36318004810522,14.846721445215476,"two-sided Student t, df=3",D:\PhD-Project\GP_RKHS_MINT\GP_RKHS_MINT\Tully_models\GP_MInt_QCLE_Reviewer_Ready_Pipeline_v4\output\fixed_pipeline\final_reviewer_closure\timestep\timestep_run_by_run.csv
MIDPOINT,100.0,P1,D23,4,5.815887580232568,5.581945927155652,2.790972963577826,-3.0662340158539543,14.69800917631909,"two-sided Student t, df=3",D:\PhD-Project\GP_RKHS_MINT\GP_RKHS_MINT\Tully_models\GP_MInt_QCLE_Reviewer_Ready_Pipeline_v4\output\fixed_pipeline\final_reviewer_closure\timestep\timestep_run_by_run.csv
MIDPOINT,100.0,P1,raw_observable_seed_spread,4,12.056754129111596,2.134688984470997,1.0673444922354984,8.659987593331227,15.453520664891965,"two-sided Student t, df=3",D:\PhD-Project\GP_RKHS_MINT\GP_RKHS_MINT\Tully_models\GP_MInt_QCLE_Reviewer_Ready_Pipeline_v4\output\fixed_pipeline\final_reviewer_closure\timestep\timestep_run_by_run.csv
MIDPOINT,100.0,P_mean,value1,4,98.80307168215515,1.3847685608182236,0.6923842804091118,96.59959588713026,101.00654747718004,"two-sided Student t, df=3",D:\PhD-Project\GP_RKHS_MINT\GP_RKHS_MINT\Tully_models\GP_MInt_QCLE_Reviewer_Ready_Pipeline_v4\output\fixed_pipeline\final_reviewer_closure\timestep\timestep_run_by_run.csv
MIDPOINT,100.0,P_mean,value2,4,99.3733824174396,1.104552507064828,0.552276253532414,97.61579289488914,101.13097193999006,"two-sided Student t, df=3",D:\PhD-Project\GP_RKHS_MINT\GP_RKHS_MINT\Tully_models\GP_MInt_QCLE_Reviewer_Ready_Pipeline_v4\output\fixed_pipeline\final_reviewer_closure\timestep\timestep_run_by_run.csv
MIDPOINT,100.0,P_mean,value3,4,99.21270369657778,1.057191353268215,0.5285956766341074,97.53047633848432,100.89493105467123,"two-sided Student t, df=3",D:\PhD-Project\GP_RKHS_MINT\GP_RKHS_MINT\Tully_models\GP_MInt_QCLE_Reviewer_Ready_Pipeline_v4\output\fixed_pipeline\final_reviewer_closure\timestep\timestep_run_by_run.csv
MIDPOINT,100.0,P_mean,D12,4,18.245194861312143,17.307048053722387,8.653524026861193,-9.294180705660857,45.78457042828514,"two-sided Student t, df=3",D:\PhD-Project\GP_RKHS_MINT\GP_RKHS_MINT\Tully_models\GP_MInt_QCLE_Reviewer_Ready_Pipeline_v4\output\fixed_pipeline\final_reviewer_closure\timestep\timestep_run_by_run.csv
MIDPOINT,100.0,P_mean,D23,4,17.987144476590917,16.558574559739807,8.279287279869903,-8.361242737618053,44.33553169079988,"two-sided Student t, df=3",D:\PhD-Project\GP_RKHS_MINT\GP_RKHS_MINT\Tully_models\GP_MInt_QCLE_Reviewer_Ready_Pipeline_v4\output\fixed_pipeline\final_reviewer_closure\timestep\timestep_run_by_run.csv
MIDPOINT,100.0,P_mean,raw_observable_seed_spread,4,236.65467242347017,72.36778961969112,36.18389480984556,121.50137007508275,351.80797477185763,"two-sided Student t, df=3",D:\PhD-Project\GP_RKHS_MINT\GP_RKHS_MINT\Tully_models\GP_MInt_QCLE_Reviewer_Ready_Pipeline_v4\output\fixed_pipeline\final_reviewer_closure\timestep\timestep_run_by_run.csv
MIDPOINT,100.0,P_var,value1,4,-5.959258239530497e+45,1.1917872254350878e+46,5.958936127175439e+45,-2.4923252500884884e+46,1.3004736021823893e+46,"two-sided Student t, df=3",D:\PhD-Project\GP_RKHS_MINT\GP_RKHS_MINT\Tully_models\GP_MInt_QCLE_Reviewer_Ready_Pipeline_v4\output\fixed_pipeline\final_reviewer_closure\timestep\timestep_run_by_run.csv
MIDPOINT,100.0,P_var,value2,4,-9.500611711710192e+44,1.7208909943283487e+45,8.604454971641744e+44,-3.6883827645196264e+45,1.7882604221775882e+45,"two-sided Student t, df=3",D:\PhD-Project\GP_RKHS_MINT\GP_RKHS_MINT\Tully_models\GP_MInt_QCLE_Reviewer_Ready_Pipeline_v4\output\fixed_pipeline\final_reviewer_closure\timestep\timestep_run_by_run.csv
MIDPOINT,100.0,P_var,value3,4,-4.785394988795557e+47,9.567725125719857e+47,4.7838625628599284e+47,-2.0009780726956842e+48,1.0438990749365726e+48,"two-sided Student t, df=3",D:\PhD-Project\GP_RKHS_MINT\GP_RKHS_MINT\Tully_models\GP_MInt_QCLE_Reviewer_Ready_Pipeline_v4\output\fixed_pipeline\final_reviewer_closure\timestep\timestep_run_by_run.csv
MIDPOINT,100.0,P_var,D12,4,3.063208154655863e+45,5.90897265105923e+45,2.954486325529615e+45,-6.339285936038738e+45,1.2465702245350463e+46,"two-sided Student t, df=3",D:\PhD-Project\GP_RKHS_MINT\GP_RKHS_MINT\Tully_models\GP_MInt_QCLE_Reviewer_Ready_Pipeline_v4\output\fixed_pipeline\final_reviewer_closure\timestep\timestep_run_by_run.csv
MIDPOINT,100.0,P_var,D23,4,2.380232603811092e+47,4.759065046435703e+47,2.3795325232178515e+47,-5.1925018830072994e+47,9.952967090629483e+47,"two-sided Student t, df=3",D:\PhD-Project\GP_RKHS_MINT\GP_RKHS_MINT\Tully_models\GP_MInt_QCLE_Reviewer_Ready_Pipeline_v4\output\fixed_pipeline\final_reviewer_closure\timestep\timestep_run_by_run.csv
MIDPOINT,100.0,P_var,raw_observable_seed_spread,4,6.511757315708551e+47,2.0147440161326607e+47,1.0073720080663303e+47,3.305849990591069e+47,9.717664640826032e+47,"two-sided Student t, df=3",D:\PhD-Project\GP_RKHS_MINT\GP_RKHS_MINT\Tully_models\GP_MInt_QCLE_Reviewer_Ready_Pipeline_v4\output\fixed_pipeline\final_reviewer_closure\timestep\timestep_run_by_run.csv
MIDPOINT,100.0,R_mean,value1,4,12.809384993124308,0.3930888494120427,0.19654442470602135,12.18389291489441,13.434877071354206,"two-sided Student t, df=3",D:\PhD-Project\GP_RKHS_MINT\GP_RKHS_MINT\Tully_models\GP_MInt_QCLE_Reviewer_Ready_Pipeline_v4\output\fixed_pipeline\final_reviewer_closure\timestep\timestep_run_by_run.csv
MIDPOINT,100.0,R_mean,value2,4,12.520458514458923,0.79869440643791,0.399347203218955,11.249557483049156,13.79135954586869,"two-sided Student t, df=3",D:\PhD-Project\GP_RKHS_MINT\GP_RKHS_MINT\Tully_models\GP_MInt_QCLE_Reviewer_Ready_Pipeline_v4\output\fixed_pipeline\final_reviewer_closure\timestep\timestep_run_by_run.csv
MIDPOINT,100.0,R_mean,value3,4,12.615872910358236,0.6078554176237765,0.30392770881188824,11.64863929637633,13.583106524340142,"two-sided Student t, df=3",D:\PhD-Project\GP_RKHS_MINT\GP_RKHS_MINT\Tully_models\GP_MInt_QCLE_Reviewer_Ready_Pipeline_v4\output\fixed_pipeline\final_reviewer_closure\timestep\timestep_run_by_run.csv
MIDPOINT,100.0,R_mean,D12,4,14.452556189701472,15.51368132417146,7.75684066208573,-10.233172716031994,39.13828509543494,"two-sided Student t, df=3",D:\PhD-Project\GP_RKHS_MINT\GP_RKHS_MINT\Tully_models\GP_MInt_QCLE_Reviewer_Ready_Pipeline_v4\output\fixed_pipeline\final_reviewer_closure\timestep\timestep_run_by_run.csv
MIDPOINT,100.0,R_mean,D23,4,12.427507300815984,14.909609592832105,7.454804796416052,-11.297008680153683,36.15202328178565,"two-sided Student t, df=3",D:\PhD-Project\GP_RKHS_MINT\GP_RKHS_MINT\Tully_models\GP_MInt_QCLE_Reviewer_Ready_Pipeline_v4\output\fixed_pipeline\final_reviewer_closure\timestep\timestep_run_by_run.csv
MIDPOINT,100.0,R_mean,raw_observable_seed_spread,4,233.32636830802647,72.0221074601662,36.0110537300831,118.72312341533045,347.9296132007225,"two-sided Student t, df=3",D:\PhD-Project\GP_RKHS_MINT\GP_RKHS_MINT\Tully_models\GP_MInt_QCLE_Reviewer_Ready_Pipeline_v4\output\fixed_pipeline\final_reviewer_closure\timestep\timestep_run_by_run.csv
MIDPOINT,100.0,R_var,value1,4,-1.0198258814001596e+44,2.0395495201698963e+44,1.0197747600849482e+44,-4.265204298854648e+44,2.2255525360543295e+44,"two-sided Student t, df=3",D:\PhD-Project\GP_RKHS_MINT\GP_RKHS_MINT\Tully_models\GP_MInt_QCLE_Reviewer_Ready_Pipeline_v4\output\fixed_pipeline\final_reviewer_closure\timestep\timestep_run_by_run.csv
MIDPOINT,100.0,R_var,value2,4,-1.2706495152096435e+43,2.252108208780173e+43,1.1260541043900866e+43,-4.854256239276054e+43,2.312957208856767e+43,"two-sided Student t, df=3",D:\PhD-Project\GP_RKHS_MINT\GP_RKHS_MINT\Tully_models\GP_MInt_QCLE_Reviewer_Ready_Pipeline_v4\output\fixed_pipeline\final_reviewer_closure\timestep\timestep_run_by_run.csv
MIDPOINT,100.0,R_var,value3,4,-6.883755666839636e+45,1.3762588787035856e+46,6.881294393517928e+45,-2.8783105585064076e+46,1.5015594251384807e+46,"two-sided Student t, df=3",D:\PhD-Project\GP_RKHS_MINT\GP_RKHS_MINT\Tully_models\GP_MInt_QCLE_Reviewer_Ready_Pipeline_v4\output\fixed_pipeline\final_reviewer_closure\timestep\timestep_run_by_run.csv
MIDPOINT,100.0,R_var,D12,4,2.9536927139053963e+43,5.799611166070264e+43,2.899805583035132e+43,-6.274782849867438e+43,1.2182168277678231e+44,"two-sided Student t, df=3",D:\PhD-Project\GP_RKHS_MINT\GP_RKHS_MINT\Tully_models\GP_MInt_QCLE_Reviewer_Ready_Pipeline_v4\output\fixed_pipeline\final_reviewer_closure\timestep\timestep_run_by_run.csv
MIDPOINT,100.0,R_var,D23,4,2.0130423884093858e+45,4.025398334212558e+45,2.012699167106279e+45,-4.392264639596705e+45,8.418349416415477e+45,"two-sided Student t, df=3",D:\PhD-Project\GP_RKHS_MINT\GP_RKHS_MINT\Tully_models\GP_MInt_QCLE_Reviewer_Ready_Pipeline_v4\output\fixed_pipeline\final_reviewer_closure\timestep\timestep_run_by_run.csv
MIDPOINT,100.0,R_var,raw_observable_seed_spread,4,5.50737225569531e+45,1.7039867869347734e+45,8.519933934673867e+44,2.795949028528424e+45,8.218795482862196e+45,"two-sided Student t, df=3",D:\PhD-Project\GP_RKHS_MINT\GP_RKHS_MINT\Tully_models\GP_MInt_QCLE_Reviewer_Ready_Pipeline_v4\output\fixed_pipeline\final_reviewer_closure\timestep\timestep_run_by_run.csv
MIDPOINT,100.0,energy,value1,4,2.500733889554402,0.09750574302032357,0.048752871510161784,2.3455804937448894,2.6558872853639146,"two-sided Student t, df=3",D:\PhD-Project\GP_RKHS_MINT\GP_RKHS_MINT\Tully_models\GP_MInt_QCLE_Reviewer_Ready_Pipeline_v4\output\fixed_pipeline\final_reviewer_closure\timestep\timestep_run_by_run.csv
MIDPOINT,100.0,energy,value2,4,2.5287403988641404,0.0878773754386508,0.0439386877193254,2.3889078844727343,2.6685729132555465,"two-sided Student t, df=3",D:\PhD-Project\GP_RKHS_MINT\GP_RKHS_MINT\Tully_models\GP_MInt_QCLE_Reviewer_Ready_Pipeline_v4\output\fixed_pipeline\final_reviewer_closure\timestep\timestep_run_by_run.csv
MIDPOINT,100.0,energy,value3,4,2.5199486715948627,0.08718656501264736,0.04359328250632368,2.3812153907474,2.6586819524423255,"two-sided Student t, df=3",D:\PhD-Project\GP_RKHS_MINT\GP_RKHS_MINT\Tully_models\GP_MInt_QCLE_Reviewer_Ready_Pipeline_v4\output\fixed_pipeline\final_reviewer_closure\timestep\timestep_run_by_run.csv
MIDPOINT,100.0,energy,D12,4,0.704143681010788,0.5453411865774686,0.2726705932887343,-0.16361584116061234,1.5719032031821882,"two-sided Student t, df=3",D:\PhD-Project\GP_RKHS_MINT\GP_RKHS_MINT\Tully_models\GP_MInt_QCLE_Reviewer_Ready_Pipeline_v4\output\fixed_pipeline\final_reviewer_closure\timestep\timestep_run_by_run.csv
MIDPOINT,100.0,energy,D23,4,0.721840984859577,0.5309431515209954,0.2654715757604977,-0.12300805057741004,1.5666900202965641,"two-sided Student t, df=3",D:\PhD-Project\GP_RKHS_MINT\GP_RKHS_MINT\Tully_models\GP_MInt_QCLE_Reviewer_Ready_Pipeline_v4\output\fixed_pipeline\final_reviewer_closure\timestep\timestep_run_by_run.csv
MIDPOINT,100.0,energy,raw_observable_seed_spread,4,12.453393451113323,3.803151579350831,1.9015757896754155,6.4017306050427925,18.505056297183852,"two-sided Student t, df=3",D:\PhD-Project\GP_RKHS_MINT\GP_RKHS_MINT\Tully_models\GP_MInt_QCLE_Reviewer_Ready_Pipeline_v4\output\fixed_pipeline\final_reviewer_closure\timestep\timestep_run_by_run.csv
MIDPOINT,100.0,trace,value1,4,1.0000000000001918,7.254688053392717e-14,3.6273440266963586e-14,1.0000000000000764,1.0000000000003073,"two-sided Student t, df=3",D:\PhD-Project\GP_RKHS_MINT\GP_RKHS_MINT\Tully_models\GP_MInt_QCLE_Reviewer_Ready_Pipeline_v4\output\fixed_pipeline\final_reviewer_closure\timestep\timestep_run_by_run.csv
MIDPOINT,100.0,trace,value2,4,1.0000000000003535,6.414425018506569e-14,3.2072125092532846e-14,1.0000000000002514,1.0000000000004556,"two-sided Student t, df=3",D:\PhD-Project\GP_RKHS_MINT\GP_RKHS_MINT\Tully_models\GP_MInt_QCLE_Reviewer_Ready_Pipeline_v4\output\fixed_pipeline\final_reviewer_closure\timestep\timestep_run_by_run.csv
MIDPOINT,100.0,trace,value3,4,1.0000000000008713,7.602253005576585e-14,3.8011265027882926e-14,1.0000000000007503,1.0000000000009923,"two-sided Student t, df=3",D:\PhD-Project\GP_RKHS_MINT\GP_RKHS_MINT\Tully_models\GP_MInt_QCLE_Reviewer_Ready_Pipeline_v4\output\fixed_pipeline\final_reviewer_closure\timestep\timestep_run_by_run.csv
MIDPOINT,100.0,trace,D12,4,7.613066355184553e-13,7.934991640179628e-13,3.967495820089814e-13,-5.013276058691032e-13,2.023940876906014e-12,"two-sided Student t, df=3",D:\PhD-Project\GP_RKHS_MINT\GP_RKHS_MINT\Tully_models\GP_MInt_QCLE_Reviewer_Ready_Pipeline_v4\output\fixed_pipeline\final_reviewer_closure\timestep\timestep_run_by_run.csv
MIDPOINT,100.0,trace,D23,4,1.4371124597679555e-12,1.3474190618654577e-12,6.737095309327289e-13,-7.069319477837014e-13,3.581156867319612e-12,"two-sided Student t, df=3",D:\PhD-Project\GP_RKHS_MINT\GP_RKHS_MINT\Tully_models\GP_MInt_QCLE_Reviewer_Ready_Pipeline_v4\output\fixed_pipeline\final_reviewer_closure\timestep\timestep_run_by_run.csv
MIDPOINT,100.0,trace,raw_observable_seed_spread,4,3.208944423407705e-11,9.902734100491104e-12,4.951367050245552e-12,1.6331984458916852e-11,4.7846904009237247e-11,"two-sided Student t, df=3",D:\PhD-Project\GP_RKHS_MINT\GP_RKHS_MINT\Tully_models\GP_MInt_QCLE_Reviewer_Ready_Pipeline_v4\output\fixed_pipeline\final_reviewer_closure\timestep\timestep_run_by_run.csv
PBME,20.0,P0,value1,4,0.9643420785497491,0.007882487892195618,0.003941243946097809,0.9517992813152661,0.976884875784232,"two-sided Student t, df=3",D:\PhD-Project\GP_RKHS_MINT\GP_RKHS_MINT\Tully_models\GP_MInt_QCLE_Reviewer_Ready_Pipeline_v4\output\fixed_pipeline\final_reviewer_closure\timestep\timestep_run_by_run.csv
PBME,20.0,P0,value2,4,0.9643410256184253,0.007882398987332059,0.003941199493666029,0.9517983698514196,0.9768836813854309,"two-sided Student t, df=3",D:\PhD-Project\GP_RKHS_MINT\GP_RKHS_MINT\Tully_models\GP_MInt_QCLE_Reviewer_Ready_Pipeline_v4\output\fixed_pipeline\final_reviewer_closure\timestep\timestep_run_by_run.csv
PBME,20.0,P0,value3,4,0.9643407623855523,0.007882376761155345,0.003941188380577673,0.9517981419853536,0.976883382785751,"two-sided Student t, df=3",D:\PhD-Project\GP_RKHS_MINT\GP_RKHS_MINT\Tully_models\GP_MInt_QCLE_Reviewer_Ready_Pipeline_v4\output\fixed_pipeline\final_reviewer_closure\timestep\timestep_run_by_run.csv
PBME,20.0,P0,D12,4,7.016855560031077e-07,8.749820700572776e-08,4.374910350286388e-08,5.624563832009197e-07,8.409147288052956e-07,"two-sided Student t, df=3",D:\PhD-Project\GP_RKHS_MINT\GP_RKHS_MINT\Tully_models\GP_MInt_QCLE_Reviewer_Ready_Pipeline_v4\output\fixed_pipeline\final_reviewer_closure\timestep\timestep_run_by_run.csv
PBME,20.0,P0,D23,4,1.7542157227738919e-07,2.1874537946154785e-08,1.0937268973077392e-08,1.4061430104411885e-07,2.1022884351065952e-07,"two-sided Student t, df=3",D:\PhD-Project\GP_RKHS_MINT\GP_RKHS_MINT\Tully_models\GP_MInt_QCLE_Reviewer_Ready_Pipeline_v4\output\fixed_pipeline\final_reviewer_closure\timestep\timestep_run_by_run.csv
PBME,20.0,P0,raw_observable_seed_spread,4,0.010881635403998773,0.0014254316128689607,0.0007127158064344803,0.008613455619093668,0.013149815188903877,"two-sided Student t, df=3",D:\PhD-Project\GP_RKHS_MINT\GP_RKHS_MINT\Tully_models\GP_MInt_QCLE_Reviewer_Ready_Pipeline_v4\output\fixed_pipeline\final_reviewer_closure\timestep\timestep_run_by_run.csv
PBME,20.0,P1,value1,4,0.03565792145088194,0.00788248789219372,0.00394124394609686,0.023115124216402015,0.04820071868536186,"two-sided Student t, df=3",D:\PhD-Project\GP_RKHS_MINT\GP_RKHS_MINT\Tully_models\GP_MInt_QCLE_Reviewer_Ready_Pipeline_v4\output\fixed_pipeline\final_reviewer_closure\timestep\timestep_run_by_run.csv
PBME,20.0,P1,value2,4,0.03565897438274161,0.007882398987329075,0.0039411994936645375,0.0231163186157407,0.048201630149742526,"two-sided Student t, df=3",D:\PhD-Project\GP_RKHS_MINT\GP_RKHS_MINT\Tully_models\GP_MInt_QCLE_Reviewer_Ready_Pipeline_v4\output\fixed_pipeline\final_reviewer_closure\timestep\timestep_run_by_run.csv
PBME,20.0,P1,value3,4,0.03565923761675568,0.007882376761146028,0.003941188380573014,0.023116617216571822,0.04820185801693953,"two-sided Student t, df=3",D:\PhD-Project\GP_RKHS_MINT\GP_RKHS_MINT\Tully_models\GP_MInt_QCLE_Reviewer_Ready_Pipeline_v4\output\fixed_pipeline\final_reviewer_closure\timestep\timestep_run_by_run.csv
PBME,20.0,P1,D12,4,7.016857783696416e-07,8.749820885836922e-08,4.374910442918461e-08,5.624566026194877e-07,8.409149541197956e-07,"two-sided Student t, df=3",D:\PhD-Project\GP_RKHS_MINT\GP_RKHS_MINT\Tully_models\GP_MInt_QCLE_Reviewer_Ready_Pipeline_v4\output\fixed_pipeline\final_reviewer_closure\timestep\timestep_run_by_run.csv
PBME,20.0,P1,D23,4,1.7542202462977694e-07,2.1874541757262855e-08,1.0937270878631428e-08,1.406147473321832e-07,2.102293019273707e-07,"two-sided Student t, df=3",D:\PhD-Project\GP_RKHS_MINT\GP_RKHS_MINT\Tully_models\GP_MInt_QCLE_Reviewer_Ready_Pipeline_v4\output\fixed_pipeline\final_reviewer_closure\timestep\timestep_run_by_run.csv
PBME,20.0,P1,raw_observable_seed_spread,4,0.010881635403995022,0.0014254316128681356,0.0007127158064340678,0.008613455619091229,0.013149815188898815,"two-sided Student t, df=3",D:\PhD-Project\GP_RKHS_MINT\GP_RKHS_MINT\Tully_models\GP_MInt_QCLE_Reviewer_Ready_Pipeline_v4\output\fixed_pipeline\final_reviewer_closure\timestep\timestep_run_by_run.csv
PBME,20.0,P_mean,value1,4,19.785034368357564,0.047649765835501005,0.023824882917750503,19.70921295774214,19.86085577897299,"two-sided Student t, df=3",D:\PhD-Project\GP_RKHS_MINT\GP_RKHS_MINT\Tully_models\GP_MInt_QCLE_Reviewer_Ready_Pipeline_v4\output\fixed_pipeline\final_reviewer_closure\timestep\timestep_run_by_run.csv
PBME,20.0,P_mean,value2,4,19.785028965091662,0.047649398021570005,0.023824699010785003,19.70920813975028,19.860849790433043,"two-sided Student t, df=3",D:\PhD-Project\GP_RKHS_MINT\GP_RKHS_MINT\Tully_models\GP_MInt_QCLE_Reviewer_Ready_Pipeline_v4\output\fixed_pipeline\final_reviewer_closure\timestep\timestep_run_by_run.csv
PBME,20.0,P_mean,value3,4,19.785027614269023,0.04764930606826135,0.023824653034130675,19.709206935245874,19.86084829329217,"two-sided Student t, df=3",D:\PhD-Project\GP_RKHS_MINT\GP_RKHS_MINT\Tully_models\GP_MInt_QCLE_Reviewer_Ready_Pipeline_v4\output\fixed_pipeline\final_reviewer_closure\timestep\timestep_run_by_run.csv
PBME,20.0,P_mean,D12,4,3.497411847017762e-06,4.204614427633061e-07,2.1023072138165305e-07,2.828363864499475e-06,4.166459829536049e-06,"two-sided Student t, df=3",D:\PhD-Project\GP_RKHS_MINT\GP_RKHS_MINT\Tully_models\GP_MInt_QCLE_Reviewer_Ready_Pipeline_v4\output\fixed_pipeline\final_reviewer_closure\timestep\timestep_run_by_run.csv
PBME,20.0,P_mean,D23,4,8.743568708501e-07,1.0511529522812684e-07,5.255764761406342e-08,7.070949793862917e-07,1.0416187623139085e-06,"two-sided Student t, df=3",D:\PhD-Project\GP_RKHS_MINT\GP_RKHS_MINT\Tully_models\GP_MInt_QCLE_Reviewer_Ready_Pipeline_v4\output\fixed_pipeline\final_reviewer_closure\timestep\timestep_run_by_run.csv
PBME,20.0,P_mean,raw_observable_seed_spread,4,0.048541147558747826,0.011959553337525203,0.005979776668762602,0.029510829392819245,0.0675714657246764,"two-sided Student t, df=3",D:\PhD-Project\GP_RKHS_MINT\GP_RKHS_MINT\Tully_models\GP_MInt_QCLE_Reviewer_Ready_Pipeline_v4\output\fixed_pipeline\final_reviewer_closure\timestep\timestep_run_by_run.csv
PBME,20.0,P_var,value1,4,1.6609394060798905,0.11804490904996734,0.05902245452498367,1.4731036137480478,1.8487751984117333,"two-sided Student t, df=3",D:\PhD-Project\GP_RKHS_MINT\GP_RKHS_MINT\Tully_models\GP_MInt_QCLE_Reviewer_Ready_Pipeline_v4\output\fixed_pipeline\final_reviewer_closure\timestep\timestep_run_by_run.csv
PBME,20.0,P_var,value2,4,1.6609426547343276,0.11804563957559844,0.05902281978779922,1.473105699973187,1.848779609495468,"two-sided Student t, df=3",D:\PhD-Project\GP_RKHS_MINT\GP_RKHS_MINT\Tully_models\GP_MInt_QCLE_Reviewer_Ready_Pipeline_v4\output\fixed_pipeline\final_reviewer_closure\timestep\timestep_run_by_run.csv
PBME,20.0,P_var,value3,4,1.6609434669736487,0.11804582220694794,0.05902291110347397,1.4731062216052764,1.848780712342021,"two-sided Student t, df=3",D:\PhD-Project\GP_RKHS_MINT\GP_RKHS_MINT\Tully_models\GP_MInt_QCLE_Reviewer_Ready_Pipeline_v4\output\fixed_pipeline\final_reviewer_closure\timestep\timestep_run_by_run.csv
PBME,20.0,P_var,D12,4,2.995776109565517e-06,3.9445921381926737e-07,1.9722960690963368e-07,2.3681034757632858e-06,3.6234487433677485e-06,"two-sided Student t, df=3",D:\PhD-Project\GP_RKHS_MINT\GP_RKHS_MINT\Tully_models\GP_MInt_QCLE_Reviewer_Ready_Pipeline_v4\output\fixed_pipeline\final_reviewer_closure\timestep\timestep_run_by_run.csv
PBME,20.0,P_var,D23,4,7.489676340914948e-07,9.861520640723168e-08,4.930760320361584e-08,5.920488344537251e-07,9.058864337292644e-07,"two-sided Student t, df=3",D:\PhD-Project\GP_RKHS_MINT\GP_RKHS_MINT\Tully_models\GP_MInt_QCLE_Reviewer_Ready_Pipeline_v4\output\fixed_pipeline\final_reviewer_closure\timestep\timestep_run_by_run.csv
PBME,20.0,P_var,raw_observable_seed_spread,4,0.12236767949854623,0.023125522233341234,0.011562761116670617,0.08556981310391329,0.15916554589317916,"two-sided Student t, df=3",D:\PhD-Project\GP_RKHS_MINT\GP_RKHS_MINT\Tully_models\GP_MInt_QCLE_Reviewer_Ready_Pipeline_v4\output\fixed_pipeline\final_reviewer_closure\timestep\timestep_run_by_run.csv
PBME,20.0,R_mean,value1,4,15.338738601263344,0.022673714253865784,0.011336857126932892,15.302659662186201,15.374817540340487,"two-sided Student t, df=3",D:\PhD-Project\GP_RKHS_MINT\GP_RKHS_MINT\Tully_models\GP_MInt_QCLE_Reviewer_Ready_Pipeline_v4\output\fixed_pipeline\final_reviewer_closure\timestep\timestep_run_by_run.csv
PBME,20.0,R_mean,value2,4,15.338734846030507,0.02267362725250033,0.011336813626250166,15.30265604539195,15.374813646669063,"two-sided Student t, df=3",D:\PhD-Project\GP_RKHS_MINT\GP_RKHS_MINT\Tully_models\GP_MInt_QCLE_Reviewer_Ready_Pipeline_v4\output\fixed_pipeline\final_reviewer_closure\timestep\timestep_run_by_run.csv
PBME,20.0,R_mean,value3,4,15.338733907218144,0.022673605502868927,0.011336802751434463,15.302655141188104,15.374812673248183,"two-sided Student t, df=3",D:\PhD-Project\GP_RKHS_MINT\GP_RKHS_MINT\Tully_models\GP_MInt_QCLE_Reviewer_Ready_Pipeline_v4\output\fixed_pipeline\final_reviewer_closure\timestep\timestep_run_by_run.csv
PBME,20.0,R_mean,D12,4,1.4779704451911085e-06,1.6498896985439993e-07,8.249448492719996e-08,1.2154361764282126e-06,1.7405047139540045e-06,"two-sided Student t, df=3",D:\PhD-Project\GP_RKHS_MINT\GP_RKHS_MINT\Tully_models\GP_MInt_QCLE_Reviewer_Ready_Pipeline_v4\output\fixed_pipeline\final_reviewer_closure\timestep\timestep_run_by_run.csv
PBME,20.0,R_mean,D23,4,3.6949422186553106e-07,4.124723541513789e-08,2.0623617707568946e-08,3.038606658904832e-07,4.351277778405789e-07,"two-sided Student t, df=3",D:\PhD-Project\GP_RKHS_MINT\GP_RKHS_MINT\Tully_models\GP_MInt_QCLE_Reviewer_Ready_Pipeline_v4\output\fixed_pipeline\final_reviewer_closure\timestep\timestep_run_by_run.csv
PBME,20.0,R_mean,raw_observable_seed_spread,4,0.03248801282387832,0.003080334292139329,0.0015401671460696644,0.027586513580348714,0.03738951206740793,"two-sided Student t, df=3",D:\PhD-Project\GP_RKHS_MINT\GP_RKHS_MINT\Tully_models\GP_MInt_QCLE_Reviewer_Ready_Pipeline_v4\output\fixed_pipeline\final_reviewer_closure\timestep\timestep_run_by_run.csv
PBME,20.0,R_var,value1,4,2.3083383153906567,0.16291427470291694,0.08145713735145847,2.049105349587475,2.5675712811938385,"two-sided Student t, df=3",D:\PhD-Project\GP_RKHS_MINT\GP_RKHS_MINT\Tully_models\GP_MInt_QCLE_Reviewer_Ready_Pipeline_v4\output\fixed_pipeline\final_reviewer_closure\timestep\timestep_run_by_run.csv
PBME,20.0,R_var,value2,4,2.3083399738131547,0.16291480494463115,0.08145740247231557,2.049106164277081,2.5675737833492285,"two-sided Student t, df=3",D:\PhD-Project\GP_RKHS_MINT\GP_RKHS_MINT\Tully_models\GP_MInt_QCLE_Reviewer_Ready_Pipeline_v4\output\fixed_pipeline\final_reviewer_closure\timestep\timestep_run_by_run.csv
PBME,20.0,R_var,value3,4,2.3083403884538427,0.16291493750468689,0.08145746875234344,2.049106367985139,2.5675744089225465,"two-sided Student t, df=3",D:\PhD-Project\GP_RKHS_MINT\GP_RKHS_MINT\Tully_models\GP_MInt_QCLE_Reviewer_Ready_Pipeline_v4\output\fixed_pipeline\final_reviewer_closure\timestep\timestep_run_by_run.csv
PBME,20.0,R_var,D12,4,4.892097191890484e-07,1.5420467947388536e-07,7.710233973694268e-08,2.438356629644432e-07,7.345837754136537e-07,"two-sided Student t, df=3",D:\PhD-Project\GP_RKHS_MINT\GP_RKHS_MINT\Tully_models\GP_MInt_QCLE_Reviewer_Ready_Pipeline_v4\output\fixed_pipeline\final_reviewer_closure\timestep\timestep_run_by_run.csv
PBME,20.0,R_var,D23,4,1.2231126689322253e-07,3.855264297428494e-08,1.927632148714247e-08,6.096540879699432e-08,1.8365712498945073e-07,"two-sided Student t, df=3",D:\PhD-Project\GP_RKHS_MINT\GP_RKHS_MINT\Tully_models\GP_MInt_QCLE_Reviewer_Ready_Pipeline_v4\output\fixed_pipeline\final_reviewer_closure\timestep\timestep_run_by_run.csv
PBME,20.0,R_var,raw_observable_seed_spread,4,0.10509016716260348,0.006968087372872029,0.0034840436864360144,0.09400238520525622,0.11617794911995075,"two-sided Student t, df=3",D:\PhD-Project\GP_RKHS_MINT\GP_RKHS_MINT\Tully_models\GP_MInt_QCLE_Reviewer_Ready_Pipeline_v4\output\fixed_pipeline\final_reviewer_closure\timestep\timestep_run_by_run.csv
PBME,20.0,energy,value1,4,0.10006042233582542,8.184118478537273e-05,4.0920592392686366e-05,0.09993019474775527,0.10019064992389556,"two-sided Student t, df=3",D:\PhD-Project\GP_RKHS_MINT\GP_RKHS_MINT\Tully_models\GP_MInt_QCLE_Reviewer_Ready_Pipeline_v4\output\fixed_pipeline\final_reviewer_closure\timestep\timestep_run_by_run.csv
PBME,20.0,energy,value2,4,0.10006042233507506,8.184118501896853e-05,4.092059250948427e-05,0.09993019474663321,0.10019064992351691,"two-sided Student t, df=3",D:\PhD-Project\GP_RKHS_MINT\GP_RKHS_MINT\Tully_models\GP_MInt_QCLE_Reviewer_Ready_Pipeline_v4\output\fixed_pipeline\final_reviewer_closure\timestep\timestep_run_by_run.csv
PBME,20.0,energy,value3,4,0.10006042233487497,8.184118507723993e-05,4.0920592538619964e-05,0.09993019474634039,0.10019064992340955,"two-sided Student t, df=3",D:\PhD-Project\GP_RKHS_MINT\GP_RKHS_MINT\Tully_models\GP_MInt_QCLE_Reviewer_Ready_Pipeline_v4\output\fixed_pipeline\final_reviewer_closure\timestep\timestep_run_by_run.csv
PBME,20.0,energy,D12,4,4.9315509470979715e-09,9.595884962786953e-11,4.7979424813934765e-11,4.778859003869201e-09,5.084242890326742e-09,"two-sided Student t, df=3",D:\PhD-Project\GP_RKHS_MINT\GP_RKHS_MINT\Tully_models\GP_MInt_QCLE_Reviewer_Ready_Pipeline_v4\output\fixed_pipeline\final_reviewer_closure\timestep\timestep_run_by_run.csv
PBME,20.0,energy,D23,4,1.2328954701661711e-09,2.3989511497918247e-11,1.1994755748959123e-11,1.194722804050109e-09,1.2710681362822332e-09,"two-sided Student t, df=3",D:\PhD-Project\GP_RKHS_MINT\GP_RKHS_MINT\Tully_models\GP_MInt_QCLE_Reviewer_Ready_Pipeline_v4\output\fixed_pipeline\final_reviewer_closure\timestep\timestep_run_by_run.csv
PBME,20.0,energy,raw_observable_seed_spread,4,0.00011200154181038383,3.369695831059783e-05,1.6848479155298916e-05,5.838216157294388e-05,0.00016562092204782378,"two-sided Student t, df=3",D:\PhD-Project\GP_RKHS_MINT\GP_RKHS_MINT\Tully_models\GP_MInt_QCLE_Reviewer_Ready_Pipeline_v4\output\fixed_pipeline\final_reviewer_closure\timestep\timestep_run_by_run.csv
PBME,20.0,trace,value1,4,1.000000000000631,2.090838153253325e-15,1.0454190766266624e-15,1.0000000000006277,1.0000000000006344,"two-sided Student t, df=3",D:\PhD-Project\GP_RKHS_MINT\GP_RKHS_MINT\Tully_models\GP_MInt_QCLE_Reviewer_Ready_Pipeline_v4\output\fixed_pipeline\final_reviewer_closure\timestep\timestep_run_by_run.csv
PBME,20.0,trace,value2,4,1.0000000000011668,3.0820772324905083e-15,1.5410386162452542e-15,1.000000000001162,1.0000000000011717,"two-sided Student t, df=3",D:\PhD-Project\GP_RKHS_MINT\GP_RKHS_MINT\Tully_models\GP_MInt_QCLE_Reviewer_Ready_Pipeline_v4\output\fixed_pipeline\final_reviewer_closure\timestep\timestep_run_by_run.csv
PBME,20.0,trace,value3,4,1.000000000002308,1.0457334411132827e-14,5.2286672055664135e-15,1.0000000000022913,1.0000000000023246,"two-sided Student t, df=3",D:\PhD-Project\GP_RKHS_MINT\GP_RKHS_MINT\Tully_models\GP_MInt_QCLE_Reviewer_Ready_Pipeline_v4\output\fixed_pipeline\final_reviewer_closure\timestep\timestep_run_by_run.csv
PBME,20.0,trace,D12,4,2.897971018634313e-13,1.2587218312207527e-15,6.293609156103764e-16,2.8779419454285673e-13,2.918000091840059e-13,"two-sided Student t, df=3",D:\PhD-Project\GP_RKHS_MINT\GP_RKHS_MINT\Tully_models\GP_MInt_QCLE_Reviewer_Ready_Pipeline_v4\output\fixed_pipeline\final_reviewer_closure\timestep\timestep_run_by_run.csv
PBME,20.0,trace,D23,4,5.910865599741375e-13,3.8388024170172344e-15,1.9194012085086172e-15,5.849781686897611e-13,5.971949512585138e-13,"two-sided Student t, df=3",D:\PhD-Project\GP_RKHS_MINT\GP_RKHS_MINT\Tully_models\GP_MInt_QCLE_Reviewer_Ready_Pipeline_v4\output\fixed_pipeline\final_reviewer_closure\timestep\timestep_run_by_run.csv
PBME,20.0,trace,raw_observable_seed_spread,4,9.90433534850947e-15,1.611610426523383e-15,8.058052132616915e-16,7.339903524786004e-15,1.2468767172232938e-14,"two-sided Student t, df=3",D:\PhD-Project\GP_RKHS_MINT\GP_RKHS_MINT\Tully_models\GP_MInt_QCLE_Reviewer_Ready_Pipeline_v4\output\fixed_pipeline\final_reviewer_closure\timestep\timestep_run_by_run.csv
PBME,100.0,P0,value1,4,0.1374414499355042,0.015360487116952088,0.007680243558476044,0.11299948719914885,0.16188341267185954,"two-sided Student t, df=3",D:\PhD-Project\GP_RKHS_MINT\GP_RKHS_MINT\Tully_models\GP_MInt_QCLE_Reviewer_Ready_Pipeline_v4\output\fixed_pipeline\final_reviewer_closure\timestep\timestep_run_by_run.csv
PBME,100.0,P0,value2,4,0.13745098571501768,0.015360736705634067,0.007680368352817033,0.11300862582737294,0.16189334560266244,"two-sided Student t, df=3",D:\PhD-Project\GP_RKHS_MINT\GP_RKHS_MINT\Tully_models\GP_MInt_QCLE_Reviewer_Ready_Pipeline_v4\output\fixed_pipeline\final_reviewer_closure\timestep\timestep_run_by_run.csv
PBME,100.0,P0,value3,4,0.13745336970487337,0.015360799097574113,0.007680399548787057,0.11301091053772909,0.16189582887201767,"two-sided Student t, df=3",D:\PhD-Project\GP_RKHS_MINT\GP_RKHS_MINT\Tully_models\GP_MInt_QCLE_Reviewer_Ready_Pipeline_v4\output\fixed_pipeline\final_reviewer_closure\timestep\timestep_run_by_run.csv
PBME,100.0,P0,D12,4,6.742377754529509e-06,1.4498539004702582e-07,7.249269502351291e-08,6.511673645091831e-06,6.9730818639671864e-06,"two-sided Student t, df=3",D:\PhD-Project\GP_RKHS_MINT\GP_RKHS_MINT\Tully_models\GP_MInt_QCLE_Reviewer_Ready_Pipeline_v4\output\fixed_pipeline\final_reviewer_closure\timestep\timestep_run_by_run.csv
PBME,100.0,P0,D23,4,1.6856232430237418e-06,3.62438477102684e-08,1.81219238551342e-08,1.6279511934063272e-06,1.7432952926411565e-06,"two-sided Student t, df=3",D:\PhD-Project\GP_RKHS_MINT\GP_RKHS_MINT\Tully_models\GP_MInt_QCLE_Reviewer_Ready_Pipeline_v4\output\fixed_pipeline\final_reviewer_closure\timestep\timestep_run_by_run.csv
PBME,100.0,P0,raw_observable_seed_spread,4,0.015523141890215985,0.004472319040115782,0.002236159520057891,0.008406684287581519,0.02263959949285045,"two-sided Student t, df=3",D:\PhD-Project\GP_RKHS_MINT\GP_RKHS_MINT\Tully_models\GP_MInt_QCLE_Reviewer_Ready_Pipeline_v4\output\fixed_pipeline\final_reviewer_closure\timestep\timestep_run_by_run.csv
PBME,100.0,P1,value1,4,0.862558550064614,0.015360487116951302,0.007680243558475651,0.8381165873282599,0.8870005128009681,"two-sided Student t, df=3",D:\PhD-Project\GP_RKHS_MINT\GP_RKHS_MINT\Tully_models\GP_MInt_QCLE_Reviewer_Ready_Pipeline_v4\output\fixed_pipeline\final_reviewer_closure\timestep\timestep_run_by_run.csv
PBME,100.0,P1,value2,4,0.8625490142852084,0.015360736705633884,0.007680368352816942,0.8381066543975639,0.8869913741728528,"two-sided Student t, df=3",D:\PhD-Project\GP_RKHS_MINT\GP_RKHS_MINT\Tully_models\GP_MInt_QCLE_Reviewer_Ready_Pipeline_v4\output\fixed_pipeline\final_reviewer_closure\timestep\timestep_run_by_run.csv
PBME,100.0,P1,value3,4,0.8625466302955745,0.015360799097573208,0.007680399548786604,0.8381041711284317,0.8869890894627174,"two-sided Student t, df=3",D:\PhD-Project\GP_RKHS_MINT\GP_RKHS_MINT\Tully_models\GP_MInt_QCLE_Reviewer_Ready_Pipeline_v4\output\fixed_pipeline\final_reviewer_closure\timestep\timestep_run_by_run.csv
PBME,100.0,P1,D12,4,6.742377711650692e-06,1.4498539067142333e-07,7.249269533571167e-08,6.511673601219459e-06,6.973081822081925e-06,"two-sided Student t, df=3",D:\PhD-Project\GP_RKHS_MINT\GP_RKHS_MINT\Tully_models\GP_MInt_QCLE_Reviewer_Ready_Pipeline_v4\output\fixed_pipeline\final_reviewer_closure\timestep\timestep_run_by_run.csv
PBME,100.0,P1,D23,4,1.685623154406865e-06,3.624384769018567e-08,1.8121923845092835e-08,1.6279511048214066e-06,1.7432952039923234e-06,"two-sided Student t, df=3",D:\PhD-Project\GP_RKHS_MINT\GP_RKHS_MINT\Tully_models\GP_MInt_QCLE_Reviewer_Ready_Pipeline_v4\output\fixed_pipeline\final_reviewer_closure\timestep\timestep_run_by_run.csv
PBME,100.0,P1,raw_observable_seed_spread,4,0.01552314189021603,0.004472319040115662,0.002236159520057831,0.008406684287581755,0.022639599492850306,"two-sided Student t, df=3",D:\PhD-Project\GP_RKHS_MINT\GP_RKHS_MINT\Tully_models\GP_MInt_QCLE_Reviewer_Ready_Pipeline_v4\output\fixed_pipeline\final_reviewer_closure\timestep\timestep_run_by_run.csv
PBME,100.0,P_mean,value1,4,99.13247517184014,0.02025339520065191,0.010126697600325954,99.10024750047725,99.16470284320303,"two-sided Student t, df=3",D:\PhD-Project\GP_RKHS_MINT\GP_RKHS_MINT\Tully_models\GP_MInt_QCLE_Reviewer_Ready_Pipeline_v4\output\fixed_pipeline\final_reviewer_closure\timestep\timestep_run_by_run.csv
PBME,100.0,P_mean,value2,4,99.13248473740245,0.020253597612844794,0.010126798806422397,99.10025674395659,99.16471273084831,"two-sided Student t, df=3",D:\PhD-Project\GP_RKHS_MINT\GP_RKHS_MINT\Tully_models\GP_MInt_QCLE_Reviewer_Ready_Pipeline_v4\output\fixed_pipeline\final_reviewer_closure\timestep\timestep_run_by_run.csv
PBME,100.0,P_mean,value3,4,99.13248712883811,0.0202536482106965,0.01012682410534825,99.10025905487979,99.16471520279643,"two-sided Student t, df=3",D:\PhD-Project\GP_RKHS_MINT\GP_RKHS_MINT\Tully_models\GP_MInt_QCLE_Reviewer_Ready_Pipeline_v4\output\fixed_pipeline\final_reviewer_closure\timestep\timestep_run_by_run.csv
PBME,100.0,P_mean,D12,4,6.819460356525589e-06,1.4270278650075838e-07,7.135139325037919e-08,6.592388378699036e-06,7.046532334352143e-06,"two-sided Student t, df=3",D:\PhD-Project\GP_RKHS_MINT\GP_RKHS_MINT\Tully_models\GP_MInt_QCLE_Reviewer_Ready_Pipeline_v4\output\fixed_pipeline\final_reviewer_closure\timestep\timestep_run_by_run.csv
PBME,100.0,P_mean,D23,4,1.7048883425392316e-06,3.567305293408184e-08,1.783652646704092e-08,1.6481245547850923e-06,1.761652130293371e-06,"two-sided Student t, df=3",D:\PhD-Project\GP_RKHS_MINT\GP_RKHS_MINT\Tully_models\GP_MInt_QCLE_Reviewer_Ready_Pipeline_v4\output\fixed_pipeline\final_reviewer_closure\timestep\timestep_run_by_run.csv
PBME,100.0,P_mean,raw_observable_seed_spread,4,0.02078170291627358,0.005134313063221101,0.0025671565316105504,0.012611865097163222,0.02895154073538394,"two-sided Student t, df=3",D:\PhD-Project\GP_RKHS_MINT\GP_RKHS_MINT\Tully_models\GP_MInt_QCLE_Reviewer_Ready_Pipeline_v4\output\fixed_pipeline\final_reviewer_closure\timestep\timestep_run_by_run.csv
PBME,100.0,P_var,value1,4,0.44416639127030066,0.011564369283686553,0.0057821846418432766,0.4257648991203951,0.4625678834202062,"two-sided Student t, df=3",D:\PhD-Project\GP_RKHS_MINT\GP_RKHS_MINT\Tully_models\GP_MInt_QCLE_Reviewer_Ready_Pipeline_v4\output\fixed_pipeline\final_reviewer_closure\timestep\timestep_run_by_run.csv
PBME,100.0,P_var,value2,4,0.44417703005274234,0.011564596076780113,0.005782298038390057,0.4257751770244155,0.4625788830810692,"two-sided Student t, df=3",D:\PhD-Project\GP_RKHS_MINT\GP_RKHS_MINT\Tully_models\GP_MInt_QCLE_Reviewer_Ready_Pipeline_v4\output\fixed_pipeline\final_reviewer_closure\timestep\timestep_run_by_run.csv
PBME,100.0,P_var,value3,4,0.44417968975631084,0.011564652773020417,0.005782326386510208,0.4257777465116137,0.46258163300100796,"two-sided Student t, df=3",D:\PhD-Project\GP_RKHS_MINT\GP_RKHS_MINT\Tully_models\GP_MInt_QCLE_Reviewer_Ready_Pipeline_v4\output\fixed_pipeline\final_reviewer_closure\timestep\timestep_run_by_run.csv
PBME,100.0,P_var,D12,4,7.477870923028014e-06,1.3863365683576497e-07,6.931682841788248e-08,7.2572738385355e-06,7.698468007520528e-06,"two-sided Student t, df=3",D:\PhD-Project\GP_RKHS_MINT\GP_RKHS_MINT\Tully_models\GP_MInt_QCLE_Reviewer_Ready_Pipeline_v4\output\fixed_pipeline\final_reviewer_closure\timestep\timestep_run_by_run.csv
PBME,100.0,P_var,D23,4,1.869451295082654e-06,3.4659800469602117e-08,1.7329900234801058e-08,1.8142998181094664e-06,1.9246027720558416e-06,"two-sided Student t, df=3",D:\PhD-Project\GP_RKHS_MINT\GP_RKHS_MINT\Tully_models\GP_MInt_QCLE_Reviewer_Ready_Pipeline_v4\output\fixed_pipeline\final_reviewer_closure\timestep\timestep_run_by_run.csv
PBME,100.0,P_var,raw_observable_seed_spread,4,0.015089821757074386,0.0006166582560007538,0.0003083291280003769,0.014108580862858067,0.016071062651290702,"two-sided Student t, df=3",D:\PhD-Project\GP_RKHS_MINT\GP_RKHS_MINT\Tully_models\GP_MInt_QCLE_Reviewer_Ready_Pipeline_v4\output\fixed_pipeline\final_reviewer_closure\timestep\timestep_run_by_run.csv
PBME,100.0,R_mean,value1,4,14.894281203235463,0.02706887979175167,0.013534439895875836,14.851208574994741,14.937353831476186,"two-sided Student t, df=3",D:\PhD-Project\GP_RKHS_MINT\GP_RKHS_MINT\Tully_models\GP_MInt_QCLE_Reviewer_Ready_Pipeline_v4\output\fixed_pipeline\final_reviewer_closure\timestep\timestep_run_by_run.csv
PBME,100.0,R_mean,value2,4,14.894282302995933,0.02706891426163825,0.013534457130819124,14.85120961990593,14.937354986085936,"two-sided Student t, df=3",D:\PhD-Project\GP_RKHS_MINT\GP_RKHS_MINT\Tully_models\GP_MInt_QCLE_Reviewer_Ready_Pipeline_v4\output\fixed_pipeline\final_reviewer_closure\timestep\timestep_run_by_run.csv
PBME,100.0,R_mean,value3,4,14.894282577941402,0.02706892287885531,0.013534461439427655,14.851209881139482,14.937355274743322,"two-sided Student t, df=3",D:\PhD-Project\GP_RKHS_MINT\GP_RKHS_MINT\Tully_models\GP_MInt_QCLE_Reviewer_Ready_Pipeline_v4\output\fixed_pipeline\final_reviewer_closure\timestep\timestep_run_by_run.csv
PBME,100.0,R_mean,D12,4,3.9380426509771844e-07,1.8189790565396215e-08,9.094895282698107e-09,3.6486024920834856e-07,4.227482809870883e-07,"two-sided Student t, df=3",D:\PhD-Project\GP_RKHS_MINT\GP_RKHS_MINT\Tully_models\GP_MInt_QCLE_Reviewer_Ready_Pipeline_v4\output\fixed_pipeline\final_reviewer_closure\timestep\timestep_run_by_run.csv
PBME,100.0,R_mean,D23,4,9.845301545842388e-08,4.547207596875488e-09,2.273603798437744e-09,9.121739345040541e-08,1.0568863746644235e-07,"two-sided Student t, df=3",D:\PhD-Project\GP_RKHS_MINT\GP_RKHS_MINT\Tully_models\GP_MInt_QCLE_Reviewer_Ready_Pipeline_v4\output\fixed_pipeline\final_reviewer_closure\timestep\timestep_run_by_run.csv
PBME,100.0,R_mean,raw_observable_seed_spread,4,0.0381307878201629,0.005408266574087431,0.0027041332870437157,0.02952502883181444,0.046736546808511366,"two-sided Student t, df=3",D:\PhD-Project\GP_RKHS_MINT\GP_RKHS_MINT\Tully_models\GP_MInt_QCLE_Reviewer_Ready_Pipeline_v4\output\fixed_pipeline\final_reviewer_closure\timestep\timestep_run_by_run.csv
PBME,100.0,R_var,value1,4,0.9854677821168494,0.04408754047398474,0.02204377023699237,0.9153146669715978,1.0556208972621008,"two-sided Student t, df=3",D:\PhD-Project\GP_RKHS_MINT\GP_RKHS_MINT\Tully_models\GP_MInt_QCLE_Reviewer_Ready_Pipeline_v4\output\fixed_pipeline\final_reviewer_closure\timestep\timestep_run_by_run.csv
PBME,100.0,R_var,value2,4,0.9854681915816954,0.04408758646245442,0.02204379323122721,0.9153150032585261,1.0556213799048646,"two-sided Student t, df=3",D:\PhD-Project\GP_RKHS_MINT\GP_RKHS_MINT\Tully_models\GP_MInt_QCLE_Reviewer_Ready_Pipeline_v4\output\fixed_pipeline\final_reviewer_closure\timestep\timestep_run_by_run.csv
PBME,100.0,R_var,value3,4,0.9854682939485997,0.044087597958947684,0.022043798979473842,0.9153150873319442,1.0556215005652552,"two-sided Student t, df=3",D:\PhD-Project\GP_RKHS_MINT\GP_RKHS_MINT\Tully_models\GP_MInt_QCLE_Reviewer_Ready_Pipeline_v4\output\fixed_pipeline\final_reviewer_closure\timestep\timestep_run_by_run.csv
PBME,100.0,R_var,D12,4,1.805959479755186e-07,3.227473202310403e-08,1.6137366011552016e-08,1.2923964713503505e-07,2.3195224881600217e-07,"two-sided Student t, df=3",D:\PhD-Project\GP_RKHS_MINT\GP_RKHS_MINT\Tully_models\GP_MInt_QCLE_Reviewer_Ready_Pipeline_v4\output\fixed_pipeline\final_reviewer_closure\timestep\timestep_run_by_run.csv
PBME,100.0,R_var,D23,4,4.514940225757765e-08,8.06860835299717e-09,4.034304176498585e-09,3.231044583668686e-08,5.798835867846844e-08,"two-sided Student t, df=3",D:\PhD-Project\GP_RKHS_MINT\GP_RKHS_MINT\Tully_models\GP_MInt_QCLE_Reviewer_Ready_Pipeline_v4\output\fixed_pipeline\final_reviewer_closure\timestep\timestep_run_by_run.csv
PBME,100.0,R_var,raw_observable_seed_spread,4,0.057835898883751576,0.016310369249224396,0.008155184624612198,0.03188246170624345,0.0837893360612597,"two-sided Student t, df=3",D:\PhD-Project\GP_RKHS_MINT\GP_RKHS_MINT\Tully_models\GP_MInt_QCLE_Reviewer_Ready_Pipeline_v4\output\fixed_pipeline\final_reviewer_closure\timestep\timestep_run_by_run.csv
PBME,100.0,energy,value1,4,2.5000509511085713,0.000412832714826414,0.000206416357413207,2.4993940421345715,2.500707860082571,"two-sided Student t, df=3",D:\PhD-Project\GP_RKHS_MINT\GP_RKHS_MINT\Tully_models\GP_MInt_QCLE_Reviewer_Ready_Pipeline_v4\output\fixed_pipeline\final_reviewer_closure\timestep\timestep_run_by_run.csv
PBME,100.0,energy,value2,4,2.5000509511102744,0.0004128327155377912,0.0002064163577688956,2.4993940421351426,2.5007078600854062,"two-sided Student t, df=3",D:\PhD-Project\GP_RKHS_MINT\GP_RKHS_MINT\Tully_models\GP_MInt_QCLE_Reviewer_Ready_Pipeline_v4\output\fixed_pipeline\final_reviewer_closure\timestep\timestep_run_by_run.csv
PBME,100.0,energy,value3,4,2.5000509511107007,0.00041283271571612636,0.00020641635785806318,2.499394042135285,2.5007078600861163,"two-sided Student t, df=3",D:\PhD-Project\GP_RKHS_MINT\GP_RKHS_MINT\Tully_models\GP_MInt_QCLE_Reviewer_Ready_Pipeline_v4\output\fixed_pipeline\final_reviewer_closure\timestep\timestep_run_by_run.csv
PBME,100.0,energy,D12,4,5.984629802874168e-08,2.8362249270275775e-09,1.4181124635137888e-09,5.533323125875466e-08,6.435936479872871e-08,"two-sided Student t, df=3",D:\PhD-Project\GP_RKHS_MINT\GP_RKHS_MINT\Tully_models\GP_MInt_QCLE_Reviewer_Ready_Pipeline_v4\output\fixed_pipeline\final_reviewer_closure\timestep\timestep_run_by_run.csv
PBME,100.0,energy,D23,4,1.496093038820354e-08,7.090306326067841e-10,3.5451531630339206e-10,1.3832704429667128e-08,1.608915634673995e-08,"two-sided Student t, df=3",D:\PhD-Project\GP_RKHS_MINT\GP_RKHS_MINT\Tully_models\GP_MInt_QCLE_Reviewer_Ready_Pipeline_v4\output\fixed_pipeline\final_reviewer_closure\timestep\timestep_run_by_run.csv
PBME,100.0,energy,raw_observable_seed_spread,4,0.0005649670753051497,0.00016999520067330644,8.499760033665322e-05,0.00029446677615573924,0.0008354673744545601,"two-sided Student t, df=3",D:\PhD-Project\GP_RKHS_MINT\GP_RKHS_MINT\Tully_models\GP_MInt_QCLE_Reviewer_Ready_Pipeline_v4\output\fixed_pipeline\final_reviewer_closure\timestep\timestep_run_by_run.csv
PBME,100.0,trace,value1,4,1.0000000000001181,7.475135279923368e-16,3.737567639961684e-16,1.000000000000117,1.0000000000001192,"two-sided Student t, df=3",D:\PhD-Project\GP_RKHS_MINT\GP_RKHS_MINT\Tully_models\GP_MInt_QCLE_Reviewer_Ready_Pipeline_v4\output\fixed_pipeline\final_reviewer_closure\timestep\timestep_run_by_run.csv
PBME,100.0,trace,value2,4,1.000000000000226,1.4616765322647737e-15,7.308382661323868e-16,1.0000000000002238,1.0000000000002283,"two-sided Student t, df=3",D:\PhD-Project\GP_RKHS_MINT\GP_RKHS_MINT\Tully_models\GP_MInt_QCLE_Reviewer_Ready_Pipeline_v4\output\fixed_pipeline\final_reviewer_closure\timestep\timestep_run_by_run.csv
PBME,100.0,trace,value3,4,1.0000000000004479,1.631687946612622e-15,8.15843973306311e-16,1.0000000000004452,1.0000000000004505,"two-sided Student t, df=3",D:\PhD-Project\GP_RKHS_MINT\GP_RKHS_MINT\Tully_models\GP_MInt_QCLE_Reviewer_Ready_Pipeline_v4\output\fixed_pipeline\final_reviewer_closure\timestep\timestep_run_by_run.csv
PBME,100.0,trace,D12,4,5.6412318522548426e-14,8.025689649258759e-16,4.0128448246293795e-16,5.5135252203966344e-14,5.768938484113052e-14,"two-sided Student t, df=3",D:\PhD-Project\GP_RKHS_MINT\GP_RKHS_MINT\Tully_models\GP_MInt_QCLE_Reviewer_Ready_Pipeline_v4\output\fixed_pipeline\final_reviewer_closure\timestep\timestep_run_by_run.csv
PBME,100.0,trace,D23,4,1.1620191886884915e-13,1.4944017252559267e-15,7.472008626279633e-16,1.1382399224427357e-13,1.1857984549342473e-13,"two-sided Student t, df=3",D:\PhD-Project\GP_RKHS_MINT\GP_RKHS_MINT\Tully_models\GP_MInt_QCLE_Reviewer_Ready_Pipeline_v4\output\fixed_pipeline\final_reviewer_closure\timestep\timestep_run_by_run.csv
PBME,100.0,trace,raw_observable_seed_spread,4,2.2757012634595156e-15,5.206278282008091e-16,2.6031391410040454e-16,1.4472662093165982e-15,3.104136317602433e-15,"two-sided Student t, df=3",D:\PhD-Project\GP_RKHS_MINT\GP_RKHS_MINT\Tully_models\GP_MInt_QCLE_Reviewer_Ready_Pipeline_v4\output\fixed_pipeline\final_reviewer_closure\timestep\timestep_run_by_run.csv
