method,P0,observable,n_seeds,mean_value1,mean_value2,mean_value3,mean_D12,sample_sd_D12,mean_D23,sample_sd_D23,seed_11_D12_over_D23,seed_29_D12_over_D23,seed_47_D12_over_D23,seed_73_D12_over_D23,n_paired_contractions,mean_paired_difference_D12_minus_D23,paired_difference_sample_sd,paired_difference_standard_error,paired_difference_ci95_low,paired_difference_ci95_high,confidence_interval_method,all_cases_physically_admissible,final_verdict,interpretation,source_csv
MIDPOINT,20.0,P0,4,1.1797337476202163,1.3124219585321968,0.8177549218397775,0.524528066195868,0.4505850086888019,0.4221579596990532,0.49474640296216593,1.7694194795754963,2.763661089582116,1.062575950986998,0.9764029969514493,3,0.1023701064968148,0.18754765166060133,0.09377382583030067,-0.19606005904919552,0.4008002720428251,"two-sided paired Student t on D12-D23, df=3; descriptive",False,REJECT_PHYSICAL_INADMISSIBILITY,one or more levels physically inadmissible; temporal order not interpreted,D:\PhD-Project\GP_RKHS_MINT\GP_RKHS_MINT\Tully_models\GP_MInt_QCLE_Reviewer_Ready_Pipeline_v4\output\fixed_pipeline\final_reviewer_closure\timestep\timestep_run_by_run.csv
MIDPOINT,20.0,P1,4,-0.17973374761890074,-0.3124219585285066,0.1822450781646035,0.5245280661953075,0.4505850086872889,0.42215795969882586,0.4947464029610061,1.7694194795756837,2.7636610895701326,1.0625759509887485,0.9764029969504812,3,0.1023701064964816,0.18754765166034928,0.09377382583017464,-0.19606005904912766,0.40080027204209084,"two-sided paired Student t on D12-D23, df=3; descriptive",False,REJECT_PHYSICAL_INADMISSIBILITY,one or more levels physically inadmissible; temporal order not interpreted,D:\PhD-Project\GP_RKHS_MINT\GP_RKHS_MINT\Tully_models\GP_MInt_QCLE_Reviewer_Ready_Pipeline_v4\output\fixed_pipeline\final_reviewer_closure\timestep\timestep_run_by_run.csv
MIDPOINT,20.0,P_mean,4,21.478320904119656,24.203043792162568,18.45067197177329,4.913736504612778,5.305150727344214,3.9570092761973963,5.698215889986362,2.5916527176697066,2.082319499808347,2.0851110375385775,0.9932499528366872,3,0.956727228415382,1.2242813378419553,0.6121406689209776,-0.9913775817064203,2.9048320385371844,"two-sided paired Student t on D12-D23, df=3; descriptive",False,REJECT_PHYSICAL_INADMISSIBILITY,one or more levels physically inadmissible; temporal order not interpreted,D:\PhD-Project\GP_RKHS_MINT\GP_RKHS_MINT\Tully_models\GP_MInt_QCLE_Reviewer_Ready_Pipeline_v4\output\fixed_pipeline\final_reviewer_closure\timestep\timestep_run_by_run.csv
MIDPOINT,20.0,P_var,4,-2667.7873768814256,11.376905603078416,-13.371294452168279,1938.5198094056102,3562.5038220509623,82.52569364365466,65.20113634528686,1.4217685017382986,202.76561566422146,1.5485317933903457,1.8707517447613946,4,1855.9941157619555,3592.6421245376737,1796.3210622688368,-3860.701211959806,7572.689443483718,"two-sided paired Student t on D12-D23, df=3; descriptive",False,REJECT_PHYSICAL_INADMISSIBILITY,one or more levels physically inadmissible; temporal order not interpreted,D:\PhD-Project\GP_RKHS_MINT\GP_RKHS_MINT\Tully_models\GP_MInt_QCLE_Reviewer_Ready_Pipeline_v4\output\fixed_pipeline\final_reviewer_closure\timestep\timestep_run_by_run.csv
MIDPOINT,20.0,R_mean,4,16.617825244119334,14.348130716814442,13.908104018165261,2.375013390030162,2.6533399142976237,2.205606634693112,2.550076568579698,2.18970858282438,1.2916950660227344,0.5871250523550854,1.022875006055884,3,0.1694067553370499,0.3792562291752383,0.18962811458761916,-0.43407453731033957,0.7728880479844393,"two-sided paired Student t on D12-D23, df=3; descriptive",False,REJECT_PHYSICAL_INADMISSIBILITY,one or more levels physically inadmissible; temporal order not interpreted,D:\PhD-Project\GP_RKHS_MINT\GP_RKHS_MINT\Tully_models\GP_MInt_QCLE_Reviewer_Ready_Pipeline_v4\output\fixed_pipeline\final_reviewer_closure\timestep\timestep_run_by_run.csv
MIDPOINT,20.0,R_var,4,-1519.5303343023172,-5.067519314691438,-13.114224340865304,503.33841705395906,966.4229593249748,8.379276427497418,4.099295340332346,1.3045461327276655,153.6658685738034,5.663422801358319,3.1610900159078006,4,494.95914062646165,963.5461111423294,481.7730555711647,-1038.2577400615014,2028.1760213144248,"two-sided paired Student t on D12-D23, df=3; descriptive",False,REJECT_PHYSICAL_INADMISSIBILITY,one or more levels physically inadmissible; temporal order not interpreted,D:\PhD-Project\GP_RKHS_MINT\GP_RKHS_MINT\Tully_models\GP_MInt_QCLE_Reviewer_Ready_Pipeline_v4\output\fixed_pipeline\final_reviewer_closure\timestep\timestep_run_by_run.csv
MIDPOINT,20.0,energy,4,0.10652401698194124,0.12633722295821065,0.09369958242261012,0.03171758967869713,0.02892777683995529,0.02318572469581989,0.0316983683554293,1.9132771388690413,2.0891462877689033,4.50673242386073,1.017027070781222,4,0.008531864982877242,0.00814683334950759,0.004073416674753795,-0.004431564863576282,0.021495294829330765,"two-sided paired Student t on D12-D23, df=3; descriptive",False,REJECT_PHYSICAL_INADMISSIBILITY,one or more levels physically inadmissible; temporal order not interpreted,D:\PhD-Project\GP_RKHS_MINT\GP_RKHS_MINT\Tully_models\GP_MInt_QCLE_Reviewer_Ready_Pipeline_v4\output\fixed_pipeline\final_reviewer_closure\timestep\timestep_run_by_run.csv
MIDPOINT,20.0,trace,4,1.0000000000013154,1.0000000000036904,1.000000000004381,1.4495072344896965e-12,1.6538592901372055e-12,1.6803570672205395e-12,6.743528661046501e-13,0.35406164905148624,0.35996864525038164,0.7043730522280216,1.4565456947643953,1,-2.30849832730843e-13,1.0011358201617042e-12,5.005679100808521e-13,-1.8238803287115157e-12,1.3621806632498299e-12,"two-sided paired Student t on D12-D23, df=3; descriptive",False,REJECT_NUMERICAL_NOISE,one or more seeds are numerical-floor limited; temporal order not interpreted,D:\PhD-Project\GP_RKHS_MINT\GP_RKHS_MINT\Tully_models\GP_MInt_QCLE_Reviewer_Ready_Pipeline_v4\output\fixed_pipeline\final_reviewer_closure\timestep\timestep_run_by_run.csv
MIDPOINT,100.0,P0,4,-0.20066263843498433,-0.19763049587403045,-0.18039001753550538,5.741770698555349,5.721982320042861,5.815887580232945,5.581945927156131,1.0113641415914234,0.5854770479148805,1.2467379883299714,1.2672887218878883,3,-0.07411688167759634,1.173638510307315,0.5868192551536575,-1.9416376521110168,1.7934038887558241,"two-sided paired Student t on D12-D23, df=3; descriptive",False,REJECT_PHYSICAL_INADMISSIBILITY,one or more levels physically inadmissible; temporal order not interpreted,D:\PhD-Project\GP_RKHS_MINT\GP_RKHS_MINT\Tully_models\GP_MInt_QCLE_Reviewer_Ready_Pipeline_v4\output\fixed_pipeline\final_reviewer_closure\timestep\timestep_run_by_run.csv
MIDPOINT,100.0,P1,4,1.2006626384351762,1.197630495874384,1.1803900175363766,5.741770698555128,5.721982320042364,5.815887580232568,5.581945927155652,1.011364141591436,0.5854770479148312,1.2467379883300649,1.267288721888149,3,-0.07411688167743968,1.1736385103077338,0.5868192551538669,-1.9416376521115266,1.793403888756647,"two-sided paired Student t on D12-D23, df=3; descriptive",False,REJECT_PHYSICAL_INADMISSIBILITY,one or more levels physically inadmissible; temporal order not interpreted,D:\PhD-Project\GP_RKHS_MINT\GP_RKHS_MINT\Tully_models\GP_MInt_QCLE_Reviewer_Ready_Pipeline_v4\output\fixed_pipeline\final_reviewer_closure\timestep\timestep_run_by_run.csv
MIDPOINT,100.0,P_mean,4,98.80307168215515,99.3733824174396,99.21270369657778,18.245194861312143,17.307048053722387,17.987144476590917,16.558574559739807,1.0072759067014738,0.43504784220378906,1.0201442373169918,1.9819497249017815,3,0.25805038472122366,8.224476974976685,4.112238487488343,-12.828927796233799,13.345028565676245,"two-sided paired Student t on D12-D23, df=3; descriptive",False,REJECT_PHYSICAL_INADMISSIBILITY,one or more levels physically inadmissible; temporal order not interpreted,D:\PhD-Project\GP_RKHS_MINT\GP_RKHS_MINT\Tully_models\GP_MInt_QCLE_Reviewer_Ready_Pipeline_v4\output\fixed_pipeline\final_reviewer_closure\timestep\timestep_run_by_run.csv
MIDPOINT,100.0,P_var,4,-5.959258239530497e+45,-9.500611711710192e+44,-4.785394988795557e+47,3.063208154655863e+45,5.90897265105923e+45,2.380232603811092e+47,4.759065046435703e+47,392970.88704464445,0.01252633929210928,1.5674336009529817,3.352248788741076,3,-2.3496005222645334e+47,4.69999563505976e+47,2.34999781752988e+47,-9.828342394088582e+47,5.129141349559515e+47,"two-sided paired Student t on D12-D23, df=3; descriptive",False,REJECT_PHYSICAL_INADMISSIBILITY,one or more levels physically inadmissible; temporal order not interpreted,D:\PhD-Project\GP_RKHS_MINT\GP_RKHS_MINT\Tully_models\GP_MInt_QCLE_Reviewer_Ready_Pipeline_v4\output\fixed_pipeline\final_reviewer_closure\timestep\timestep_run_by_run.csv
MIDPOINT,100.0,R_mean,4,12.809384993124308,12.520458514458923,12.615872910358236,14.452556189701472,15.51368132417146,12.427507300815984,14.909609592832105,1.0216025863684142,0.8335530474370464,0.8620452565926091,1.8623638123880026,2,2.0250488888854887,4.196865697751546,2.098432848875773,-4.6531009779063455,8.703198755677324,"two-sided paired Student t on D12-D23, df=3; descriptive",False,REJECT_PHYSICAL_INADMISSIBILITY,one or more levels physically inadmissible; temporal order not interpreted,D:\PhD-Project\GP_RKHS_MINT\GP_RKHS_MINT\Tully_models\GP_MInt_QCLE_Reviewer_Ready_Pipeline_v4\output\fixed_pipeline\final_reviewer_closure\timestep\timestep_run_by_run.csv
MIDPOINT,100.0,R_var,4,-1.0198258814001596e+44,-1.2706495152096435e+43,-6.883755666839636e+45,2.9536927139053963e+43,5.799611166070264e+43,2.0130423884093858e+45,4.025398334212558e+45,392960.69340348436,0.014472921292351637,1.577336054548009,3.36108555036855,3,-1.983505461270332e+45,3.967407257401185e+45,1.9837036287005924e+45,-8.296535745207517e+45,4.3295248226668527e+45,"two-sided paired Student t on D12-D23, df=3; descriptive",False,REJECT_PHYSICAL_INADMISSIBILITY,one or more levels physically inadmissible; temporal order not interpreted,D:\PhD-Project\GP_RKHS_MINT\GP_RKHS_MINT\Tully_models\GP_MInt_QCLE_Reviewer_Ready_Pipeline_v4\output\fixed_pipeline\final_reviewer_closure\timestep\timestep_run_by_run.csv
MIDPOINT,100.0,energy,4,2.500733889554402,2.5287403988641404,2.5199486715948627,0.704143681010788,0.5453411865774686,0.721840984859577,0.5309431515209954,1.007732892249125,0.4835546599129439,0.981093623893749,1.7649163923721418,2,-0.017697303848789037,0.3438851623676352,0.1719425811838176,-0.5648953360582689,0.5295007283606907,"two-sided paired Student t on D12-D23, df=3; descriptive",False,REJECT_PHYSICAL_INADMISSIBILITY,one or more levels physically inadmissible; temporal order not interpreted,D:\PhD-Project\GP_RKHS_MINT\GP_RKHS_MINT\Tully_models\GP_MInt_QCLE_Reviewer_Ready_Pipeline_v4\output\fixed_pipeline\final_reviewer_closure\timestep\timestep_run_by_run.csv
MIDPOINT,100.0,trace,4,1.0000000000001918,1.0000000000003535,1.0000000000008713,7.613066355184553e-13,7.934991640179628e-13,1.4371124597679555e-12,1.3474190618654577e-12,0.5527738578907327,0.36499964751771335,0.3249948901985732,0.6447377599039793,0,-6.758058242495e-13,5.694434258792656e-13,2.847217129396328e-13,-1.581917387628441e-12,2.303057391294409e-13,"two-sided paired Student t on D12-D23, df=3; descriptive",False,REJECT_NUMERICAL_NOISE,one or more seeds are numerical-floor limited; temporal order not interpreted,D:\PhD-Project\GP_RKHS_MINT\GP_RKHS_MINT\Tully_models\GP_MInt_QCLE_Reviewer_Ready_Pipeline_v4\output\fixed_pipeline\final_reviewer_closure\timestep\timestep_run_by_run.csv
PBME,20.0,P0,4,0.9643420785497491,0.9643410256184253,0.9643407623855523,7.016855560031077e-07,8.749820700572776e-08,1.7542157227738919e-07,2.1874537946154785e-08,3.9999945624833617,3.9999994365915077,3.999992268396998,3.9999966759853276,4,5.262639837257184e-07,6.562366906015276e-08,3.281183453007638e-08,4.218420821558782e-07,6.306858852955586e-07,"two-sided paired Student t on D12-D23, df=3; descriptive",True,PAIRED_CONTRACTION_ALL_SEEDS,paired differences contract in all four seeds; interval is descriptive,D:\PhD-Project\GP_RKHS_MINT\GP_RKHS_MINT\Tully_models\GP_MInt_QCLE_Reviewer_Ready_Pipeline_v4\output\fixed_pipeline\final_reviewer_closure\timestep\timestep_run_by_run.csv
PBME,20.0,P1,4,0.03565792145088194,0.03565897438274161,0.03565923761675568,7.016857783696416e-07,8.749820885836922e-08,1.7542202462977694e-07,2.1874541757262855e-08,3.999983638300175,3.999991158949112,3.999983663364795,3.999987847572368,4,5.262637537398647e-07,6.562366710171225e-08,3.2811833550856124e-08,4.218418552863404e-07,6.30685652193389e-07,"two-sided paired Student t on D12-D23, df=3; descriptive",True,PAIRED_CONTRACTION_ALL_SEEDS,paired differences contract in all four seeds; interval is descriptive,D:\PhD-Project\GP_RKHS_MINT\GP_RKHS_MINT\Tully_models\GP_MInt_QCLE_Reviewer_Ready_Pipeline_v4\output\fixed_pipeline\final_reviewer_closure\timestep\timestep_run_by_run.csv
PBME,20.0,P_mean,4,19.785034368357564,19.785028965091662,19.785027614269023,3.497411847017762e-06,4.204614427633061e-07,8.743568708501e-07,1.0511529522812684e-07,3.999978103812902,3.9999868282035775,3.9999792600361594,3.9999832974976868,4,2.6230549761676614e-06,3.153461475382196e-07,1.576730737691098e-07,2.121268885108345e-06,3.124841067226978e-06,"two-sided paired Student t on D12-D23, df=3; descriptive",True,PAIRED_CONTRACTION_ALL_SEEDS,paired differences contract in all four seeds; interval is descriptive,D:\PhD-Project\GP_RKHS_MINT\GP_RKHS_MINT\Tully_models\GP_MInt_QCLE_Reviewer_Ready_Pipeline_v4\output\fixed_pipeline\final_reviewer_closure\timestep\timestep_run_by_run.csv
PBME,20.0,P_var,4,1.6609394060798905,1.6609426547343276,1.6609434669736487,2.995776109565517e-06,3.9445921381926737e-07,7.489676340914948e-07,9.861520640723168e-08,3.9999110193905163,3.999866550362131,3.999845228603008,3.999866824502665,4,2.2468084754740223e-06,2.9584400754947547e-07,1.4792200377473774e-07,1.7760546410908633e-06,2.7175623098571813e-06,"two-sided paired Student t on D12-D23, df=3; descriptive",True,PAIRED_CONTRACTION_ALL_SEEDS,paired differences contract in all four seeds; interval is descriptive,D:\PhD-Project\GP_RKHS_MINT\GP_RKHS_MINT\Tully_models\GP_MInt_QCLE_Reviewer_Ready_Pipeline_v4\output\fixed_pipeline\final_reviewer_closure\timestep\timestep_run_by_run.csv
PBME,20.0,R_mean,4,15.338738601263344,15.338734846030507,15.338733907218144,1.4779704451911085e-06,1.6498896985439993e-07,3.6949422186553106e-07,4.124723541513789e-08,3.999979103821691,3.999986797688878,3.999979795397428,3.999983807495367,4,1.1084762233255775e-06,1.237417344405136e-07,6.18708672202568e-08,9.11575510535738e-07,1.305376936115417e-06,"two-sided paired Student t on D12-D23, df=3; descriptive",True,PAIRED_CONTRACTION_ALL_SEEDS,paired differences contract in all four seeds; interval is descriptive,D:\PhD-Project\GP_RKHS_MINT\GP_RKHS_MINT\Tully_models\GP_MInt_QCLE_Reviewer_Ready_Pipeline_v4\output\fixed_pipeline\final_reviewer_closure\timestep\timestep_run_by_run.csv
PBME,20.0,R_var,4,2.3083383153906567,2.3083399738131547,2.3083403884538427,4.892097191890484e-07,1.5420467947388536e-07,1.2231126689322253e-07,3.855264297428494e-08,3.999709271808964,3.999764197757601,3.999664524875271,3.999664100762855,4,3.6689845229582587e-07,1.1565203650947015e-07,5.782601825473508e-08,1.8287025415174388e-07,5.509266504399078e-07,"two-sided paired Student t on D12-D23, df=3; descriptive",True,PAIRED_CONTRACTION_ALL_SEEDS,paired differences contract in all four seeds; interval is descriptive,D:\PhD-Project\GP_RKHS_MINT\GP_RKHS_MINT\Tully_models\GP_MInt_QCLE_Reviewer_Ready_Pipeline_v4\output\fixed_pipeline\final_reviewer_closure\timestep\timestep_run_by_run.csv
PBME,20.0,energy,4,0.10006042233582542,0.10006042233507506,0.10006042233487497,4.9315509470979715e-09,9.595884962786953e-11,1.2328954701661711e-09,2.3989511497918247e-11,3.99997453511327,3.9999766967824053,3.999973369021741,3.9999749727669984,4,3.6986554769318004e-09,7.196933813165618e-11,3.598466906582809e-11,3.5841361998163787e-09,3.813174754047222e-09,"two-sided paired Student t on D12-D23, df=3; descriptive",True,PAIRED_CONTRACTION_ALL_SEEDS,paired differences contract in all four seeds; interval is descriptive,D:\PhD-Project\GP_RKHS_MINT\GP_RKHS_MINT\Tully_models\GP_MInt_QCLE_Reviewer_Ready_Pipeline_v4\output\fixed_pipeline\final_reviewer_closure\timestep\timestep_run_by_run.csv
PBME,20.0,trace,4,1.000000000000631,1.0000000000011668,1.000000000002308,2.897971018634313e-13,1.2587218312207527e-15,5.910865599741375e-13,3.8388024170172344e-15,0.49191841203124576,0.4938429730010128,0.4858994668173586,0.48950658686209936,0,-3.0128945811070625e-13,3.779961428494871e-15,1.8899807142474356e-15,-3.073042202518215e-13,-2.95274695969591e-13,"two-sided paired Student t on D12-D23, df=3; descriptive",True,REJECT_NUMERICAL_NOISE,one or more seeds are numerical-floor limited; temporal order not interpreted,D:\PhD-Project\GP_RKHS_MINT\GP_RKHS_MINT\Tully_models\GP_MInt_QCLE_Reviewer_Ready_Pipeline_v4\output\fixed_pipeline\final_reviewer_closure\timestep\timestep_run_by_run.csv
PBME,100.0,P0,4,0.1374414499355042,0.13745098571501768,0.13745336970487337,6.742377754529509e-06,1.4498539004702582e-07,1.6856232430237418e-06,3.62438477102684e-08,3.999937553126939,3.9999179043974955,3.9999356391901557,3.9999350071470032,4,5.056754511505767e-06,1.0874154242184456e-07,5.437077121092228e-08,4.883722451550111e-06,5.229786571461423e-06,"two-sided paired Student t on D12-D23, df=3; descriptive",True,PAIRED_CONTRACTION_ALL_SEEDS,paired differences contract in all four seeds; interval is descriptive,D:\PhD-Project\GP_RKHS_MINT\GP_RKHS_MINT\Tully_models\GP_MInt_QCLE_Reviewer_Ready_Pipeline_v4\output\fixed_pipeline\final_reviewer_closure\timestep\timestep_run_by_run.csv
PBME,100.0,P1,4,0.862558550064614,0.8625490142852084,0.8625466302955745,6.742377711650692e-06,1.4498539067142333e-07,1.685623154406865e-06,3.624384769018567e-08,3.999937738722822,3.9999180949747486,3.9999358232011737,3.999935186582959,4,5.056754557243827e-06,1.0874154306629596e-07,5.437077153314798e-08,4.883722496262705e-06,5.229786618224948e-06,"two-sided paired Student t on D12-D23, df=3; descriptive",True,PAIRED_CONTRACTION_ALL_SEEDS,paired differences contract in all four seeds; interval is descriptive,D:\PhD-Project\GP_RKHS_MINT\GP_RKHS_MINT\Tully_models\GP_MInt_QCLE_Reviewer_Ready_Pipeline_v4\output\fixed_pipeline\final_reviewer_closure\timestep\timestep_run_by_run.csv
PBME,100.0,P_mean,4,99.13247517184014,99.13248473740245,99.13248712883811,6.819460356525589e-06,1.4270278650075838e-07,1.7048883425392316e-06,3.567305293408184e-08,3.999949856908713,3.9999328899362196,3.999950589643271,3.999947964839471,4,5.114572013986358e-06,1.0702973361152827e-07,5.3514866805764136e-08,4.944263823842575e-06,5.284880204130141e-06,"two-sided paired Student t on D12-D23, df=3; descriptive",True,PAIRED_CONTRACTION_ALL_SEEDS,paired differences contract in all four seeds; interval is descriptive,D:\PhD-Project\GP_RKHS_MINT\GP_RKHS_MINT\Tully_models\GP_MInt_QCLE_Reviewer_Ready_Pipeline_v4\output\fixed_pipeline\final_reviewer_closure\timestep\timestep_run_by_run.csv
PBME,100.0,P_var,4,0.44416639127030066,0.44417703005274234,0.44417968975631084,7.477870923028014e-06,1.3863365683576497e-07,1.869451295082654e-06,3.4659800469602117e-08,4.00002988535082,4.000039990026093,4.000034848400855,4.00003614137199,4,5.60841962794536e-06,1.0397385638585316e-07,5.198692819292658e-08,5.4429740203947025e-06,5.773865235496017e-06,"two-sided paired Student t on D12-D23, df=3; descriptive",True,PAIRED_CONTRACTION_ALL_SEEDS,paired differences contract in all four seeds; interval is descriptive,D:\PhD-Project\GP_RKHS_MINT\GP_RKHS_MINT\Tully_models\GP_MInt_QCLE_Reviewer_Ready_Pipeline_v4\output\fixed_pipeline\final_reviewer_closure\timestep\timestep_run_by_run.csv
PBME,100.0,R_mean,4,14.894281203235463,14.894282302995933,14.894282577941402,3.9380426509771844e-07,1.8189790565396215e-08,9.845301545842388e-08,4.547207596875488e-09,3.9999302980413196,3.999897574677525,3.9999273953560923,3.9999260299324377,4,2.9535124963929456e-07,1.3642582971568617e-08,6.821291485784309e-09,2.736428557530933e-07,3.1705964352549584e-07,"two-sided paired Student t on D12-D23, df=3; descriptive",True,PAIRED_CONTRACTION_ALL_SEEDS,paired differences contract in all four seeds; interval is descriptive,D:\PhD-Project\GP_RKHS_MINT\GP_RKHS_MINT\Tully_models\GP_MInt_QCLE_Reviewer_Ready_Pipeline_v4\output\fixed_pipeline\final_reviewer_closure\timestep\timestep_run_by_run.csv
PBME,100.0,R_var,4,0.9854677821168494,0.9854681915816954,0.9854682939485997,1.805959479755186e-07,3.227473202310403e-08,4.514940225757765e-08,8.06860835299717e-09,3.9999764669374267,3.9999836758283167,3.9999221169544175,3.9999627499986308,4,1.3544654571794097e-07,2.4206123674200144e-08,1.2103061837100072e-08,9.692920129183487e-08,1.7396389014404706e-07,"two-sided paired Student t on D12-D23, df=3; descriptive",True,PAIRED_CONTRACTION_ALL_SEEDS,paired differences contract in all four seeds; interval is descriptive,D:\PhD-Project\GP_RKHS_MINT\GP_RKHS_MINT\Tully_models\GP_MInt_QCLE_Reviewer_Ready_Pipeline_v4\output\fixed_pipeline\final_reviewer_closure\timestep\timestep_run_by_run.csv
PBME,100.0,energy,4,2.5000509511085713,2.5000509511102744,2.5000509511107007,5.984629802874168e-08,2.8362249270275775e-09,1.496093038820354e-08,7.090306326067841e-10,4.000168455543036,4.000175286643177,4.000172049340343,4.0001732616606,4,4.488536764053815e-08,2.1271942945015403e-09,1.0635971472507702e-09,4.1500526828959054e-08,4.8270208452117244e-08,"two-sided paired Student t on D12-D23, df=3; descriptive",True,PAIRED_CONTRACTION_ALL_SEEDS,paired differences contract in all four seeds; interval is descriptive,D:\PhD-Project\GP_RKHS_MINT\GP_RKHS_MINT\Tully_models\GP_MInt_QCLE_Reviewer_Ready_Pipeline_v4\output\fixed_pipeline\final_reviewer_closure\timestep\timestep_run_by_run.csv
PBME,100.0,trace,4,1.0000000000001181,1.000000000000226,1.0000000000004479,5.6412318522548426e-14,8.025689649258759e-16,1.1620191886884915e-13,1.4944017252559267e-15,0.4689300150250791,0.48884223366710555,0.4961204445770362,0.4883756024421824,0,-5.978960034630071e-14,2.0776685775491156e-15,1.0388342887745578e-15,-6.309563469041391e-14,-5.6483566002187516e-14,"two-sided paired Student t on D12-D23, df=3; descriptive",True,REJECT_NUMERICAL_NOISE,one or more seeds are numerical-floor limited; temporal order not interpreted,D:\PhD-Project\GP_RKHS_MINT\GP_RKHS_MINT\Tully_models\GP_MInt_QCLE_Reviewer_Ready_Pipeline_v4\output\fixed_pipeline\final_reviewer_closure\timestep\timestep_run_by_run.csv
