P0,method,propagation_seed,diagnostic_probe_seed,snapshot_step,physical_time,t_over_tc,n_bath_anchors,n_mapping_probes,basis_rank,mean_relative_l2_leakage,median_relative_l2_leakage,sample_sd_relative_l2_leakage,maximum_relative_l2_leakage,normalization,projection_policy,source_file,derived_json
20,pbme,11,123,0,0.0,0.0,20,400,4,0.22056494726077633,0.2204377226489224,0.00037881964154463064,0.2218190106019899,"||y-Bc||2/max(||y||2,1e-30)",diagnostic least-squares projection; not enforced,reviewer_closure_20260726_174927/step9_repl_P020/seed11/pbme.npz,reviewer_data_audit/derived_validations/snapshots/P0_20/seed_11/pbme/step_000000/projection/projection_leakage.json
20,pbme,11,123,6000,1500.0,1.0,20,400,4,0.7727683638512616,0.8058375090896176,0.16216118290757198,0.9627265090332039,"||y-Bc||2/max(||y||2,1e-30)",diagnostic least-squares projection; not enforced,reviewer_closure_20260726_174927/step9_repl_P020/seed11/pbme.npz,reviewer_data_audit/derived_validations/snapshots/P0_20/seed_11/pbme/step_006000/projection/projection_leakage.json
20,pbme,11,123,12000,3000.0,2.0,20,400,4,0.2736533111813259,0.26802275929821257,0.040555261593833,0.37350175824153914,"||y-Bc||2/max(||y||2,1e-30)",diagnostic least-squares projection; not enforced,reviewer_closure_20260726_174927/step9_repl_P020/seed11/pbme.npz,reviewer_data_audit/derived_validations/snapshots/P0_20/seed_11/pbme/step_012000/projection/projection_leakage.json
20,midpoint,11,123,0,0.0,0.0,20,400,4,0.22056494726077633,0.2204377226489224,0.00037881964154463064,0.2218190106019899,"||y-Bc||2/max(||y||2,1e-30)",diagnostic least-squares projection; not enforced,reviewer_closure_20260726_174927/step9_repl_P020/seed11/midpoint.npz,reviewer_data_audit/derived_validations/snapshots/P0_20/seed_11/midpoint/step_000000/projection/projection_leakage.json
20,midpoint,11,123,6000,1500.0,1.0,20,400,4,0.9006682880948211,0.951745919783137,0.11969568816673565,0.9961578774327684,"||y-Bc||2/max(||y||2,1e-30)",diagnostic least-squares projection; not enforced,reviewer_closure_20260726_174927/step9_repl_P020/seed11/midpoint.npz,reviewer_data_audit/derived_validations/snapshots/P0_20/seed_11/midpoint/step_006000/projection/projection_leakage.json
20,midpoint,11,123,12000,3000.0,2.0,20,400,4,0.640610600645031,0.6972860163618777,0.21590965096910517,0.8922602484761079,"||y-Bc||2/max(||y||2,1e-30)",diagnostic least-squares projection; not enforced,reviewer_closure_20260726_174927/step9_repl_P020/seed11/midpoint.npz,reviewer_data_audit/derived_validations/snapshots/P0_20/seed_11/midpoint/step_012000/projection/projection_leakage.json
20,pbme,29,123,0,0.0,0.0,20,400,4,0.22147008531187784,0.22070593319961657,0.002692211496981612,0.23246487033693194,"||y-Bc||2/max(||y||2,1e-30)",diagnostic least-squares projection; not enforced,reviewer_closure_20260726_174927/step9_repl_P020/seed29/pbme.npz,reviewer_data_audit/derived_validations/snapshots/P0_20/seed_29/pbme/step_000000/projection/projection_leakage.json
20,pbme,29,123,6000,1500.0,1.0,20,400,4,0.8752065715401341,0.9426452341928206,0.14349634509763676,0.985135314591794,"||y-Bc||2/max(||y||2,1e-30)",diagnostic least-squares projection; not enforced,reviewer_closure_20260726_174927/step9_repl_P020/seed29/pbme.npz,reviewer_data_audit/derived_validations/snapshots/P0_20/seed_29/pbme/step_006000/projection/projection_leakage.json
20,pbme,29,123,12000,3000.0,2.0,20,400,4,0.3546966630224465,0.3344081120334479,0.12271322058512074,0.7769627720204701,"||y-Bc||2/max(||y||2,1e-30)",diagnostic least-squares projection; not enforced,reviewer_closure_20260726_174927/step9_repl_P020/seed29/pbme.npz,reviewer_data_audit/derived_validations/snapshots/P0_20/seed_29/pbme/step_012000/projection/projection_leakage.json
20,midpoint,29,123,0,0.0,0.0,20,400,4,0.22147008531187784,0.22070593319961657,0.002692211496981612,0.23246487033693194,"||y-Bc||2/max(||y||2,1e-30)",diagnostic least-squares projection; not enforced,reviewer_closure_20260726_174927/step9_repl_P020/seed29/midpoint.npz,reviewer_data_audit/derived_validations/snapshots/P0_20/seed_29/midpoint/step_000000/projection/projection_leakage.json
20,midpoint,29,123,6000,1500.0,1.0,20,400,4,0.8399692424003042,0.9213388305908092,0.18224832230142304,0.9980866904181648,"||y-Bc||2/max(||y||2,1e-30)",diagnostic least-squares projection; not enforced,reviewer_closure_20260726_174927/step9_repl_P020/seed29/midpoint.npz,reviewer_data_audit/derived_validations/snapshots/P0_20/seed_29/midpoint/step_006000/projection/projection_leakage.json
20,midpoint,29,123,12000,3000.0,2.0,20,400,4,0.4285468485327192,0.3718180293156691,0.17025589584447592,0.9611957409408066,"||y-Bc||2/max(||y||2,1e-30)",diagnostic least-squares projection; not enforced,reviewer_closure_20260726_174927/step9_repl_P020/seed29/midpoint.npz,reviewer_data_audit/derived_validations/snapshots/P0_20/seed_29/midpoint/step_012000/projection/projection_leakage.json
20,pbme,47,123,0,0.0,0.0,20,400,4,0.2220275914838934,0.2205627578239643,0.006819055443066041,0.25097984011593144,"||y-Bc||2/max(||y||2,1e-30)",diagnostic least-squares projection; not enforced,reviewer_closure_20260726_174927/step9_repl_P020/seed47/pbme.npz,reviewer_data_audit/derived_validations/snapshots/P0_20/seed_47/pbme/step_000000/projection/projection_leakage.json
20,pbme,47,123,6000,1500.0,1.0,20,400,4,0.8564058827685,0.9355706416694011,0.1641266563221945,0.9932375604310734,"||y-Bc||2/max(||y||2,1e-30)",diagnostic least-squares projection; not enforced,reviewer_closure_20260726_174927/step9_repl_P020/seed47/pbme.npz,reviewer_data_audit/derived_validations/snapshots/P0_20/seed_47/pbme/step_006000/projection/projection_leakage.json
20,pbme,47,123,12000,3000.0,2.0,20,400,4,0.32773138364439125,0.3140488767406334,0.06799510469556874,0.4964162793763628,"||y-Bc||2/max(||y||2,1e-30)",diagnostic least-squares projection; not enforced,reviewer_closure_20260726_174927/step9_repl_P020/seed47/pbme.npz,reviewer_data_audit/derived_validations/snapshots/P0_20/seed_47/pbme/step_012000/projection/projection_leakage.json
20,midpoint,47,123,0,0.0,0.0,20,400,4,0.2220275914838934,0.2205627578239643,0.006819055443066041,0.25097984011593144,"||y-Bc||2/max(||y||2,1e-30)",diagnostic least-squares projection; not enforced,reviewer_closure_20260726_174927/step9_repl_P020/seed47/midpoint.npz,reviewer_data_audit/derived_validations/snapshots/P0_20/seed_47/midpoint/step_000000/projection/projection_leakage.json
20,midpoint,47,123,6000,1500.0,1.0,20,400,4,0.8842205857046282,0.9501547749737518,0.15160232237692176,0.9942383886047041,"||y-Bc||2/max(||y||2,1e-30)",diagnostic least-squares projection; not enforced,reviewer_closure_20260726_174927/step9_repl_P020/seed47/midpoint.npz,reviewer_data_audit/derived_validations/snapshots/P0_20/seed_47/midpoint/step_006000/projection/projection_leakage.json
20,midpoint,47,123,12000,3000.0,2.0,20,400,4,0.8267421963879487,0.8886080293235095,0.1373340158029892,0.9787107727353495,"||y-Bc||2/max(||y||2,1e-30)",diagnostic least-squares projection; not enforced,reviewer_closure_20260726_174927/step9_repl_P020/seed47/midpoint.npz,reviewer_data_audit/derived_validations/snapshots/P0_20/seed_47/midpoint/step_012000/projection/projection_leakage.json
20,pbme,73,123,0,0.0,0.0,20,400,4,0.22421460909126156,0.22066282321940062,0.0107247923229696,0.2559521059106263,"||y-Bc||2/max(||y||2,1e-30)",diagnostic least-squares projection; not enforced,reviewer_closure_20260726_174927/step9_repl_P020/seed73/pbme.npz,reviewer_data_audit/derived_validations/snapshots/P0_20/seed_73/pbme/step_000000/projection/projection_leakage.json
20,pbme,73,123,6000,1500.0,1.0,20,400,4,0.7094761146044853,0.6832057574977666,0.1727334994015084,0.9545987288431744,"||y-Bc||2/max(||y||2,1e-30)",diagnostic least-squares projection; not enforced,reviewer_closure_20260726_174927/step9_repl_P020/seed73/pbme.npz,reviewer_data_audit/derived_validations/snapshots/P0_20/seed_73/pbme/step_006000/projection/projection_leakage.json
20,pbme,73,123,12000,3000.0,2.0,20,400,4,0.32516458427154005,0.28333538915210665,0.11808928732645327,0.606125543096138,"||y-Bc||2/max(||y||2,1e-30)",diagnostic least-squares projection; not enforced,reviewer_closure_20260726_174927/step9_repl_P020/seed73/pbme.npz,reviewer_data_audit/derived_validations/snapshots/P0_20/seed_73/pbme/step_012000/projection/projection_leakage.json
20,midpoint,73,123,0,0.0,0.0,20,400,4,0.22421460909126156,0.22066282321940062,0.0107247923229696,0.2559521059106263,"||y-Bc||2/max(||y||2,1e-30)",diagnostic least-squares projection; not enforced,reviewer_closure_20260726_174927/step9_repl_P020/seed73/midpoint.npz,reviewer_data_audit/derived_validations/snapshots/P0_20/seed_73/midpoint/step_000000/projection/projection_leakage.json
20,midpoint,73,123,6000,1500.0,1.0,20,400,4,0.8310359211999871,0.9175859095348626,0.16547640791540782,0.9902240200473118,"||y-Bc||2/max(||y||2,1e-30)",diagnostic least-squares projection; not enforced,reviewer_closure_20260726_174927/step9_repl_P020/seed73/midpoint.npz,reviewer_data_audit/derived_validations/snapshots/P0_20/seed_73/midpoint/step_006000/projection/projection_leakage.json
20,midpoint,73,123,12000,3000.0,2.0,20,400,4,0.6095649052181549,0.5507978439003572,0.2281038334079266,0.9898039252014739,"||y-Bc||2/max(||y||2,1e-30)",diagnostic least-squares projection; not enforced,reviewer_closure_20260726_174927/step9_repl_P020/seed73/midpoint.npz,reviewer_data_audit/derived_validations/snapshots/P0_20/seed_73/midpoint/step_012000/projection/projection_leakage.json
100,pbme,11,123,0,0.0,0.0,20,400,4,0.220564947260446,0.22043772264943068,0.0003788196412319672,0.22181901059983097,"||y-Bc||2/max(||y||2,1e-30)",diagnostic least-squares projection; not enforced,reviewer_closure_20260726_174927/step9_repl_P0100/seed11/pbme.npz,reviewer_data_audit/derived_validations/snapshots/P0_100/seed_11/pbme/step_000000/projection/projection_leakage.json
100,pbme,11,123,1200,300.0,1.0,20,400,4,0.9664123602123856,0.9725678620953024,0.02836261055320188,0.9926256152234086,"||y-Bc||2/max(||y||2,1e-30)",diagnostic least-squares projection; not enforced,reviewer_closure_20260726_174927/step9_repl_P0100/seed11/pbme.npz,reviewer_data_audit/derived_validations/snapshots/P0_100/seed_11/pbme/step_001200/projection/projection_leakage.json
100,pbme,11,123,2400,600.0,2.0,20,400,4,0.9532028860077977,0.9496512996485912,0.03296778536717391,0.9957615293269656,"||y-Bc||2/max(||y||2,1e-30)",diagnostic least-squares projection; not enforced,reviewer_closure_20260726_174927/step9_repl_P0100/seed11/pbme.npz,reviewer_data_audit/derived_validations/snapshots/P0_100/seed_11/pbme/step_002400/projection/projection_leakage.json
100,midpoint,11,123,0,0.0,0.0,20,400,4,0.220564947260446,0.22043772264943068,0.0003788196412319672,0.22181901059983097,"||y-Bc||2/max(||y||2,1e-30)",diagnostic least-squares projection; not enforced,reviewer_closure_20260726_174927/step9_repl_P0100/seed11/midpoint.npz,reviewer_data_audit/derived_validations/snapshots/P0_100/seed_11/midpoint/step_000000/projection/projection_leakage.json
100,midpoint,11,123,1200,300.0,1.0,20,400,4,0.969802159981994,0.9711834765525549,0.01840182929133352,0.9978392380177532,"||y-Bc||2/max(||y||2,1e-30)",diagnostic least-squares projection; not enforced,reviewer_closure_20260726_174927/step9_repl_P0100/seed11/midpoint.npz,reviewer_data_audit/derived_validations/snapshots/P0_100/seed_11/midpoint/step_001200/projection/projection_leakage.json
100,midpoint,11,123,2400,600.0,2.0,20,400,4,0.9706939838123159,0.9772459690568145,0.022145673761177556,0.9970873610742014,"||y-Bc||2/max(||y||2,1e-30)",diagnostic least-squares projection; not enforced,reviewer_closure_20260726_174927/step9_repl_P0100/seed11/midpoint.npz,reviewer_data_audit/derived_validations/snapshots/P0_100/seed_11/midpoint/step_002400/projection/projection_leakage.json
100,pbme,29,123,0,0.0,0.0,20,400,4,0.2214700853112123,0.22070593319872583,0.0026922114976998335,0.2324648703403031,"||y-Bc||2/max(||y||2,1e-30)",diagnostic least-squares projection; not enforced,reviewer_closure_20260726_174927/step9_repl_P0100/seed29/pbme.npz,reviewer_data_audit/derived_validations/snapshots/P0_100/seed_29/pbme/step_000000/projection/projection_leakage.json
100,pbme,29,123,1200,300.0,1.0,20,400,4,0.9606483004858806,0.9802642435754985,0.0404392943527182,0.9912414611769048,"||y-Bc||2/max(||y||2,1e-30)",diagnostic least-squares projection; not enforced,reviewer_closure_20260726_174927/step9_repl_P0100/seed29/pbme.npz,reviewer_data_audit/derived_validations/snapshots/P0_100/seed_29/pbme/step_001200/projection/projection_leakage.json
100,pbme,29,123,2400,600.0,2.0,20,400,4,0.9564287992484045,0.9638265944843769,0.03569947180308524,0.9887699048689942,"||y-Bc||2/max(||y||2,1e-30)",diagnostic least-squares projection; not enforced,reviewer_closure_20260726_174927/step9_repl_P0100/seed29/pbme.npz,reviewer_data_audit/derived_validations/snapshots/P0_100/seed_29/pbme/step_002400/projection/projection_leakage.json
100,midpoint,29,123,0,0.0,0.0,20,400,4,0.2214700853112123,0.22070593319872583,0.0026922114976998335,0.2324648703403031,"||y-Bc||2/max(||y||2,1e-30)",diagnostic least-squares projection; not enforced,reviewer_closure_20260726_174927/step9_repl_P0100/seed29/midpoint.npz,reviewer_data_audit/derived_validations/snapshots/P0_100/seed_29/midpoint/step_000000/projection/projection_leakage.json
100,midpoint,29,123,1200,300.0,1.0,20,400,4,0.9623316525893996,0.9630234223650848,0.02297839680870523,0.987023190718315,"||y-Bc||2/max(||y||2,1e-30)",diagnostic least-squares projection; not enforced,reviewer_closure_20260726_174927/step9_repl_P0100/seed29/midpoint.npz,reviewer_data_audit/derived_validations/snapshots/P0_100/seed_29/midpoint/step_001200/projection/projection_leakage.json
100,midpoint,29,123,2400,600.0,2.0,20,400,4,0.9744430631661907,0.9778997850393099,0.018245298273707862,0.9932757277386767,"||y-Bc||2/max(||y||2,1e-30)",diagnostic least-squares projection; not enforced,reviewer_closure_20260726_174927/step9_repl_P0100/seed29/midpoint.npz,reviewer_data_audit/derived_validations/snapshots/P0_100/seed_29/midpoint/step_002400/projection/projection_leakage.json
100,pbme,47,123,0,0.0,0.0,20,400,4,0.22202759148421558,0.2205627578239216,0.006819055443997946,0.2509798401202392,"||y-Bc||2/max(||y||2,1e-30)",diagnostic least-squares projection; not enforced,reviewer_closure_20260726_174927/step9_repl_P0100/seed47/pbme.npz,reviewer_data_audit/derived_validations/snapshots/P0_100/seed_47/pbme/step_000000/projection/projection_leakage.json
100,pbme,47,123,1200,300.0,1.0,20,400,4,0.9610443838035776,0.9781288733429676,0.035501018878153094,0.998243489612129,"||y-Bc||2/max(||y||2,1e-30)",diagnostic least-squares projection; not enforced,reviewer_closure_20260726_174927/step9_repl_P0100/seed47/pbme.npz,reviewer_data_audit/derived_validations/snapshots/P0_100/seed_47/pbme/step_001200/projection/projection_leakage.json
100,pbme,47,123,2400,600.0,2.0,20,400,4,0.9751909882353564,0.9809205811056603,0.0202197919739643,0.9958931557370199,"||y-Bc||2/max(||y||2,1e-30)",diagnostic least-squares projection; not enforced,reviewer_closure_20260726_174927/step9_repl_P0100/seed47/pbme.npz,reviewer_data_audit/derived_validations/snapshots/P0_100/seed_47/pbme/step_002400/projection/projection_leakage.json
100,midpoint,47,123,0,0.0,0.0,20,400,4,0.22202759148421558,0.2205627578239216,0.006819055443997946,0.2509798401202392,"||y-Bc||2/max(||y||2,1e-30)",diagnostic least-squares projection; not enforced,reviewer_closure_20260726_174927/step9_repl_P0100/seed47/midpoint.npz,reviewer_data_audit/derived_validations/snapshots/P0_100/seed_47/midpoint/step_000000/projection/projection_leakage.json
100,midpoint,47,123,1200,300.0,1.0,20,400,4,0.9646964085855394,0.9627344976799703,0.031158670432242856,0.9991169261822479,"||y-Bc||2/max(||y||2,1e-30)",diagnostic least-squares projection; not enforced,reviewer_closure_20260726_174927/step9_repl_P0100/seed47/midpoint.npz,reviewer_data_audit/derived_validations/snapshots/P0_100/seed_47/midpoint/step_001200/projection/projection_leakage.json
100,midpoint,47,123,2400,600.0,2.0,20,400,4,0.959632820161006,0.961435115940358,0.024362731540888343,0.998071030731291,"||y-Bc||2/max(||y||2,1e-30)",diagnostic least-squares projection; not enforced,reviewer_closure_20260726_174927/step9_repl_P0100/seed47/midpoint.npz,reviewer_data_audit/derived_validations/snapshots/P0_100/seed_47/midpoint/step_002400/projection/projection_leakage.json
100,pbme,73,123,0,0.0,0.0,20,400,4,0.22421460909232058,0.22066282321948183,0.010724792325545506,0.25595210590790735,"||y-Bc||2/max(||y||2,1e-30)",diagnostic least-squares projection; not enforced,reviewer_closure_20260726_174927/step9_repl_P0100/seed73/pbme.npz,reviewer_data_audit/derived_validations/snapshots/P0_100/seed_73/pbme/step_000000/projection/projection_leakage.json
100,pbme,73,123,1200,300.0,1.0,20,400,4,0.9593377397066245,0.973400281729617,0.035049593294729474,0.9958776483929257,"||y-Bc||2/max(||y||2,1e-30)",diagnostic least-squares projection; not enforced,reviewer_closure_20260726_174927/step9_repl_P0100/seed73/pbme.npz,reviewer_data_audit/derived_validations/snapshots/P0_100/seed_73/pbme/step_001200/projection/projection_leakage.json
100,pbme,73,123,2400,600.0,2.0,20,400,4,0.9516361743089321,0.9603222554629378,0.03946108564404988,0.9971320591207625,"||y-Bc||2/max(||y||2,1e-30)",diagnostic least-squares projection; not enforced,reviewer_closure_20260726_174927/step9_repl_P0100/seed73/pbme.npz,reviewer_data_audit/derived_validations/snapshots/P0_100/seed_73/pbme/step_002400/projection/projection_leakage.json
100,midpoint,73,123,0,0.0,0.0,20,400,4,0.22421460909232058,0.22066282321948183,0.010724792325545506,0.25595210590790735,"||y-Bc||2/max(||y||2,1e-30)",diagnostic least-squares projection; not enforced,reviewer_closure_20260726_174927/step9_repl_P0100/seed73/midpoint.npz,reviewer_data_audit/derived_validations/snapshots/P0_100/seed_73/midpoint/step_000000/projection/projection_leakage.json
100,midpoint,73,123,1200,300.0,1.0,20,400,4,0.9770748690221239,0.9823456390774472,0.020823818954463457,0.9982124664272227,"||y-Bc||2/max(||y||2,1e-30)",diagnostic least-squares projection; not enforced,reviewer_closure_20260726_174927/step9_repl_P0100/seed73/midpoint.npz,reviewer_data_audit/derived_validations/snapshots/P0_100/seed_73/midpoint/step_001200/projection/projection_leakage.json
100,midpoint,73,123,2400,600.0,2.0,20,400,4,0.9635547988892673,0.9753483999514604,0.03339970513061507,0.9975552958144728,"||y-Bc||2/max(||y||2,1e-30)",diagnostic least-squares projection; not enforced,reviewer_closure_20260726_174927/step9_repl_P0100/seed73/midpoint.npz,reviewer_data_audit/derived_validations/snapshots/P0_100/seed_73/midpoint/step_002400/projection/projection_leakage.json
