method,P0,observable,N,n_seeds,seeds,mean,sample_sd,standard_error,ci95_low,ci95_high,confidence_interval_method,cloud_relationship,source_csv,difference_from_N2000_mean,combined_seed_sd_scale,change_exceeds_seed_variability
PBME,20.0,P0,500,3,"[11,29,47]",0.9630933991935882,0.01087768893288037,0.0062802366335594955,0.9360717218990657,0.9901150764881106,"two-sided Student t, df=2",independently sampled; not nested,D:\PhD-Project\GP_RKHS_MINT\GP_RKHS_MINT\Tully_models\GP_MInt_QCLE_Reviewer_Ready_Pipeline_v4\output\fixed_pipeline\final_reviewer_closure\support\independent_cloud_run_by_run.csv,0.010278509251768875,0.010981414079840336,False
PBME,20.0,P1,500,3,"[11,29,47]",0.036906600807576385,0.01087768893287267,0.006280236633555049,0.009884923513073043,0.06392827810207972,"two-sided Student t, df=2",independently sampled; not nested,D:\PhD-Project\GP_RKHS_MINT\GP_RKHS_MINT\Tully_models\GP_MInt_QCLE_Reviewer_Ready_Pipeline_v4\output\fixed_pipeline\final_reviewer_closure\support\independent_cloud_run_by_run.csv,-0.01027850925176578,0.010981414079832597,False
PBME,20.0,trace,500,3,"[11,29,47]",1.0000000000011646,7.720641304371205e-15,4.457514335395259e-15,1.0000000000011455,1.0000000000011837,"two-sided Student t, df=2",independently sampled; not nested,D:\PhD-Project\GP_RKHS_MINT\GP_RKHS_MINT\Tully_models\GP_MInt_QCLE_Reviewer_Ready_Pipeline_v4\output\fixed_pipeline\final_reviewer_closure\support\independent_cloud_run_by_run.csv,3.1086244689504383e-15,7.801637598508322e-15,False
PBME,20.0,energy,500,3,"[11,29,47]",0.09985564651480333,0.00019402376229744311,0.00011201967139161276,0.09937366476991054,0.10033762825969612,"two-sided Student t, df=2",independently sampled; not nested,D:\PhD-Project\GP_RKHS_MINT\GP_RKHS_MINT\Tully_models\GP_MInt_QCLE_Reviewer_Ready_Pipeline_v4\output\fixed_pipeline\final_reviewer_closure\support\independent_cloud_run_by_run.csv,-0.0001828883017135352,0.00021632954522884145,False
PBME,20.0,R_mean,500,3,"[11,29,47]",15.326479581441925,0.03302390077266053,0.019066358000787046,15.244443664144475,15.408515498739375,"two-sided Student t, df=2",independently sampled; not nested,D:\PhD-Project\GP_RKHS_MINT\GP_RKHS_MINT\Tully_models\GP_MInt_QCLE_Reviewer_Ready_Pipeline_v4\output\fixed_pipeline\final_reviewer_closure\support\independent_cloud_run_by_run.csv,0.04120017345269389,0.042279837797701676,False
PBME,20.0,P_mean,500,3,"[11,29,47]",19.762987205484137,0.046592180506576195,0.026900007957603403,19.647245812816507,19.878728598151767,"two-sided Student t, df=2",independently sampled; not nested,D:\PhD-Project\GP_RKHS_MINT\GP_RKHS_MINT\Tully_models\GP_MInt_QCLE_Reviewer_Ready_Pipeline_v4\output\fixed_pipeline\final_reviewer_closure\support\independent_cloud_run_by_run.csv,0.03948961121582073,0.0483713692632048,False
PBME,20.0,R_var,500,3,"[11,29,47]",2.184460004170205,0.1241377593225065,0.0716709687614461,1.8760847147888022,2.4928352935516083,"two-sided Student t, df=2",independently sampled; not nested,D:\PhD-Project\GP_RKHS_MINT\GP_RKHS_MINT\Tully_models\GP_MInt_QCLE_Reviewer_Ready_Pipeline_v4\output\fixed_pipeline\final_reviewer_closure\support\independent_cloud_run_by_run.csv,-0.12646338114491096,0.1285745581528577,False
PBME,20.0,P_var,500,3,"[11,29,47]",1.4640438808017393,0.028485042720982342,0.016445847082837146,1.3932831119586047,1.534804649644874,"two-sided Student t, df=2",independently sampled; not nested,D:\PhD-Project\GP_RKHS_MINT\GP_RKHS_MINT\Tully_models\GP_MInt_QCLE_Reviewer_Ready_Pipeline_v4\output\fixed_pipeline\final_reviewer_closure\support\independent_cloud_run_by_run.csv,-0.23650526442514774,0.06946769429560098,True
MIDPOINT,20.0,P0,500,3,"[11,29,47]",1.0789516036112003,0.0635118802201423,0.036668601141838425,0.9211793468141302,1.2367238604082704,"two-sided Student t, df=2",independently sampled; not nested,D:\PhD-Project\GP_RKHS_MINT\GP_RKHS_MINT\Tully_models\GP_MInt_QCLE_Reviewer_Ready_Pipeline_v4\output\fixed_pipeline\final_reviewer_closure\support\independent_cloud_run_by_run.csv,0.12748822224730805,0.09785809120227836,True
MIDPOINT,20.0,P1,500,3,"[11,29,47]",-0.07895160360878377,0.06351188022038094,0.03666860114197621,-0.23672386040644677,0.07882065318887925,"two-sided Student t, df=2",independently sampled; not nested,D:\PhD-Project\GP_RKHS_MINT\GP_RKHS_MINT\Tully_models\GP_MInt_QCLE_Reviewer_Ready_Pipeline_v4\output\fixed_pipeline\final_reviewer_closure\support\independent_cloud_run_by_run.csv,-0.12748822224700318,0.09785809120296833,True
MIDPOINT,20.0,trace,500,3,"[11,29,47]",1.0000000000024165,6.455998914773995e-13,3.727372711332698e-13,1.0000000000008127,1.0000000000040203,"two-sided Student t, df=2",independently sampled; not nested,D:\PhD-Project\GP_RKHS_MINT\GP_RKHS_MINT\Tully_models\GP_MInt_QCLE_Reviewer_Ready_Pipeline_v4\output\fixed_pipeline\final_reviewer_closure\support\independent_cloud_run_by_run.csv,3.05089287166993e-13,9.571207776092115e-13,False
MIDPOINT,20.0,energy,500,3,"[11,29,47]",0.1013922379433161,0.021385817250837377,0.012347107346611102,0.048266922814568555,0.15451755307206366,"two-sided Student t, df=2",independently sampled; not nested,D:\PhD-Project\GP_RKHS_MINT\GP_RKHS_MINT\Tully_models\GP_MInt_QCLE_Reviewer_Ready_Pipeline_v4\output\fixed_pipeline\final_reviewer_closure\support\independent_cloud_run_by_run.csv,0.007982103039446936,0.029785689929558736,False
MIDPOINT,20.0,R_mean,500,3,"[11,29,47]",16.922577905895263,0.9889407344880088,0.5709651992692382,14.465912932697973,19.37924287909255,"two-sided Student t, df=2",independently sampled; not nested,D:\PhD-Project\GP_RKHS_MINT\GP_RKHS_MINT\Tully_models\GP_MInt_QCLE_Reviewer_Ready_Pipeline_v4\output\fixed_pipeline\final_reviewer_closure\support\independent_cloud_run_by_run.csv,2.437212771745326,2.453077210473011,False
MIDPOINT,20.0,P_mean,500,3,"[11,29,47]",20.469371058322224,1.9267843044521538,1.112429436845797,15.682973505283314,25.255768611361134,"two-sided Student t, df=2",independently sampled; not nested,D:\PhD-Project\GP_RKHS_MINT\GP_RKHS_MINT\Tully_models\GP_MInt_QCLE_Reviewer_Ready_Pipeline_v4\output\fixed_pipeline\final_reviewer_closure\support\independent_cloud_run_by_run.csv,1.462051450343555,2.60363019085021,False
MIDPOINT,20.0,R_var,500,3,"[11,29,47]",-1309.6984745091968,261.6704141881399,151.07548407048344,-1959.7238184352284,-659.6731305831652,"two-sided Student t, df=2",independently sampled; not nested,D:\PhD-Project\GP_RKHS_MINT\GP_RKHS_MINT\Tully_models\GP_MInt_QCLE_Reviewer_Ready_Pipeline_v4\output\fixed_pipeline\final_reviewer_closure\support\independent_cloud_run_by_run.csv,194253634.2529618,330939082.88655156,False
MIDPOINT,20.0,P_var,500,3,"[11,29,47]",-1943.6172139034716,571.4032233687616,329.8998048277744,-3363.0615096719193,-524.1729181350236,"two-sided Student t, df=2",independently sampled; not nested,D:\PhD-Project\GP_RKHS_MINT\GP_RKHS_MINT\Tully_models\GP_MInt_QCLE_Reviewer_Ready_Pipeline_v4\output\fixed_pipeline\final_reviewer_closure\support\independent_cloud_run_by_run.csv,387362524.2312489,662671467.498412,False
PBME,20.0,P0,1000,3,"[11,29,47]",0.9644383962001907,0.009650981012937501,0.005571996485763434,0.9404640303108633,0.988412762089518,"two-sided Student t, df=2",independently sampled; not nested,D:\PhD-Project\GP_RKHS_MINT\GP_RKHS_MINT\Tully_models\GP_MInt_QCLE_Reviewer_Ready_Pipeline_v4\output\fixed_pipeline\final_reviewer_closure\support\independent_cloud_run_by_run.csv,0.011623506258371386,0.009767741457700835,True
PBME,20.0,P1,1000,3,"[11,29,47]",0.03556160380097586,0.009650981012933827,0.005571996485761312,0.011587237911657639,0.05953596969029408,"two-sided Student t, df=2",independently sampled; not nested,D:\PhD-Project\GP_RKHS_MINT\GP_RKHS_MINT\Tully_models\GP_MInt_QCLE_Reviewer_Ready_Pipeline_v4\output\fixed_pipeline\final_reviewer_closure\support\independent_cloud_run_by_run.csv,-0.011623506258366306,0.00976774145769708,True
PBME,20.0,trace,1000,3,"[11,29,47]",1.0000000000011664,3.6654177513682334e-15,2.1162299254448825e-15,1.0000000000011573,1.0000000000011755,"two-sided Student t, df=2",independently sampled; not nested,D:\PhD-Project\GP_RKHS_MINT\GP_RKHS_MINT\Tully_models\GP_MInt_QCLE_Reviewer_Ready_Pipeline_v4\output\fixed_pipeline\final_reviewer_closure\support\independent_cloud_run_by_run.csv,4.884981308350689e-15,3.833084183753514e-15,True
PBME,20.0,energy,1000,3,"[11,29,47]",0.10007546873299693,9.32126858610124e-05,5.3816369273743536e-05,0.09984391558483892,0.10030702188115494,"two-sided Student t, df=2",independently sampled; not nested,D:\PhD-Project\GP_RKHS_MINT\GP_RKHS_MINT\Tully_models\GP_MInt_QCLE_Reviewer_Ready_Pipeline_v4\output\fixed_pipeline\final_reviewer_closure\support\independent_cloud_run_by_run.csv,3.693391648006139e-05,0.00013357341280466873,False
PBME,20.0,R_mean,1000,3,"[11,29,47]",15.332761404158651,0.02360186459581858,0.013626542877772955,15.27413112224928,15.391391686068022,"two-sided Student t, df=2",independently sampled; not nested,D:\PhD-Project\GP_RKHS_MINT\GP_RKHS_MINT\Tully_models\GP_MInt_QCLE_Reviewer_Ready_Pipeline_v4\output\fixed_pipeline\final_reviewer_closure\support\independent_cloud_run_by_run.csv,0.04748199616942017,0.0354126343888278,True
PBME,20.0,P_mean,1000,3,"[11,29,47]",19.78592229361655,0.05831731717600461,0.033669518769983045,19.641054046773327,19.930790540459775,"two-sided Student t, df=2",independently sampled; not nested,D:\PhD-Project\GP_RKHS_MINT\GP_RKHS_MINT\Tully_models\GP_MInt_QCLE_Reviewer_Ready_Pipeline_v4\output\fixed_pipeline\final_reviewer_closure\support\independent_cloud_run_by_run.csv,0.06242469934823447,0.05974836870280776,True
PBME,20.0,R_var,1000,3,"[11,29,47]",2.368915153903051,0.1334006590976246,0.07701890644008708,2.037529545870399,2.7003007619357033,"two-sided Student t, df=2",independently sampled; not nested,D:\PhD-Project\GP_RKHS_MINT\GP_RKHS_MINT\Tully_models\GP_MInt_QCLE_Reviewer_Ready_Pipeline_v4\output\fixed_pipeline\final_reviewer_closure\support\independent_cloud_run_by_run.csv,0.05799176858793498,0.1375389747027027,False
PBME,20.0,P_var,1000,3,"[11,29,47]",1.7046911962103952,0.09704921558940509,0.05603139074518505,1.4636075798719537,1.9457748125488368,"two-sided Student t, df=2",independently sampled; not nested,D:\PhD-Project\GP_RKHS_MINT\GP_RKHS_MINT\Tully_models\GP_MInt_QCLE_Reviewer_Ready_Pipeline_v4\output\fixed_pipeline\final_reviewer_closure\support\independent_cloud_run_by_run.csv,0.004142050983508172,0.11590044494500318,False
MIDPOINT,20.0,P0,1000,3,"[11,29,47]",0.9159132273905578,0.06716780225096275,0.0387793487104689,0.7490591568056202,1.0827672979754954,"two-sided Student t, df=2",independently sampled; not nested,D:\PhD-Project\GP_RKHS_MINT\GP_RKHS_MINT\Tully_models\GP_MInt_QCLE_Reviewer_Ready_Pipeline_v4\output\fixed_pipeline\final_reviewer_closure\support\independent_cloud_run_by_run.csv,-0.0355501539733345,0.10026944072787164,False
MIDPOINT,20.0,P1,1000,3,"[11,29,47]",0.08408677261189774,0.0671678022510005,0.03877934871049069,-0.0827672979731336,0.2509408431969291,"two-sided Student t, df=2",independently sampled; not nested,D:\PhD-Project\GP_RKHS_MINT\GP_RKHS_MINT\Tully_models\GP_MInt_QCLE_Reviewer_Ready_Pipeline_v4\output\fixed_pipeline\final_reviewer_closure\support\independent_cloud_run_by_run.csv,0.035550153973678326,0.10026944072841915,False
MIDPOINT,20.0,trace,1000,3,"[11,29,47]",1.0000000000024556,6.088640206179119e-13,3.5152780620362933e-13,1.000000000000943,1.0000000000039682,"two-sided Student t, df=2",independently sampled; not nested,D:\PhD-Project\GP_RKHS_MINT\GP_RKHS_MINT\Tully_models\GP_MInt_QCLE_Reviewer_Ready_Pipeline_v4\output\fixed_pipeline\final_reviewer_closure\support\independent_cloud_run_by_run.csv,3.4416913763379853e-13,9.327359533429816e-13,False
MIDPOINT,20.0,energy,1000,3,"[11,29,47]",0.09935655508831855,0.016718414127530615,0.009652380896953444,0.05782571207397492,0.14088739810266218,"two-sided Student t, df=2",independently sampled; not nested,D:\PhD-Project\GP_RKHS_MINT\GP_RKHS_MINT\Tully_models\GP_MInt_QCLE_Reviewer_Ready_Pipeline_v4\output\fixed_pipeline\final_reviewer_closure\support\independent_cloud_run_by_run.csv,0.00594642018444938,0.026633428544466792,False
MIDPOINT,20.0,R_mean,1000,3,"[11,29,47]",14.913905482778262,1.9967704695632609,1.1528359681122442,9.95365265768822,19.874158307868303,"two-sided Student t, df=2",independently sampled; not nested,D:\PhD-Project\GP_RKHS_MINT\GP_RKHS_MINT\Tully_models\GP_MInt_QCLE_Reviewer_Ready_Pipeline_v4\output\fixed_pipeline\final_reviewer_closure\support\independent_cloud_run_by_run.csv,0.42854034862832435,3.0044427656942063,False
MIDPOINT,20.0,P_mean,1000,3,"[11,29,47]",19.513100080891487,1.7269916484640933,0.9970790931289798,15.22301499911713,23.803185162665844,"two-sided Student t, df=2",independently sampled; not nested,D:\PhD-Project\GP_RKHS_MINT\GP_RKHS_MINT\Tully_models\GP_MInt_QCLE_Reviewer_Ready_Pipeline_v4\output\fixed_pipeline\final_reviewer_closure\support\independent_cloud_run_by_run.csv,0.5057804729128179,2.459449647520408,False
MIDPOINT,20.0,R_var,1000,3,"[11,29,47]",-9.499444869956998,52.52432953239805,30.324935794534625,-139.97711264417163,120.97822290425763,"two-sided Student t, df=2",independently sampled; not nested,D:\PhD-Project\GP_RKHS_MINT\GP_RKHS_MINT\Tully_models\GP_MInt_QCLE_Reviewer_Ready_Pipeline_v4\output\fixed_pipeline\final_reviewer_closure\support\independent_cloud_run_by_run.csv,194254934.45199144,330939082.88645226,False
MIDPOINT,20.0,P_var,1000,3,"[11,29,47]",-6.3326332487304215,85.30950104830754,49.25346339467302,-218.2531819708093,205.58791547334846,"two-sided Student t, df=2",independently sampled; not nested,D:\PhD-Project\GP_RKHS_MINT\GP_RKHS_MINT\Tully_models\GP_MInt_QCLE_Reviewer_Ready_Pipeline_v4\output\fixed_pipeline\final_reviewer_closure\support\independent_cloud_run_by_run.csv,387364461.51582956,662671467.4981711,False
PBME,20.0,P0,2000,3,"[11,29,47]",0.9528148899418193,0.0015057684657368401,0.0008693558290304145,0.9490743537109643,0.9565554261726743,"two-sided Student t, df=2",independently sampled; not nested,D:\PhD-Project\GP_RKHS_MINT\GP_RKHS_MINT\Tully_models\GP_MInt_QCLE_Reviewer_Ready_Pipeline_v4\output\fixed_pipeline\final_reviewer_closure\support\independent_cloud_run_by_run.csv,0.0,0.002129478186038766,False
PBME,20.0,P1,2000,3,"[11,29,47]",0.047185110059342165,0.001505768465736031,0.0008693558290299473,0.04344457382848921,0.05092564629019512,"two-sided Student t, df=2",independently sampled; not nested,D:\PhD-Project\GP_RKHS_MINT\GP_RKHS_MINT\Tully_models\GP_MInt_QCLE_Reviewer_Ready_Pipeline_v4\output\fixed_pipeline\final_reviewer_closure\support\independent_cloud_run_by_run.csv,0.0,0.002129478186037622,False
PBME,20.0,trace,2000,3,"[11,29,47]",1.0000000000011615,1.121270291988505e-15,6.473657049138938e-16,1.0000000000011586,1.0000000000011644,"two-sided Student t, df=2",independently sampled; not nested,D:\PhD-Project\GP_RKHS_MINT\GP_RKHS_MINT\Tully_models\GP_MInt_QCLE_Reviewer_Ready_Pipeline_v4\output\fixed_pipeline\final_reviewer_closure\support\independent_cloud_run_by_run.csv,0.0,1.5857156540161842e-15,False
PBME,20.0,energy,2000,3,"[11,29,47]",0.10003853481651687,9.567262828449243e-05,5.523661769413071e-05,0.09980087083261603,0.1002761988004177,"two-sided Student t, df=2",independently sampled; not nested,D:\PhD-Project\GP_RKHS_MINT\GP_RKHS_MINT\Tully_models\GP_MInt_QCLE_Reviewer_Ready_Pipeline_v4\output\fixed_pipeline\final_reviewer_closure\support\independent_cloud_run_by_run.csv,0.0,0.00013530152846780898,False
PBME,20.0,R_mean,2000,3,"[11,29,47]",15.285279407989231,0.026400883734402428,0.015242557330901255,15.219695977081878,15.350862838896584,"two-sided Student t, df=2",independently sampled; not nested,D:\PhD-Project\GP_RKHS_MINT\GP_RKHS_MINT\Tully_models\GP_MInt_QCLE_Reviewer_Ready_Pipeline_v4\output\fixed_pipeline\final_reviewer_closure\support\independent_cloud_run_by_run.csv,0.0,0.03733648783582716,False
PBME,20.0,P_mean,2000,3,"[11,29,47]",19.723497594268316,0.012998387593849314,0.007504622576339994,19.691207809454887,19.755787379081745,"two-sided Student t, df=2",independently sampled; not nested,D:\PhD-Project\GP_RKHS_MINT\GP_RKHS_MINT\Tully_models\GP_MInt_QCLE_Reviewer_Ready_Pipeline_v4\output\fixed_pipeline\final_reviewer_closure\support\independent_cloud_run_by_run.csv,0.0,0.01838249602420388,False
PBME,20.0,R_var,2000,3,"[11,29,47]",2.310923385315116,0.03348482812543672,0.019332474531989243,2.2277424609982712,2.394104309631961,"two-sided Student t, df=2",independently sampled; not nested,D:\PhD-Project\GP_RKHS_MINT\GP_RKHS_MINT\Tully_models\GP_MInt_QCLE_Reviewer_Ready_Pipeline_v4\output\fixed_pipeline\final_reviewer_closure\support\independent_cloud_run_by_run.csv,0.0,0.047354698068724665,False
PBME,20.0,P_var,2000,3,"[11,29,47]",1.700549145226887,0.0633590000862615,0.0365803357553886,1.543156663735763,1.857941626718011,"two-sided Student t, df=2",independently sampled; not nested,D:\PhD-Project\GP_RKHS_MINT\GP_RKHS_MINT\Tully_models\GP_MInt_QCLE_Reviewer_Ready_Pipeline_v4\output\fixed_pipeline\final_reviewer_closure\support\independent_cloud_run_by_run.csv,0.0,0.08960315722038911,False
MIDPOINT,20.0,P0,2000,3,"[11,29,47]",0.9514633813638923,0.07444761302188087,0.04298234941870801,0.766525258308735,1.1364015044190496,"two-sided Student t, df=2",independently sampled; not nested,D:\PhD-Project\GP_RKHS_MINT\GP_RKHS_MINT\Tully_models\GP_MInt_QCLE_Reviewer_Ready_Pipeline_v4\output\fixed_pipeline\final_reviewer_closure\support\independent_cloud_run_by_run.csv,0.0,0.10528482402184776,False
MIDPOINT,20.0,P1,2000,3,"[11,29,47]",0.04853661863821942,0.07444761302258422,0.042982349419114094,-0.1364015044186852,0.23347474169512406,"two-sided Student t, df=2",independently sampled; not nested,D:\PhD-Project\GP_RKHS_MINT\GP_RKHS_MINT\Tully_models\GP_MInt_QCLE_Reviewer_Ready_Pipeline_v4\output\fixed_pipeline\final_reviewer_closure\support\independent_cloud_run_by_run.csv,0.0,0.10528482402284245,False
MIDPOINT,20.0,trace,2000,3,"[11,29,47]",1.0000000000021114,7.065981623636108e-13,4.079546392495256e-13,1.0000000000003562,1.0000000000038667,"two-sided Student t, df=2",independently sampled; not nested,D:\PhD-Project\GP_RKHS_MINT\GP_RKHS_MINT\Tully_models\GP_MInt_QCLE_Reviewer_Ready_Pipeline_v4\output\fixed_pipeline\final_reviewer_closure\support\independent_cloud_run_by_run.csv,0.0,9.992807043625247e-13,False
MIDPOINT,20.0,energy,2000,3,"[11,29,47]",0.09341013490386917,0.020732441850722826,0.011969880883473087,0.04190789424645602,0.1449123755612823,"two-sided Student t, df=2",independently sampled; not nested,D:\PhD-Project\GP_RKHS_MINT\GP_RKHS_MINT\Tully_models\GP_MInt_QCLE_Reviewer_Ready_Pipeline_v4\output\fixed_pipeline\final_reviewer_closure\support\independent_cloud_run_by_run.csv,0.0,0.029320100446403773,False
MIDPOINT,20.0,R_mean,2000,3,"[11,29,47]",14.485365134149937,2.244901784981331,1.2960946498632429,8.908719950971289,20.062010317328586,"two-sided Student t, df=2",independently sampled; not nested,D:\PhD-Project\GP_RKHS_MINT\GP_RKHS_MINT\Tully_models\GP_MInt_QCLE_Reviewer_Ready_Pipeline_v4\output\fixed_pipeline\final_reviewer_closure\support\independent_cloud_run_by_run.csv,0.0,3.1747705505161683,False
MIDPOINT,20.0,P_mean,2000,3,"[11,29,47]",19.00731960797867,1.7511117653717976,1.0110048491185282,14.657316834182797,23.35732238177454,"two-sided Student t, df=2",independently sampled; not nested,D:\PhD-Project\GP_RKHS_MINT\GP_RKHS_MINT\Tully_models\GP_MInt_QCLE_Reviewer_Ready_Pipeline_v4\output\fixed_pipeline\final_reviewer_closure\support\independent_cloud_run_by_run.csv,0.0,2.4764460078198893,False
MIDPOINT,20.0,R_var,2000,3,"[11,29,47]",-194254943.9514363,330939082.8864481,191067768.58985868,-1016353200.0315425,627843312.12867,"two-sided Student t, df=2",independently sampled; not nested,D:\PhD-Project\GP_RKHS_MINT\GP_RKHS_MINT\Tully_models\GP_MInt_QCLE_Reviewer_Ready_Pipeline_v4\output\fixed_pipeline\final_reviewer_closure\support\independent_cloud_run_by_run.csv,0.0,468018539.33732873,False
MIDPOINT,20.0,P_var,2000,3,"[11,29,47]",-387364467.8484628,662671467.4981656,382593550.1443503,-2033531650.7411892,1258802715.0442636,"two-sided Student t, df=2",independently sampled; not nested,D:\PhD-Project\GP_RKHS_MINT\GP_RKHS_MINT\Tully_models\GP_MInt_QCLE_Reviewer_Ready_Pipeline_v4\output\fixed_pipeline\final_reviewer_closure\support\independent_cloud_run_by_run.csv,0.0,937158976.7335875,False
PBME,100.0,P0,500,3,"[11,29,47]",0.13697881776843276,0.006788127526409582,0.003919127254666081,0.12011617418811721,0.15384146134874832,"two-sided Student t, df=2",independently sampled; not nested,D:\PhD-Project\GP_RKHS_MINT\GP_RKHS_MINT\Tully_models\GP_MInt_QCLE_Reviewer_Ready_Pipeline_v4\output\fixed_pipeline\final_reviewer_closure\support\independent_cloud_run_by_run.csv,-0.0057736646608747555,0.009057655512472082,False
PBME,100.0,P1,500,3,"[11,29,47]",0.8630211822317939,0.0067881275264087566,0.003919127254665604,0.8461585386514804,0.8798838258121074,"two-sided Student t, df=2",independently sampled; not nested,D:\PhD-Project\GP_RKHS_MINT\GP_RKHS_MINT\Tully_models\GP_MInt_QCLE_Reviewer_Ready_Pipeline_v4\output\fixed_pipeline\final_reviewer_closure\support\independent_cloud_run_by_run.csv,0.005773664660874922,0.009057655512471613,False
PBME,100.0,trace,500,3,"[11,29,47]",1.0000000000002267,9.019494489765868e-16,5.20740757162067e-16,1.0000000000002245,1.000000000000229,"two-sided Student t, df=2",independently sampled; not nested,D:\PhD-Project\GP_RKHS_MINT\GP_RKHS_MINT\Tully_models\GP_MInt_QCLE_Reviewer_Ready_Pipeline_v4\output\fixed_pipeline\final_reviewer_closure\support\independent_cloud_run_by_run.csv,4.440892098500626e-16,9.678699938266253e-16,False
PBME,100.0,energy,500,3,"[11,29,47]",2.499032324175501,0.0009515732723937383,0.0005493910849701779,2.4966684851240832,2.5013961632269184,"two-sided Student t, df=2",independently sampled; not nested,D:\PhD-Project\GP_RKHS_MINT\GP_RKHS_MINT\Tully_models\GP_MInt_QCLE_Reviewer_Ready_Pipeline_v4\output\fixed_pipeline\final_reviewer_closure\support\independent_cloud_run_by_run.csv,-0.0009055446932726419,0.0010674704572761317,False
PBME,100.0,R_mean,500,3,"[11,29,47]",14.90792990613861,0.0205454132038773,0.01186189984387065,14.856892270396,14.958967541881222,"two-sided Student t, df=2",independently sampled; not nested,D:\PhD-Project\GP_RKHS_MINT\GP_RKHS_MINT\Tully_models\GP_MInt_QCLE_Reviewer_Ready_Pipeline_v4\output\fixed_pipeline\final_reviewer_closure\support\independent_cloud_run_by_run.csv,0.016117059041595994,0.024023031846334263,False
PBME,100.0,P_mean,500,3,"[11,29,47]",99.1115453523225,0.02264913330967542,0.013076483213252823,99.05528178613017,99.16780891851482,"two-sided Student t, df=2",independently sampled; not nested,D:\PhD-Project\GP_RKHS_MINT\GP_RKHS_MINT\Tully_models\GP_MInt_QCLE_Reviewer_Ready_Pipeline_v4\output\fixed_pipeline\final_reviewer_closure\support\independent_cloud_run_by_run.csv,-0.023929217967832983,0.023908680510767468,True
PBME,100.0,R_var,500,3,"[11,29,47]",0.9787503369369214,0.07508442811133793,0.043350014782030065,0.7922302775026516,1.165270396371191,"two-sided Student t, df=2",independently sampled; not nested,D:\PhD-Project\GP_RKHS_MINT\GP_RKHS_MINT\Tully_models\GP_MInt_QCLE_Reviewer_Ready_Pipeline_v4\output\fixed_pipeline\final_reviewer_closure\support\independent_cloud_run_by_run.csv,-0.02341926403250716,0.08081456481714365,False
PBME,100.0,P_var,500,3,"[11,29,47]",0.4263252660912258,0.01873208648508289,0.010814975174645957,0.37979218363443934,0.47285834854801223,"two-sided Student t, df=2",independently sampled; not nested,D:\PhD-Project\GP_RKHS_MINT\GP_RKHS_MINT\Tully_models\GP_MInt_QCLE_Reviewer_Ready_Pipeline_v4\output\fixed_pipeline\final_reviewer_closure\support\independent_cloud_run_by_run.csv,-0.03331050936806906,0.01913771659097568,True
MIDPOINT,100.0,P0,500,3,"[11,29,47]",0.922542049865775,1.014007922799962,0.5854377471889715,-1.596393271144013,3.441477370875563,"two-sided Student t, df=2",independently sampled; not nested,D:\PhD-Project\GP_RKHS_MINT\GP_RKHS_MINT\Tully_models\GP_MInt_QCLE_Reviewer_Ready_Pipeline_v4\output\fixed_pipeline\final_reviewer_closure\support\independent_cloud_run_by_run.csv,1.2194829586543068,1.3177830073473786,False
MIDPOINT,100.0,P1,500,3,"[11,29,47]",0.07745795013449659,1.0140079228000252,0.5854377471890079,-2.4414773708754476,2.596393271144441,"two-sided Student t, df=2",independently sampled; not nested,D:\PhD-Project\GP_RKHS_MINT\GP_RKHS_MINT\Tully_models\GP_MInt_QCLE_Reviewer_Ready_Pipeline_v4\output\fixed_pipeline\final_reviewer_closure\support\independent_cloud_run_by_run.csv,-1.2194829586544382,1.3177830073474124,False
MIDPOINT,100.0,trace,500,3,"[11,29,47]",1.0000000000002718,1.3887474453751386e-13,8.017937114237414e-14,0.9999999999999268,1.0000000000006168,"two-sided Student t, df=2",independently sampled; not nested,D:\PhD-Project\GP_RKHS_MINT\GP_RKHS_MINT\Tully_models\GP_MInt_QCLE_Reviewer_Ready_Pipeline_v4\output\fixed_pipeline\final_reviewer_closure\support\independent_cloud_run_by_run.csv,-1.3078427230084344e-13,1.4359497732024954e-13,False
MIDPOINT,100.0,energy,500,3,"[11,29,47]",2.4139027470669934,0.06922051088782577,0.03996448059452963,2.241949465546052,2.585856028587935,"two-sided Student t, df=2",independently sampled; not nested,D:\PhD-Project\GP_RKHS_MINT\GP_RKHS_MINT\Tully_models\GP_MInt_QCLE_Reviewer_Ready_Pipeline_v4\output\fixed_pipeline\final_reviewer_closure\support\independent_cloud_run_by_run.csv,-0.08441657564219662,0.08541297051369945,False
MIDPOINT,100.0,R_mean,500,3,"[11,29,47]",12.404048529069419,3.4304045681007755,1.980545000822305,3.882451174995282,20.925645883143556,"two-sided Student t, df=2",independently sampled; not nested,D:\PhD-Project\GP_RKHS_MINT\GP_RKHS_MINT\Tully_models\GP_MInt_QCLE_Reviewer_Ready_Pipeline_v4\output\fixed_pipeline\final_reviewer_closure\support\independent_cloud_run_by_run.csv,-0.1965926147909247,3.6592466780186674,False
MIDPOINT,100.0,P_mean,500,3,"[11,29,47]",98.18326910780274,0.4124080374708318,0.23810389144975003,97.1587907493052,99.20774746630029,"two-sided Student t, df=2",independently sampled; not nested,D:\PhD-Project\GP_RKHS_MINT\GP_RKHS_MINT\Tully_models\GP_MInt_QCLE_Reviewer_Ready_Pipeline_v4\output\fixed_pipeline\final_reviewer_closure\support\independent_cloud_run_by_run.csv,-0.4759795402854934,1.3579398974621626,False
MIDPOINT,100.0,R_var,500,3,"[11,29,47]",-1.4683439112572824e+19,2.5388033762204238e+19,1.4657788126803925e+19,-7.775081120767343e+19,4.838393298252779e+19,"two-sided Student t, df=2",independently sampled; not nested,D:\PhD-Project\GP_RKHS_MINT\GP_RKHS_MINT\Tully_models\GP_MInt_QCLE_Reviewer_Ready_Pipeline_v4\output\fixed_pipeline\final_reviewer_closure\support\independent_cloud_run_by_run.csv,4.761790876304122e+94,8.247663732776667e+94,False
MIDPOINT,100.0,P_var,500,3,"[11,29,47]",-8.891803584453703e+20,1.5346855374806088e+21,8.860511081858551e+20,-4.7015505777315314e+21,2.9231898608407906e+21,"two-sided Student t, df=2",independently sampled; not nested,D:\PhD-Project\GP_RKHS_MINT\GP_RKHS_MINT\Tully_models\GP_MInt_QCLE_Reviewer_Ready_Pipeline_v4\output\fixed_pipeline\final_reviewer_closure\support\independent_cloud_run_by_run.csv,2.425465500648485e+96,4.20102947912866e+96,False
PBME,100.0,P0,1000,3,"[11,29,47]",0.13495780183111547,0.017794171881153165,0.01027346992559025,0.09075462841232336,0.1791609752499076,"two-sided Student t, df=2",independently sampled; not nested,D:\PhD-Project\GP_RKHS_MINT\GP_RKHS_MINT\Tully_models\GP_MInt_QCLE_Reviewer_Ready_Pipeline_v4\output\fixed_pipeline\final_reviewer_closure\support\independent_cloud_run_by_run.csv,-0.00779468059819205,0.018777513174109035,False
PBME,100.0,P1,1000,3,"[11,29,47]",0.8650421981691107,0.01779417188115285,0.010273469925590068,0.8208390247503193,0.909245371587902,"two-sided Student t, df=2",independently sampled; not nested,D:\PhD-Project\GP_RKHS_MINT\GP_RKHS_MINT\Tully_models\GP_MInt_QCLE_Reviewer_Ready_Pipeline_v4\output\fixed_pipeline\final_reviewer_closure\support\independent_cloud_run_by_run.csv,0.007794680598191661,0.01877751317410881,False
PBME,100.0,trace,1000,3,"[11,29,47]",1.0000000000002263,1.7832822334594722e-15,1.0295784775289034e-15,1.0000000000002218,1.0000000000002307,"two-sided Student t, df=2",independently sampled; not nested,D:\PhD-Project\GP_RKHS_MINT\GP_RKHS_MINT\Tully_models\GP_MInt_QCLE_Reviewer_Ready_Pipeline_v4\output\fixed_pipeline\final_reviewer_closure\support\independent_cloud_run_by_run.csv,0.0,1.817513422402428e-15,False
PBME,100.0,energy,1000,3,"[11,29,47]",2.500125554402016,0.0004714364959307342,0.00027218398783142333,2.4989544412237934,2.5012966675802386,"two-sided Student t, df=2",independently sampled; not nested,D:\PhD-Project\GP_RKHS_MINT\GP_RKHS_MINT\Tully_models\GP_MInt_QCLE_Reviewer_Ready_Pipeline_v4\output\fixed_pipeline\final_reviewer_closure\support\independent_cloud_run_by_run.csv,0.00018768553324255421,0.0006754656572458998,False
PBME,100.0,R_mean,1000,3,"[11,29,47]",14.88536925768967,0.02494864563793133,0.014404107274976237,14.823393386204156,14.947345129175183,"two-sided Student t, df=2",independently sampled; not nested,D:\PhD-Project\GP_RKHS_MINT\GP_RKHS_MINT\Tully_models\GP_MInt_QCLE_Reviewer_Ready_Pipeline_v4\output\fixed_pipeline\final_reviewer_closure\support\independent_cloud_run_by_run.csv,-0.006443589407345129,0.027882377490791647,False
PBME,100.0,P_mean,1000,3,"[11,29,47]",99.13145804469235,0.024677676893678415,0.014247663397539842,99.07015529688313,99.19276079250157,"two-sided Student t, df=2",independently sampled; not nested,D:\PhD-Project\GP_RKHS_MINT\GP_RKHS_MINT\Tully_models\GP_MInt_QCLE_Reviewer_Ready_Pipeline_v4\output\fixed_pipeline\final_reviewer_closure\support\independent_cloud_run_by_run.csv,-0.0040165255979758285,0.025838527453306875,False
PBME,100.0,R_var,1000,3,"[11,29,47]",0.985632355993071,0.05399454806184434,0.031173766858278017,0.85150246292539,1.119762249060752,"two-sided Student t, df=2",independently sampled; not nested,D:\PhD-Project\GP_RKHS_MINT\GP_RKHS_MINT\Tully_models\GP_MInt_QCLE_Reviewer_Ready_Pipeline_v4\output\fixed_pipeline\final_reviewer_closure\support\independent_cloud_run_by_run.csv,-0.016537244976357557,0.06171493953801183,False
PBME,100.0,P_var,1000,3,"[11,29,47]",0.4474190879263915,0.01172792343478049,0.006771119752105837,0.41828531104189387,0.47655286481088915,"two-sided Student t, df=2",independently sampled; not nested,D:\PhD-Project\GP_RKHS_MINT\GP_RKHS_MINT\Tully_models\GP_MInt_QCLE_Reviewer_Ready_Pipeline_v4\output\fixed_pipeline\final_reviewer_closure\support\independent_cloud_run_by_run.csv,-0.012216687532903336,0.012365489085513527,False
MIDPOINT,100.0,P0,1000,3,"[11,29,47]",-0.4597803253722777,0.9796144644306621,0.5655806747410939,-2.893277559410431,1.9737169086658757,"two-sided Student t, df=2",independently sampled; not nested,D:\PhD-Project\GP_RKHS_MINT\GP_RKHS_MINT\Tully_models\GP_MInt_QCLE_Reviewer_Ready_Pipeline_v4\output\fixed_pipeline\final_reviewer_closure\support\independent_cloud_run_by_run.csv,-0.1628394165837459,1.291504737069973,False
MIDPOINT,100.0,P1,1000,3,"[11,29,47]",1.4597803253726365,0.979614464430594,0.5655806747410546,-0.9737169086653477,3.8932775594106204,"two-sided Student t, df=2",independently sampled; not nested,D:\PhD-Project\GP_RKHS_MINT\GP_RKHS_MINT\Tully_models\GP_MInt_QCLE_Reviewer_Ready_Pipeline_v4\output\fixed_pipeline\final_reviewer_closure\support\independent_cloud_run_by_run.csv,0.1628394165837017,1.2915047370699062,False
MIDPOINT,100.0,trace,1000,3,"[11,29,47]",1.0000000000003586,7.756526898802381e-14,4.4782328930001276e-14,1.0000000000001659,1.0000000000005513,"two-sided Student t, df=2",independently sampled; not nested,D:\PhD-Project\GP_RKHS_MINT\GP_RKHS_MINT\Tully_models\GP_MInt_QCLE_Reviewer_Ready_Pipeline_v4\output\fixed_pipeline\final_reviewer_closure\support\independent_cloud_run_by_run.csv,-4.39648317751562e-14,8.573035515164816e-14,False
MIDPOINT,100.0,energy,1000,3,"[11,29,47]",2.532699523018417,0.10718955959684005,0.061885921087553045,2.266425895721297,2.798973150315537,"two-sided Student t, df=2",independently sampled; not nested,D:\PhD-Project\GP_RKHS_MINT\GP_RKHS_MINT\Tully_models\GP_MInt_QCLE_Reviewer_Ready_Pipeline_v4\output\fixed_pipeline\final_reviewer_closure\support\independent_cloud_run_by_run.csv,0.03438020030922706,0.1182941168907694,False
MIDPOINT,100.0,R_mean,1000,3,"[11,29,47]",12.524077133261867,0.9781567184764218,0.5647390447220032,10.094201140922749,14.953953125600986,"two-sided Student t, df=2",independently sampled; not nested,D:\PhD-Project\GP_RKHS_MINT\GP_RKHS_MINT\Tully_models\GP_MInt_QCLE_Reviewer_Ready_Pipeline_v4\output\fixed_pipeline\final_reviewer_closure\support\independent_cloud_run_by_run.csv,-0.07656401059847617,1.6059892015964952,False
MIDPOINT,100.0,P_mean,1000,3,"[11,29,47]",99.1894570085451,1.2755716463894735,0.7364516334136167,96.02076137774883,102.35815263934138,"two-sided Student t, df=2",independently sampled; not nested,D:\PhD-Project\GP_RKHS_MINT\GP_RKHS_MINT\Tully_models\GP_MInt_QCLE_Reviewer_Ready_Pipeline_v4\output\fixed_pipeline\final_reviewer_closure\support\independent_cloud_run_by_run.csv,0.5302083604568679,1.8168663684546966,False
MIDPOINT,100.0,R_var,1000,3,"[11,29,47]",-1.694199353612813e+43,2.5557034809254486e+43,1.4755360926811713e+43,-8.042918750552635e+43,4.654520043327008e+43,"two-sided Student t, df=2",independently sampled; not nested,D:\PhD-Project\GP_RKHS_MINT\GP_RKHS_MINT\Tully_models\GP_MInt_QCLE_Reviewer_Ready_Pipeline_v4\output\fixed_pipeline\final_reviewer_closure\support\independent_cloud_run_by_run.csv,4.761790876304122e+94,8.247663732776667e+94,False
MIDPOINT,100.0,P_var,1000,3,"[11,29,47]",-1.2667482282279969e+45,1.9597077764034522e+45,1.1314378122395361e+45,-6.134932219541868e+45,3.601435763085874e+45,"two-sided Student t, df=2",independently sampled; not nested,D:\PhD-Project\GP_RKHS_MINT\GP_RKHS_MINT\Tully_models\GP_MInt_QCLE_Reviewer_Ready_Pipeline_v4\output\fixed_pipeline\final_reviewer_closure\support\independent_cloud_run_by_run.csv,2.425465500648485e+96,4.20102947912866e+96,False
PBME,100.0,P0,2000,3,"[11,29,47]",0.14275248242930752,0.005996869855834492,0.0034622944255611964,0.1278554318681549,0.15764953299046014,"two-sided Student t, df=2",independently sampled; not nested,D:\PhD-Project\GP_RKHS_MINT\GP_RKHS_MINT\Tully_models\GP_MInt_QCLE_Reviewer_Ready_Pipeline_v4\output\fixed_pipeline\final_reviewer_closure\support\independent_cloud_run_by_run.csv,0.0,0.008480854681907526,False
PBME,100.0,P1,2000,3,"[11,29,47]",0.857247517570919,0.005996869855834719,0.003462294425561328,0.8423504670097658,0.8721445681320722,"two-sided Student t, df=2",independently sampled; not nested,D:\PhD-Project\GP_RKHS_MINT\GP_RKHS_MINT\Tully_models\GP_MInt_QCLE_Reviewer_Ready_Pipeline_v4\output\fixed_pipeline\final_reviewer_closure\support\independent_cloud_run_by_run.csv,0.0,0.008480854681907847,False
PBME,100.0,trace,2000,3,"[11,29,47]",1.0000000000002263,3.510833468576701e-16,2.0269806481627062e-16,1.0000000000002254,1.0000000000002272,"two-sided Student t, df=2",independently sampled; not nested,D:\PhD-Project\GP_RKHS_MINT\GP_RKHS_MINT\Tully_models\GP_MInt_QCLE_Reviewer_Ready_Pipeline_v4\output\fixed_pipeline\final_reviewer_closure\support\independent_cloud_run_by_run.csv,0.0,4.965068306494546e-16,False
PBME,100.0,energy,2000,3,"[11,29,47]",2.4999378688687734,0.0004837369992291124,0.00027928568672190985,2.4987361995464346,2.5011395381911123,"two-sided Student t, df=2",independently sampled; not nested,D:\PhD-Project\GP_RKHS_MINT\GP_RKHS_MINT\Tully_models\GP_MInt_QCLE_Reviewer_Ready_Pipeline_v4\output\fixed_pipeline\final_reviewer_closure\support\independent_cloud_run_by_run.csv,0.0,0.0006841074249314741,False
PBME,100.0,R_mean,2000,3,"[11,29,47]",14.891812847097015,0.012449580529959012,0.0071877686702697605,14.860886374607453,14.922739319586576,"two-sided Student t, df=2",independently sampled; not nested,D:\PhD-Project\GP_RKHS_MINT\GP_RKHS_MINT\Tully_models\GP_MInt_QCLE_Reviewer_Ready_Pipeline_v4\output\fixed_pipeline\final_reviewer_closure\support\independent_cloud_run_by_run.csv,0.0,0.01760636563132406,False
PBME,100.0,P_mean,2000,3,"[11,29,47]",99.13547457029033,0.007657791070961877,0.004421227736217752,99.11645156270248,99.15449757787817,"two-sided Student t, df=2",independently sampled; not nested,D:\PhD-Project\GP_RKHS_MINT\GP_RKHS_MINT\Tully_models\GP_MInt_QCLE_Reviewer_Ready_Pipeline_v4\output\fixed_pipeline\final_reviewer_closure\support\independent_cloud_run_by_run.csv,0.0,0.010829751990373875,False
PBME,100.0,R_var,2000,3,"[11,29,47]",1.0021696009694285,0.029888501832270514,0.017256134578536007,0.9279224464210866,1.0764167555177704,"two-sided Student t, df=2",independently sampled; not nested,D:\PhD-Project\GP_RKHS_MINT\GP_RKHS_MINT\Tully_models\GP_MInt_QCLE_Reviewer_Ready_Pipeline_v4\output\fixed_pipeline\final_reviewer_closure\support\independent_cloud_run_by_run.csv,0.0,0.04226872465021007,False
PBME,100.0,P_var,2000,3,"[11,29,47]",0.45963577545929485,0.003919328033206811,0.002262825095014399,0.4498996248874062,0.4693719260311835,"two-sided Student t, df=2",independently sampled; not nested,D:\PhD-Project\GP_RKHS_MINT\GP_RKHS_MINT\Tully_models\GP_MInt_QCLE_Reviewer_Ready_Pipeline_v4\output\fixed_pipeline\final_reviewer_closure\support\independent_cloud_run_by_run.csv,0.0,0.005542766859950141,False
MIDPOINT,100.0,P0,2000,3,"[11,29,47]",-0.2969409087885318,0.8416293643596373,0.4859149400709303,-2.387664152084857,1.7937823345077937,"two-sided Student t, df=2",independently sampled; not nested,D:\PhD-Project\GP_RKHS_MINT\GP_RKHS_MINT\Tully_models\GP_MInt_QCLE_Reviewer_Ready_Pipeline_v4\output\fixed_pipeline\final_reviewer_closure\support\independent_cloud_run_by_run.csv,0.0,1.1902436615688463,False
MIDPOINT,100.0,P1,2000,3,"[11,29,47]",1.2969409087889348,0.8416293643596142,0.4859149400709169,-0.7937823345073329,3.387664152085202,"two-sided Student t, df=2",independently sampled; not nested,D:\PhD-Project\GP_RKHS_MINT\GP_RKHS_MINT\Tully_models\GP_MInt_QCLE_Reviewer_Ready_Pipeline_v4\output\fixed_pipeline\final_reviewer_closure\support\independent_cloud_run_by_run.csv,0.0,1.1902436615688137,False
MIDPOINT,100.0,trace,2000,3,"[11,29,47]",1.0000000000004026,3.6514693497867934e-14,2.108176812037073e-14,1.0000000000003118,1.0000000000004934,"two-sided Student t, df=2",independently sampled; not nested,D:\PhD-Project\GP_RKHS_MINT\GP_RKHS_MINT\Tully_models\GP_MInt_QCLE_Reviewer_Ready_Pipeline_v4\output\fixed_pipeline\final_reviewer_closure\support\independent_cloud_run_by_run.csv,0.0,5.16395747705815e-14,False
MIDPOINT,100.0,energy,2000,3,"[11,29,47]",2.49831932270919,0.0500389488738771,0.028890000602298866,2.3740156827567858,2.6226229626615942,"two-sided Student t, df=2",independently sampled; not nested,D:\PhD-Project\GP_RKHS_MINT\GP_RKHS_MINT\Tully_models\GP_MInt_QCLE_Reviewer_Ready_Pipeline_v4\output\fixed_pipeline\final_reviewer_closure\support\independent_cloud_run_by_run.csv,0.0,0.0707657601443309,False
MIDPOINT,100.0,R_mean,2000,3,"[11,29,47]",12.600641143860344,1.2737388860139216,0.7353934887174317,9.436498342229516,15.764783945491171,"two-sided Student t, df=2",independently sampled; not nested,D:\PhD-Project\GP_RKHS_MINT\GP_RKHS_MINT\Tully_models\GP_MInt_QCLE_Reviewer_Ready_Pipeline_v4\output\fixed_pipeline\final_reviewer_closure\support\independent_cloud_run_by_run.csv,0.0,1.8013388075228858,False
MIDPOINT,100.0,P_mean,2000,3,"[11,29,47]",98.65924864808824,1.29380074808643,0.7469762101854396,95.44526941831577,101.8732278778607,"two-sided Student t, df=2",independently sampled; not nested,D:\PhD-Project\GP_RKHS_MINT\GP_RKHS_MINT\Tully_models\GP_MInt_QCLE_Reviewer_Ready_Pipeline_v4\output\fixed_pipeline\final_reviewer_closure\support\independent_cloud_run_by_run.csv,0.0,1.8297105649522853,False
MIDPOINT,100.0,R_var,2000,3,"[11,29,47]",-4.761790876304122e+94,8.247663732776667e+94,4.761790876304122e+94,-2.5250123388476238e+95,1.5726541635867994e+95,"two-sided Student t, df=2",independently sampled; not nested,D:\PhD-Project\GP_RKHS_MINT\GP_RKHS_MINT\Tully_models\GP_MInt_QCLE_Reviewer_Ready_Pipeline_v4\output\fixed_pipeline\final_reviewer_closure\support\independent_cloud_run_by_run.csv,0.0,1.1663957908785469e+95,False
MIDPOINT,100.0,P_var,2000,3,"[11,29,47]",-2.425465500648485e+96,4.20102947912866e+96,2.4254655006484855e+96,-1.2861401257797509e+97,8.01047025650054e+96,"two-sided Student t, df=2",independently sampled; not nested,D:\PhD-Project\GP_RKHS_MINT\GP_RKHS_MINT\Tully_models\GP_MInt_QCLE_Reviewer_Ready_Pipeline_v4\output\fixed_pipeline\final_reviewer_closure\support\independent_cloud_run_by_run.csv,0.0,5.94115286531293e+96,False
