record_type,method,P0,seed,observable,endpoint_value,source_npz,source_manifest
seed_value,PBME,20.0,11,P0,0.9560124777213774,D:\PhD-Project\GP_RKHS_MINT\GP_RKHS_MINT\Tully_models\GP_MInt_QCLE_Reviewer_Ready_Pipeline_v4\output\fixed_pipeline\reviewer_closure_20260726_174927\step9_repl_P020\seed11\pbme.npz,D:\PhD-Project\GP_RKHS_MINT\GP_RKHS_MINT\Tully_models\GP_MInt_QCLE_Reviewer_Ready_Pipeline_v4\output\fixed_pipeline\reviewer_closure_20260726_174927\step9_repl_P020\seed11\run_manifest.json
seed_value,PBME,20.0,11,P1,0.04398752227978536,D:\PhD-Project\GP_RKHS_MINT\GP_RKHS_MINT\Tully_models\GP_MInt_QCLE_Reviewer_Ready_Pipeline_v4\output\fixed_pipeline\reviewer_closure_20260726_174927\step9_repl_P020\seed11\pbme.npz,D:\PhD-Project\GP_RKHS_MINT\GP_RKHS_MINT\Tully_models\GP_MInt_QCLE_Reviewer_Ready_Pipeline_v4\output\fixed_pipeline\reviewer_closure_20260726_174927\step9_repl_P020\seed11\run_manifest.json
seed_value,PBME,20.0,11,trace,1.0000000000011628,D:\PhD-Project\GP_RKHS_MINT\GP_RKHS_MINT\Tully_models\GP_MInt_QCLE_Reviewer_Ready_Pipeline_v4\output\fixed_pipeline\reviewer_closure_20260726_174927\step9_repl_P020\seed11\pbme.npz,D:\PhD-Project\GP_RKHS_MINT\GP_RKHS_MINT\Tully_models\GP_MInt_QCLE_Reviewer_Ready_Pipeline_v4\output\fixed_pipeline\reviewer_closure_20260726_174927\step9_repl_P020\seed11\run_manifest.json
seed_value,PBME,20.0,11,energy,0.1000454905418244,D:\PhD-Project\GP_RKHS_MINT\GP_RKHS_MINT\Tully_models\GP_MInt_QCLE_Reviewer_Ready_Pipeline_v4\output\fixed_pipeline\reviewer_closure_20260726_174927\step9_repl_P020\seed11\pbme.npz,D:\PhD-Project\GP_RKHS_MINT\GP_RKHS_MINT\Tully_models\GP_MInt_QCLE_Reviewer_Ready_Pipeline_v4\output\fixed_pipeline\reviewer_closure_20260726_174927\step9_repl_P020\seed11\run_manifest.json
seed_value,PBME,20.0,11,R_mean,15.326090893237517,D:\PhD-Project\GP_RKHS_MINT\GP_RKHS_MINT\Tully_models\GP_MInt_QCLE_Reviewer_Ready_Pipeline_v4\output\fixed_pipeline\reviewer_closure_20260726_174927\step9_repl_P020\seed11\pbme.npz,D:\PhD-Project\GP_RKHS_MINT\GP_RKHS_MINT\Tully_models\GP_MInt_QCLE_Reviewer_Ready_Pipeline_v4\output\fixed_pipeline\reviewer_closure_20260726_174927\step9_repl_P020\seed11\run_manifest.json
seed_value,PBME,20.0,11,P_mean,19.740845087533984,D:\PhD-Project\GP_RKHS_MINT\GP_RKHS_MINT\Tully_models\GP_MInt_QCLE_Reviewer_Ready_Pipeline_v4\output\fixed_pipeline\reviewer_closure_20260726_174927\step9_repl_P020\seed11\pbme.npz,D:\PhD-Project\GP_RKHS_MINT\GP_RKHS_MINT\Tully_models\GP_MInt_QCLE_Reviewer_Ready_Pipeline_v4\output\fixed_pipeline\reviewer_closure_20260726_174927\step9_repl_P020\seed11\run_manifest.json
seed_value,PBME,20.0,11,R_var,2.4004920594238968,D:\PhD-Project\GP_RKHS_MINT\GP_RKHS_MINT\Tully_models\GP_MInt_QCLE_Reviewer_Ready_Pipeline_v4\output\fixed_pipeline\reviewer_closure_20260726_174927\step9_repl_P020\seed11\pbme.npz,D:\PhD-Project\GP_RKHS_MINT\GP_RKHS_MINT\Tully_models\GP_MInt_QCLE_Reviewer_Ready_Pipeline_v4\output\fixed_pipeline\reviewer_closure_20260726_174927\step9_repl_P020\seed11\run_manifest.json
seed_value,PBME,20.0,11,P_var,1.68275441475987,D:\PhD-Project\GP_RKHS_MINT\GP_RKHS_MINT\Tully_models\GP_MInt_QCLE_Reviewer_Ready_Pipeline_v4\output\fixed_pipeline\reviewer_closure_20260726_174927\step9_repl_P020\seed11\pbme.npz,D:\PhD-Project\GP_RKHS_MINT\GP_RKHS_MINT\Tully_models\GP_MInt_QCLE_Reviewer_Ready_Pipeline_v4\output\fixed_pipeline\reviewer_closure_20260726_174927\step9_repl_P020\seed11\run_manifest.json
seed_value,MIDPOINT,20.0,11,P0,0.9877541611632755,D:\PhD-Project\GP_RKHS_MINT\GP_RKHS_MINT\Tully_models\GP_MInt_QCLE_Reviewer_Ready_Pipeline_v4\output\fixed_pipeline\reviewer_closure_20260726_174927\step9_repl_P020\seed11\midpoint.npz,D:\PhD-Project\GP_RKHS_MINT\GP_RKHS_MINT\Tully_models\GP_MInt_QCLE_Reviewer_Ready_Pipeline_v4\output\fixed_pipeline\reviewer_closure_20260726_174927\step9_repl_P020\seed11\run_manifest.json
seed_value,MIDPOINT,20.0,11,P1,0.012245838838875261,D:\PhD-Project\GP_RKHS_MINT\GP_RKHS_MINT\Tully_models\GP_MInt_QCLE_Reviewer_Ready_Pipeline_v4\output\fixed_pipeline\reviewer_closure_20260726_174927\step9_repl_P020\seed11\midpoint.npz,D:\PhD-Project\GP_RKHS_MINT\GP_RKHS_MINT\Tully_models\GP_MInt_QCLE_Reviewer_Ready_Pipeline_v4\output\fixed_pipeline\reviewer_closure_20260726_174927\step9_repl_P020\seed11\run_manifest.json
seed_value,MIDPOINT,20.0,11,trace,1.0000000000021507,D:\PhD-Project\GP_RKHS_MINT\GP_RKHS_MINT\Tully_models\GP_MInt_QCLE_Reviewer_Ready_Pipeline_v4\output\fixed_pipeline\reviewer_closure_20260726_174927\step9_repl_P020\seed11\midpoint.npz,D:\PhD-Project\GP_RKHS_MINT\GP_RKHS_MINT\Tully_models\GP_MInt_QCLE_Reviewer_Ready_Pipeline_v4\output\fixed_pipeline\reviewer_closure_20260726_174927\step9_repl_P020\seed11\run_manifest.json
seed_value,MIDPOINT,20.0,11,energy,0.09429697924272633,D:\PhD-Project\GP_RKHS_MINT\GP_RKHS_MINT\Tully_models\GP_MInt_QCLE_Reviewer_Ready_Pipeline_v4\output\fixed_pipeline\reviewer_closure_20260726_174927\step9_repl_P020\seed11\midpoint.npz,D:\PhD-Project\GP_RKHS_MINT\GP_RKHS_MINT\Tully_models\GP_MInt_QCLE_Reviewer_Ready_Pipeline_v4\output\fixed_pipeline\reviewer_closure_20260726_174927\step9_repl_P020\seed11\run_manifest.json
seed_value,MIDPOINT,20.0,11,R_mean,15.231976407524874,D:\PhD-Project\GP_RKHS_MINT\GP_RKHS_MINT\Tully_models\GP_MInt_QCLE_Reviewer_Ready_Pipeline_v4\output\fixed_pipeline\reviewer_closure_20260726_174927\step9_repl_P020\seed11\midpoint.npz,D:\PhD-Project\GP_RKHS_MINT\GP_RKHS_MINT\Tully_models\GP_MInt_QCLE_Reviewer_Ready_Pipeline_v4\output\fixed_pipeline\reviewer_closure_20260726_174927\step9_repl_P020\seed11\run_manifest.json
seed_value,MIDPOINT,20.0,11,P_mean,19.344145453883446,D:\PhD-Project\GP_RKHS_MINT\GP_RKHS_MINT\Tully_models\GP_MInt_QCLE_Reviewer_Ready_Pipeline_v4\output\fixed_pipeline\reviewer_closure_20260726_174927\step9_repl_P020\seed11\midpoint.npz,D:\PhD-Project\GP_RKHS_MINT\GP_RKHS_MINT\Tully_models\GP_MInt_QCLE_Reviewer_Ready_Pipeline_v4\output\fixed_pipeline\reviewer_closure_20260726_174927\step9_repl_P020\seed11\run_manifest.json
seed_value,MIDPOINT,20.0,11,R_var,0.1936517906299855,D:\PhD-Project\GP_RKHS_MINT\GP_RKHS_MINT\Tully_models\GP_MInt_QCLE_Reviewer_Ready_Pipeline_v4\output\fixed_pipeline\reviewer_closure_20260726_174927\step9_repl_P020\seed11\midpoint.npz,D:\PhD-Project\GP_RKHS_MINT\GP_RKHS_MINT\Tully_models\GP_MInt_QCLE_Reviewer_Ready_Pipeline_v4\output\fixed_pipeline\reviewer_closure_20260726_174927\step9_repl_P020\seed11\run_manifest.json
seed_value,MIDPOINT,20.0,11,P_var,-1.11178177154153,D:\PhD-Project\GP_RKHS_MINT\GP_RKHS_MINT\Tully_models\GP_MInt_QCLE_Reviewer_Ready_Pipeline_v4\output\fixed_pipeline\reviewer_closure_20260726_174927\step9_repl_P020\seed11\midpoint.npz,D:\PhD-Project\GP_RKHS_MINT\GP_RKHS_MINT\Tully_models\GP_MInt_QCLE_Reviewer_Ready_Pipeline_v4\output\fixed_pipeline\reviewer_closure_20260726_174927\step9_repl_P020\seed11\run_manifest.json
seed_value,PBME,20.0,29,P0,0.962335157385912,D:\PhD-Project\GP_RKHS_MINT\GP_RKHS_MINT\Tully_models\GP_MInt_QCLE_Reviewer_Ready_Pipeline_v4\output\fixed_pipeline\reviewer_closure_20260726_174927\step9_repl_P020\seed29\pbme.npz,D:\PhD-Project\GP_RKHS_MINT\GP_RKHS_MINT\Tully_models\GP_MInt_QCLE_Reviewer_Ready_Pipeline_v4\output\fixed_pipeline\reviewer_closure_20260726_174927\step9_repl_P020\seed29\run_manifest.json
seed_value,PBME,20.0,29,P1,0.037664842615254324,D:\PhD-Project\GP_RKHS_MINT\GP_RKHS_MINT\Tully_models\GP_MInt_QCLE_Reviewer_Ready_Pipeline_v4\output\fixed_pipeline\reviewer_closure_20260726_174927\step9_repl_P020\seed29\pbme.npz,D:\PhD-Project\GP_RKHS_MINT\GP_RKHS_MINT\Tully_models\GP_MInt_QCLE_Reviewer_Ready_Pipeline_v4\output\fixed_pipeline\reviewer_closure_20260726_174927\step9_repl_P020\seed29\run_manifest.json
seed_value,PBME,20.0,29,trace,1.0000000000011664,D:\PhD-Project\GP_RKHS_MINT\GP_RKHS_MINT\Tully_models\GP_MInt_QCLE_Reviewer_Ready_Pipeline_v4\output\fixed_pipeline\reviewer_closure_20260726_174927\step9_repl_P020\seed29\pbme.npz,D:\PhD-Project\GP_RKHS_MINT\GP_RKHS_MINT\Tully_models\GP_MInt_QCLE_Reviewer_Ready_Pipeline_v4\output\fixed_pipeline\reviewer_closure_20260726_174927\step9_repl_P020\seed29\run_manifest.json
seed_value,PBME,20.0,29,energy,0.10000093360925713,D:\PhD-Project\GP_RKHS_MINT\GP_RKHS_MINT\Tully_models\GP_MInt_QCLE_Reviewer_Ready_Pipeline_v4\output\fixed_pipeline\reviewer_closure_20260726_174927\step9_repl_P020\seed29\pbme.npz,D:\PhD-Project\GP_RKHS_MINT\GP_RKHS_MINT\Tully_models\GP_MInt_QCLE_Reviewer_Ready_Pipeline_v4\output\fixed_pipeline\reviewer_closure_20260726_174927\step9_repl_P020\seed29\run_manifest.json
seed_value,PBME,20.0,29,R_mean,15.313212686506196,D:\PhD-Project\GP_RKHS_MINT\GP_RKHS_MINT\Tully_models\GP_MInt_QCLE_Reviewer_Ready_Pipeline_v4\output\fixed_pipeline\reviewer_closure_20260726_174927\step9_repl_P020\seed29\pbme.npz,D:\PhD-Project\GP_RKHS_MINT\GP_RKHS_MINT\Tully_models\GP_MInt_QCLE_Reviewer_Ready_Pipeline_v4\output\fixed_pipeline\reviewer_closure_20260726_174927\step9_repl_P020\seed29\run_manifest.json
seed_value,PBME,20.0,29,P_mean,19.76513718950518,D:\PhD-Project\GP_RKHS_MINT\GP_RKHS_MINT\Tully_models\GP_MInt_QCLE_Reviewer_Ready_Pipeline_v4\output\fixed_pipeline\reviewer_closure_20260726_174927\step9_repl_P020\seed29\pbme.npz,D:\PhD-Project\GP_RKHS_MINT\GP_RKHS_MINT\Tully_models\GP_MInt_QCLE_Reviewer_Ready_Pipeline_v4\output\fixed_pipeline\reviewer_closure_20260726_174927\step9_repl_P020\seed29\run_manifest.json
seed_value,PBME,20.0,29,R_var,2.4836943469281607,D:\PhD-Project\GP_RKHS_MINT\GP_RKHS_MINT\Tully_models\GP_MInt_QCLE_Reviewer_Ready_Pipeline_v4\output\fixed_pipeline\reviewer_closure_20260726_174927\step9_repl_P020\seed29\pbme.npz,D:\PhD-Project\GP_RKHS_MINT\GP_RKHS_MINT\Tully_models\GP_MInt_QCLE_Reviewer_Ready_Pipeline_v4\output\fixed_pipeline\reviewer_closure_20260726_174927\step9_repl_P020\seed29\run_manifest.json
seed_value,PBME,20.0,29,P_var,1.8108311870126386,D:\PhD-Project\GP_RKHS_MINT\GP_RKHS_MINT\Tully_models\GP_MInt_QCLE_Reviewer_Ready_Pipeline_v4\output\fixed_pipeline\reviewer_closure_20260726_174927\step9_repl_P020\seed29\pbme.npz,D:\PhD-Project\GP_RKHS_MINT\GP_RKHS_MINT\Tully_models\GP_MInt_QCLE_Reviewer_Ready_Pipeline_v4\output\fixed_pipeline\reviewer_closure_20260726_174927\step9_repl_P020\seed29\run_manifest.json
seed_value,MIDPOINT,20.0,29,P0,0.8546812248885468,D:\PhD-Project\GP_RKHS_MINT\GP_RKHS_MINT\Tully_models\GP_MInt_QCLE_Reviewer_Ready_Pipeline_v4\output\fixed_pipeline\reviewer_closure_20260726_174927\step9_repl_P020\seed29\midpoint.npz,D:\PhD-Project\GP_RKHS_MINT\GP_RKHS_MINT\Tully_models\GP_MInt_QCLE_Reviewer_Ready_Pipeline_v4\output\fixed_pipeline\reviewer_closure_20260726_174927\step9_repl_P020\seed29\run_manifest.json
seed_value,MIDPOINT,20.0,29,P1,0.14531877511351252,D:\PhD-Project\GP_RKHS_MINT\GP_RKHS_MINT\Tully_models\GP_MInt_QCLE_Reviewer_Ready_Pipeline_v4\output\fixed_pipeline\reviewer_closure_20260726_174927\step9_repl_P020\seed29\midpoint.npz,D:\PhD-Project\GP_RKHS_MINT\GP_RKHS_MINT\Tully_models\GP_MInt_QCLE_Reviewer_Ready_Pipeline_v4\output\fixed_pipeline\reviewer_closure_20260726_174927\step9_repl_P020\seed29\run_manifest.json
seed_value,MIDPOINT,20.0,29,trace,1.0000000000020592,D:\PhD-Project\GP_RKHS_MINT\GP_RKHS_MINT\Tully_models\GP_MInt_QCLE_Reviewer_Ready_Pipeline_v4\output\fixed_pipeline\reviewer_closure_20260726_174927\step9_repl_P020\seed29\midpoint.npz,D:\PhD-Project\GP_RKHS_MINT\GP_RKHS_MINT\Tully_models\GP_MInt_QCLE_Reviewer_Ready_Pipeline_v4\output\fixed_pipeline\reviewer_closure_20260726_174927\step9_repl_P020\seed29\run_manifest.json
seed_value,MIDPOINT,20.0,29,energy,0.0857523450522503,D:\PhD-Project\GP_RKHS_MINT\GP_RKHS_MINT\Tully_models\GP_MInt_QCLE_Reviewer_Ready_Pipeline_v4\output\fixed_pipeline\reviewer_closure_20260726_174927\step9_repl_P020\seed29\midpoint.npz,D:\PhD-Project\GP_RKHS_MINT\GP_RKHS_MINT\Tully_models\GP_MInt_QCLE_Reviewer_Ready_Pipeline_v4\output\fixed_pipeline\reviewer_closure_20260726_174927\step9_repl_P020\seed29\run_manifest.json
seed_value,MIDPOINT,20.0,29,R_mean,12.777190705338173,D:\PhD-Project\GP_RKHS_MINT\GP_RKHS_MINT\Tully_models\GP_MInt_QCLE_Reviewer_Ready_Pipeline_v4\output\fixed_pipeline\reviewer_closure_20260726_174927\step9_repl_P020\seed29\midpoint.npz,D:\PhD-Project\GP_RKHS_MINT\GP_RKHS_MINT\Tully_models\GP_MInt_QCLE_Reviewer_Ready_Pipeline_v4\output\fixed_pipeline\reviewer_closure_20260726_174927\step9_repl_P020\seed29\run_manifest.json
seed_value,MIDPOINT,20.0,29,P_mean,17.876795332548582,D:\PhD-Project\GP_RKHS_MINT\GP_RKHS_MINT\Tully_models\GP_MInt_QCLE_Reviewer_Ready_Pipeline_v4\output\fixed_pipeline\reviewer_closure_20260726_174927\step9_repl_P020\seed29\midpoint.npz,D:\PhD-Project\GP_RKHS_MINT\GP_RKHS_MINT\Tully_models\GP_MInt_QCLE_Reviewer_Ready_Pipeline_v4\output\fixed_pipeline\reviewer_closure_20260726_174927\step9_repl_P020\seed29\run_manifest.json
seed_value,MIDPOINT,20.0,29,R_var,37.50319291365423,D:\PhD-Project\GP_RKHS_MINT\GP_RKHS_MINT\Tully_models\GP_MInt_QCLE_Reviewer_Ready_Pipeline_v4\output\fixed_pipeline\reviewer_closure_20260726_174927\step9_repl_P020\seed29\midpoint.npz,D:\PhD-Project\GP_RKHS_MINT\GP_RKHS_MINT\Tully_models\GP_MInt_QCLE_Reviewer_Ready_Pipeline_v4\output\fixed_pipeline\reviewer_closure_20260726_174927\step9_repl_P020\seed29\run_manifest.json
seed_value,MIDPOINT,20.0,29,P_var,76.2465413257476,D:\PhD-Project\GP_RKHS_MINT\GP_RKHS_MINT\Tully_models\GP_MInt_QCLE_Reviewer_Ready_Pipeline_v4\output\fixed_pipeline\reviewer_closure_20260726_174927\step9_repl_P020\seed29\midpoint.npz,D:\PhD-Project\GP_RKHS_MINT\GP_RKHS_MINT\Tully_models\GP_MInt_QCLE_Reviewer_Ready_Pipeline_v4\output\fixed_pipeline\reviewer_closure_20260726_174927\step9_repl_P020\seed29\run_manifest.json
seed_value,PBME,20.0,47,P0,0.9749675534932823,D:\PhD-Project\GP_RKHS_MINT\GP_RKHS_MINT\Tully_models\GP_MInt_QCLE_Reviewer_Ready_Pipeline_v4\output\fixed_pipeline\reviewer_closure_20260726_174927\step9_repl_P020\seed47\pbme.npz,D:\PhD-Project\GP_RKHS_MINT\GP_RKHS_MINT\Tully_models\GP_MInt_QCLE_Reviewer_Ready_Pipeline_v4\output\fixed_pipeline\reviewer_closure_20260726_174927\step9_repl_P020\seed47\run_manifest.json
seed_value,PBME,20.0,47,P1,0.02503244650788789,D:\PhD-Project\GP_RKHS_MINT\GP_RKHS_MINT\Tully_models\GP_MInt_QCLE_Reviewer_Ready_Pipeline_v4\output\fixed_pipeline\reviewer_closure_20260726_174927\step9_repl_P020\seed47\pbme.npz,D:\PhD-Project\GP_RKHS_MINT\GP_RKHS_MINT\Tully_models\GP_MInt_QCLE_Reviewer_Ready_Pipeline_v4\output\fixed_pipeline\reviewer_closure_20260726_174927\step9_repl_P020\seed47\run_manifest.json
seed_value,PBME,20.0,47,trace,1.0000000000011702,D:\PhD-Project\GP_RKHS_MINT\GP_RKHS_MINT\Tully_models\GP_MInt_QCLE_Reviewer_Ready_Pipeline_v4\output\fixed_pipeline\reviewer_closure_20260726_174927\step9_repl_P020\seed47\pbme.npz,D:\PhD-Project\GP_RKHS_MINT\GP_RKHS_MINT\Tully_models\GP_MInt_QCLE_Reviewer_Ready_Pipeline_v4\output\fixed_pipeline\reviewer_closure_20260726_174927\step9_repl_P020\seed47\run_manifest.json
seed_value,PBME,20.0,47,energy,0.10017998204790926,D:\PhD-Project\GP_RKHS_MINT\GP_RKHS_MINT\Tully_models\GP_MInt_QCLE_Reviewer_Ready_Pipeline_v4\output\fixed_pipeline\reviewer_closure_20260726_174927\step9_repl_P020\seed47\pbme.npz,D:\PhD-Project\GP_RKHS_MINT\GP_RKHS_MINT\Tully_models\GP_MInt_QCLE_Reviewer_Ready_Pipeline_v4\output\fixed_pipeline\reviewer_closure_20260726_174927\step9_repl_P020\seed47\run_manifest.json
seed_value,PBME,20.0,47,R_mean,15.358980632732244,D:\PhD-Project\GP_RKHS_MINT\GP_RKHS_MINT\Tully_models\GP_MInt_QCLE_Reviewer_Ready_Pipeline_v4\output\fixed_pipeline\reviewer_closure_20260726_174927\step9_repl_P020\seed47\pbme.npz,D:\PhD-Project\GP_RKHS_MINT\GP_RKHS_MINT\Tully_models\GP_MInt_QCLE_Reviewer_Ready_Pipeline_v4\output\fixed_pipeline\reviewer_closure_20260726_174927\step9_repl_P020\seed47\run_manifest.json
seed_value,PBME,20.0,47,P_mean,19.85178460381049,D:\PhD-Project\GP_RKHS_MINT\GP_RKHS_MINT\Tully_models\GP_MInt_QCLE_Reviewer_Ready_Pipeline_v4\output\fixed_pipeline\reviewer_closure_20260726_174927\step9_repl_P020\seed47\pbme.npz,D:\PhD-Project\GP_RKHS_MINT\GP_RKHS_MINT\Tully_models\GP_MInt_QCLE_Reviewer_Ready_Pipeline_v4\output\fixed_pipeline\reviewer_closure_20260726_174927\step9_repl_P020\seed47\run_manifest.json
seed_value,PBME,20.0,47,R_var,2.2225590553570953,D:\PhD-Project\GP_RKHS_MINT\GP_RKHS_MINT\Tully_models\GP_MInt_QCLE_Reviewer_Ready_Pipeline_v4\output\fixed_pipeline\reviewer_closure_20260726_174927\step9_repl_P020\seed47\pbme.npz,D:\PhD-Project\GP_RKHS_MINT\GP_RKHS_MINT\Tully_models\GP_MInt_QCLE_Reviewer_Ready_Pipeline_v4\output\fixed_pipeline\reviewer_closure_20260726_174927\step9_repl_P020\seed47\run_manifest.json
seed_value,PBME,20.0,47,P_var,1.6204879868586772,D:\PhD-Project\GP_RKHS_MINT\GP_RKHS_MINT\Tully_models\GP_MInt_QCLE_Reviewer_Ready_Pipeline_v4\output\fixed_pipeline\reviewer_closure_20260726_174927\step9_repl_P020\seed47\pbme.npz,D:\PhD-Project\GP_RKHS_MINT\GP_RKHS_MINT\Tully_models\GP_MInt_QCLE_Reviewer_Ready_Pipeline_v4\output\fixed_pipeline\reviewer_closure_20260726_174927\step9_repl_P020\seed47\run_manifest.json
seed_value,MIDPOINT,20.0,47,P0,0.9053042961198511,D:\PhD-Project\GP_RKHS_MINT\GP_RKHS_MINT\Tully_models\GP_MInt_QCLE_Reviewer_Ready_Pipeline_v4\output\fixed_pipeline\reviewer_closure_20260726_174927\step9_repl_P020\seed47\midpoint.npz,D:\PhD-Project\GP_RKHS_MINT\GP_RKHS_MINT\Tully_models\GP_MInt_QCLE_Reviewer_Ready_Pipeline_v4\output\fixed_pipeline\reviewer_closure_20260726_174927\step9_repl_P020\seed47\run_manifest.json
seed_value,MIDPOINT,20.0,47,P1,0.0946957038833055,D:\PhD-Project\GP_RKHS_MINT\GP_RKHS_MINT\Tully_models\GP_MInt_QCLE_Reviewer_Ready_Pipeline_v4\output\fixed_pipeline\reviewer_closure_20260726_174927\step9_repl_P020\seed47\midpoint.npz,D:\PhD-Project\GP_RKHS_MINT\GP_RKHS_MINT\Tully_models\GP_MInt_QCLE_Reviewer_Ready_Pipeline_v4\output\fixed_pipeline\reviewer_closure_20260726_174927\step9_repl_P020\seed47\run_manifest.json
seed_value,MIDPOINT,20.0,47,trace,1.0000000000031566,D:\PhD-Project\GP_RKHS_MINT\GP_RKHS_MINT\Tully_models\GP_MInt_QCLE_Reviewer_Ready_Pipeline_v4\output\fixed_pipeline\reviewer_closure_20260726_174927\step9_repl_P020\seed47\midpoint.npz,D:\PhD-Project\GP_RKHS_MINT\GP_RKHS_MINT\Tully_models\GP_MInt_QCLE_Reviewer_Ready_Pipeline_v4\output\fixed_pipeline\reviewer_closure_20260726_174927\step9_repl_P020\seed47\run_manifest.json
seed_value,MIDPOINT,20.0,47,energy,0.11802034096997906,D:\PhD-Project\GP_RKHS_MINT\GP_RKHS_MINT\Tully_models\GP_MInt_QCLE_Reviewer_Ready_Pipeline_v4\output\fixed_pipeline\reviewer_closure_20260726_174927\step9_repl_P020\seed47\midpoint.npz,D:\PhD-Project\GP_RKHS_MINT\GP_RKHS_MINT\Tully_models\GP_MInt_QCLE_Reviewer_Ready_Pipeline_v4\output\fixed_pipeline\reviewer_closure_20260726_174927\step9_repl_P020\seed47\run_manifest.json
seed_value,MIDPOINT,20.0,47,R_mean,16.732549335471735,D:\PhD-Project\GP_RKHS_MINT\GP_RKHS_MINT\Tully_models\GP_MInt_QCLE_Reviewer_Ready_Pipeline_v4\output\fixed_pipeline\reviewer_closure_20260726_174927\step9_repl_P020\seed47\midpoint.npz,D:\PhD-Project\GP_RKHS_MINT\GP_RKHS_MINT\Tully_models\GP_MInt_QCLE_Reviewer_Ready_Pipeline_v4\output\fixed_pipeline\reviewer_closure_20260726_174927\step9_repl_P020\seed47\run_manifest.json
seed_value,MIDPOINT,20.0,47,P_mean,21.318359456242433,D:\PhD-Project\GP_RKHS_MINT\GP_RKHS_MINT\Tully_models\GP_MInt_QCLE_Reviewer_Ready_Pipeline_v4\output\fixed_pipeline\reviewer_closure_20260726_174927\step9_repl_P020\seed47\midpoint.npz,D:\PhD-Project\GP_RKHS_MINT\GP_RKHS_MINT\Tully_models\GP_MInt_QCLE_Reviewer_Ready_Pipeline_v4\output\fixed_pipeline\reviewer_closure_20260726_174927\step9_repl_P020\seed47\run_manifest.json
seed_value,MIDPOINT,20.0,47,R_var,-66.19517931415521,D:\PhD-Project\GP_RKHS_MINT\GP_RKHS_MINT\Tully_models\GP_MInt_QCLE_Reviewer_Ready_Pipeline_v4\output\fixed_pipeline\reviewer_closure_20260726_174927\step9_repl_P020\seed47\midpoint.npz,D:\PhD-Project\GP_RKHS_MINT\GP_RKHS_MINT\Tully_models\GP_MInt_QCLE_Reviewer_Ready_Pipeline_v4\output\fixed_pipeline\reviewer_closure_20260726_174927\step9_repl_P020\seed47\run_manifest.json
seed_value,MIDPOINT,20.0,47,P_var,-94.13265930039734,D:\PhD-Project\GP_RKHS_MINT\GP_RKHS_MINT\Tully_models\GP_MInt_QCLE_Reviewer_Ready_Pipeline_v4\output\fixed_pipeline\reviewer_closure_20260726_174927\step9_repl_P020\seed47\midpoint.npz,D:\PhD-Project\GP_RKHS_MINT\GP_RKHS_MINT\Tully_models\GP_MInt_QCLE_Reviewer_Ready_Pipeline_v4\output\fixed_pipeline\reviewer_closure_20260726_174927\step9_repl_P020\seed47\run_manifest.json
seed_value,PBME,20.0,73,P0,0.964048913873129,D:\PhD-Project\GP_RKHS_MINT\GP_RKHS_MINT\Tully_models\GP_MInt_QCLE_Reviewer_Ready_Pipeline_v4\output\fixed_pipeline\reviewer_closure_20260726_174927\step9_repl_P020\seed73\pbme.npz,D:\PhD-Project\GP_RKHS_MINT\GP_RKHS_MINT\Tully_models\GP_MInt_QCLE_Reviewer_Ready_Pipeline_v4\output\fixed_pipeline\reviewer_closure_20260726_174927\step9_repl_P020\seed73\run_manifest.json
seed_value,PBME,20.0,73,P1,0.03595108612803888,D:\PhD-Project\GP_RKHS_MINT\GP_RKHS_MINT\Tully_models\GP_MInt_QCLE_Reviewer_Ready_Pipeline_v4\output\fixed_pipeline\reviewer_closure_20260726_174927\step9_repl_P020\seed73\pbme.npz,D:\PhD-Project\GP_RKHS_MINT\GP_RKHS_MINT\Tully_models\GP_MInt_QCLE_Reviewer_Ready_Pipeline_v4\output\fixed_pipeline\reviewer_closure_20260726_174927\step9_repl_P020\seed73\run_manifest.json
seed_value,PBME,20.0,73,trace,1.000000000001168,D:\PhD-Project\GP_RKHS_MINT\GP_RKHS_MINT\Tully_models\GP_MInt_QCLE_Reviewer_Ready_Pipeline_v4\output\fixed_pipeline\reviewer_closure_20260726_174927\step9_repl_P020\seed73\pbme.npz,D:\PhD-Project\GP_RKHS_MINT\GP_RKHS_MINT\Tully_models\GP_MInt_QCLE_Reviewer_Ready_Pipeline_v4\output\fixed_pipeline\reviewer_closure_20260726_174927\step9_repl_P020\seed73\run_manifest.json
seed_value,PBME,20.0,73,energy,0.10001528314130945,D:\PhD-Project\GP_RKHS_MINT\GP_RKHS_MINT\Tully_models\GP_MInt_QCLE_Reviewer_Ready_Pipeline_v4\output\fixed_pipeline\reviewer_closure_20260726_174927\step9_repl_P020\seed73\pbme.npz,D:\PhD-Project\GP_RKHS_MINT\GP_RKHS_MINT\Tully_models\GP_MInt_QCLE_Reviewer_Ready_Pipeline_v4\output\fixed_pipeline\reviewer_closure_20260726_174927\step9_repl_P020\seed73\run_manifest.json
seed_value,PBME,20.0,73,R_mean,15.356655171646075,D:\PhD-Project\GP_RKHS_MINT\GP_RKHS_MINT\Tully_models\GP_MInt_QCLE_Reviewer_Ready_Pipeline_v4\output\fixed_pipeline\reviewer_closure_20260726_174927\step9_repl_P020\seed73\pbme.npz,D:\PhD-Project\GP_RKHS_MINT\GP_RKHS_MINT\Tully_models\GP_MInt_QCLE_Reviewer_Ready_Pipeline_v4\output\fixed_pipeline\reviewer_closure_20260726_174927\step9_repl_P020\seed73\run_manifest.json
seed_value,PBME,20.0,73,P_mean,19.782348979516996,D:\PhD-Project\GP_RKHS_MINT\GP_RKHS_MINT\Tully_models\GP_MInt_QCLE_Reviewer_Ready_Pipeline_v4\output\fixed_pipeline\reviewer_closure_20260726_174927\step9_repl_P020\seed73\pbme.npz,D:\PhD-Project\GP_RKHS_MINT\GP_RKHS_MINT\Tully_models\GP_MInt_QCLE_Reviewer_Ready_Pipeline_v4\output\fixed_pipeline\reviewer_closure_20260726_174927\step9_repl_P020\seed73\run_manifest.json
seed_value,PBME,20.0,73,R_var,2.126614433543466,D:\PhD-Project\GP_RKHS_MINT\GP_RKHS_MINT\Tully_models\GP_MInt_QCLE_Reviewer_Ready_Pipeline_v4\output\fixed_pipeline\reviewer_closure_20260726_174927\step9_repl_P020\seed73\pbme.npz,D:\PhD-Project\GP_RKHS_MINT\GP_RKHS_MINT\Tully_models\GP_MInt_QCLE_Reviewer_Ready_Pipeline_v4\output\fixed_pipeline\reviewer_closure_20260726_174927\step9_repl_P020\seed73\run_manifest.json
seed_value,PBME,20.0,73,P_var,1.5296970303061244,D:\PhD-Project\GP_RKHS_MINT\GP_RKHS_MINT\Tully_models\GP_MInt_QCLE_Reviewer_Ready_Pipeline_v4\output\fixed_pipeline\reviewer_closure_20260726_174927\step9_repl_P020\seed73\pbme.npz,D:\PhD-Project\GP_RKHS_MINT\GP_RKHS_MINT\Tully_models\GP_MInt_QCLE_Reviewer_Ready_Pipeline_v4\output\fixed_pipeline\reviewer_closure_20260726_174927\step9_repl_P020\seed73\run_manifest.json
seed_value,MIDPOINT,20.0,73,P0,2.501948151957114,D:\PhD-Project\GP_RKHS_MINT\GP_RKHS_MINT\Tully_models\GP_MInt_QCLE_Reviewer_Ready_Pipeline_v4\output\fixed_pipeline\reviewer_closure_20260726_174927\step9_repl_P020\seed73\midpoint.npz,D:\PhD-Project\GP_RKHS_MINT\GP_RKHS_MINT\Tully_models\GP_MInt_QCLE_Reviewer_Ready_Pipeline_v4\output\fixed_pipeline\reviewer_closure_20260726_174927\step9_repl_P020\seed73\run_manifest.json
seed_value,MIDPOINT,20.0,73,P1,-1.5019481519497198,D:\PhD-Project\GP_RKHS_MINT\GP_RKHS_MINT\Tully_models\GP_MInt_QCLE_Reviewer_Ready_Pipeline_v4\output\fixed_pipeline\reviewer_closure_20260726_174927\step9_repl_P020\seed73\midpoint.npz,D:\PhD-Project\GP_RKHS_MINT\GP_RKHS_MINT\Tully_models\GP_MInt_QCLE_Reviewer_Ready_Pipeline_v4\output\fixed_pipeline\reviewer_closure_20260726_174927\step9_repl_P020\seed73\run_manifest.json
seed_value,MIDPOINT,20.0,73,trace,1.0000000000073945,D:\PhD-Project\GP_RKHS_MINT\GP_RKHS_MINT\Tully_models\GP_MInt_QCLE_Reviewer_Ready_Pipeline_v4\output\fixed_pipeline\reviewer_closure_20260726_174927\step9_repl_P020\seed73\midpoint.npz,D:\PhD-Project\GP_RKHS_MINT\GP_RKHS_MINT\Tully_models\GP_MInt_QCLE_Reviewer_Ready_Pipeline_v4\output\fixed_pipeline\reviewer_closure_20260726_174927\step9_repl_P020\seed73\run_manifest.json
seed_value,MIDPOINT,20.0,73,energy,0.207279226567887,D:\PhD-Project\GP_RKHS_MINT\GP_RKHS_MINT\Tully_models\GP_MInt_QCLE_Reviewer_Ready_Pipeline_v4\output\fixed_pipeline\reviewer_closure_20260726_174927\step9_repl_P020\seed73\midpoint.npz,D:\PhD-Project\GP_RKHS_MINT\GP_RKHS_MINT\Tully_models\GP_MInt_QCLE_Reviewer_Ready_Pipeline_v4\output\fixed_pipeline\reviewer_closure_20260726_174927\step9_repl_P020\seed73\run_manifest.json
seed_value,MIDPOINT,20.0,73,R_mean,12.65080641892298,D:\PhD-Project\GP_RKHS_MINT\GP_RKHS_MINT\Tully_models\GP_MInt_QCLE_Reviewer_Ready_Pipeline_v4\output\fixed_pipeline\reviewer_closure_20260726_174927\step9_repl_P020\seed73\midpoint.npz,D:\PhD-Project\GP_RKHS_MINT\GP_RKHS_MINT\Tully_models\GP_MInt_QCLE_Reviewer_Ready_Pipeline_v4\output\fixed_pipeline\reviewer_closure_20260726_174927\step9_repl_P020\seed73\run_manifest.json
seed_value,MIDPOINT,20.0,73,P_mean,38.272874925975806,D:\PhD-Project\GP_RKHS_MINT\GP_RKHS_MINT\Tully_models\GP_MInt_QCLE_Reviewer_Ready_Pipeline_v4\output\fixed_pipeline\reviewer_closure_20260726_174927\step9_repl_P020\seed73\midpoint.npz,D:\PhD-Project\GP_RKHS_MINT\GP_RKHS_MINT\Tully_models\GP_MInt_QCLE_Reviewer_Ready_Pipeline_v4\output\fixed_pipeline\reviewer_closure_20260726_174927\step9_repl_P020\seed73\run_manifest.json
seed_value,MIDPOINT,20.0,73,R_var,8.228257351105242,D:\PhD-Project\GP_RKHS_MINT\GP_RKHS_MINT\Tully_models\GP_MInt_QCLE_Reviewer_Ready_Pipeline_v4\output\fixed_pipeline\reviewer_closure_20260726_174927\step9_repl_P020\seed73\midpoint.npz,D:\PhD-Project\GP_RKHS_MINT\GP_RKHS_MINT\Tully_models\GP_MInt_QCLE_Reviewer_Ready_Pipeline_v4\output\fixed_pipeline\reviewer_closure_20260726_174927\step9_repl_P020\seed73\run_manifest.json
seed_value,MIDPOINT,20.0,73,P_var,64.50552215850493,D:\PhD-Project\GP_RKHS_MINT\GP_RKHS_MINT\Tully_models\GP_MInt_QCLE_Reviewer_Ready_Pipeline_v4\output\fixed_pipeline\reviewer_closure_20260726_174927\step9_repl_P020\seed73\midpoint.npz,D:\PhD-Project\GP_RKHS_MINT\GP_RKHS_MINT\Tully_models\GP_MInt_QCLE_Reviewer_Ready_Pipeline_v4\output\fixed_pipeline\reviewer_closure_20260726_174927\step9_repl_P020\seed73\run_manifest.json
seed_value,PBME,100.0,11,P0,0.14800608013183864,D:\PhD-Project\GP_RKHS_MINT\GP_RKHS_MINT\Tully_models\GP_MInt_QCLE_Reviewer_Ready_Pipeline_v4\output\fixed_pipeline\reviewer_closure_20260726_174927\step9_repl_P0100\seed11\pbme.npz,D:\PhD-Project\GP_RKHS_MINT\GP_RKHS_MINT\Tully_models\GP_MInt_QCLE_Reviewer_Ready_Pipeline_v4\output\fixed_pipeline\reviewer_closure_20260726_174927\step9_repl_P0100\seed11\run_manifest.json
seed_value,PBME,100.0,11,P1,0.8519939198683861,D:\PhD-Project\GP_RKHS_MINT\GP_RKHS_MINT\Tully_models\GP_MInt_QCLE_Reviewer_Ready_Pipeline_v4\output\fixed_pipeline\reviewer_closure_20260726_174927\step9_repl_P0100\seed11\pbme.npz,D:\PhD-Project\GP_RKHS_MINT\GP_RKHS_MINT\Tully_models\GP_MInt_QCLE_Reviewer_Ready_Pipeline_v4\output\fixed_pipeline\reviewer_closure_20260726_174927\step9_repl_P0100\seed11\run_manifest.json
seed_value,PBME,100.0,11,trace,1.0000000000002247,D:\PhD-Project\GP_RKHS_MINT\GP_RKHS_MINT\Tully_models\GP_MInt_QCLE_Reviewer_Ready_Pipeline_v4\output\fixed_pipeline\reviewer_closure_20260726_174927\step9_repl_P0100\seed11\pbme.npz,D:\PhD-Project\GP_RKHS_MINT\GP_RKHS_MINT\Tully_models\GP_MInt_QCLE_Reviewer_Ready_Pipeline_v4\output\fixed_pipeline\reviewer_closure_20260726_174927\step9_repl_P0100\seed11\run_manifest.json
seed_value,PBME,100.0,11,energy,2.499976382987066,D:\PhD-Project\GP_RKHS_MINT\GP_RKHS_MINT\Tully_models\GP_MInt_QCLE_Reviewer_Ready_Pipeline_v4\output\fixed_pipeline\reviewer_closure_20260726_174927\step9_repl_P0100\seed11\pbme.npz,D:\PhD-Project\GP_RKHS_MINT\GP_RKHS_MINT\Tully_models\GP_MInt_QCLE_Reviewer_Ready_Pipeline_v4\output\fixed_pipeline\reviewer_closure_20260726_174927\step9_repl_P0100\seed11\run_manifest.json
seed_value,PBME,100.0,11,R_mean,14.913704205665262,D:\PhD-Project\GP_RKHS_MINT\GP_RKHS_MINT\Tully_models\GP_MInt_QCLE_Reviewer_Ready_Pipeline_v4\output\fixed_pipeline\reviewer_closure_20260726_174927\step9_repl_P0100\seed11\pbme.npz,D:\PhD-Project\GP_RKHS_MINT\GP_RKHS_MINT\Tully_models\GP_MInt_QCLE_Reviewer_Ready_Pipeline_v4\output\fixed_pipeline\reviewer_closure_20260726_174927\step9_repl_P0100\seed11\run_manifest.json
seed_value,PBME,100.0,11,P_mean,99.14158211192559,D:\PhD-Project\GP_RKHS_MINT\GP_RKHS_MINT\Tully_models\GP_MInt_QCLE_Reviewer_Ready_Pipeline_v4\output\fixed_pipeline\reviewer_closure_20260726_174927\step9_repl_P0100\seed11\pbme.npz,D:\PhD-Project\GP_RKHS_MINT\GP_RKHS_MINT\Tully_models\GP_MInt_QCLE_Reviewer_Ready_Pipeline_v4\output\fixed_pipeline\reviewer_closure_20260726_174927\step9_repl_P0100\seed11\run_manifest.json
seed_value,PBME,100.0,11,R_var,1.0177354924969393,D:\PhD-Project\GP_RKHS_MINT\GP_RKHS_MINT\Tully_models\GP_MInt_QCLE_Reviewer_Ready_Pipeline_v4\output\fixed_pipeline\reviewer_closure_20260726_174927\step9_repl_P0100\seed11\pbme.npz,D:\PhD-Project\GP_RKHS_MINT\GP_RKHS_MINT\Tully_models\GP_MInt_QCLE_Reviewer_Ready_Pipeline_v4\output\fixed_pipeline\reviewer_closure_20260726_174927\step9_repl_P0100\seed11\run_manifest.json
seed_value,PBME,100.0,11,P_var,0.45344635570836545,D:\PhD-Project\GP_RKHS_MINT\GP_RKHS_MINT\Tully_models\GP_MInt_QCLE_Reviewer_Ready_Pipeline_v4\output\fixed_pipeline\reviewer_closure_20260726_174927\step9_repl_P0100\seed11\pbme.npz,D:\PhD-Project\GP_RKHS_MINT\GP_RKHS_MINT\Tully_models\GP_MInt_QCLE_Reviewer_Ready_Pipeline_v4\output\fixed_pipeline\reviewer_closure_20260726_174927\step9_repl_P0100\seed11\run_manifest.json
seed_value,MIDPOINT,100.0,11,P0,0.47351772028565303,D:\PhD-Project\GP_RKHS_MINT\GP_RKHS_MINT\Tully_models\GP_MInt_QCLE_Reviewer_Ready_Pipeline_v4\output\fixed_pipeline\reviewer_closure_20260726_174927\step9_repl_P0100\seed11\midpoint.npz,D:\PhD-Project\GP_RKHS_MINT\GP_RKHS_MINT\Tully_models\GP_MInt_QCLE_Reviewer_Ready_Pipeline_v4\output\fixed_pipeline\reviewer_closure_20260726_174927\step9_repl_P0100\seed11\run_manifest.json
seed_value,MIDPOINT,100.0,11,P1,0.5264822797147946,D:\PhD-Project\GP_RKHS_MINT\GP_RKHS_MINT\Tully_models\GP_MInt_QCLE_Reviewer_Ready_Pipeline_v4\output\fixed_pipeline\reviewer_closure_20260726_174927\step9_repl_P0100\seed11\midpoint.npz,D:\PhD-Project\GP_RKHS_MINT\GP_RKHS_MINT\Tully_models\GP_MInt_QCLE_Reviewer_Ready_Pipeline_v4\output\fixed_pipeline\reviewer_closure_20260726_174927\step9_repl_P0100\seed11\run_manifest.json
seed_value,MIDPOINT,100.0,11,trace,1.0000000000004476,D:\PhD-Project\GP_RKHS_MINT\GP_RKHS_MINT\Tully_models\GP_MInt_QCLE_Reviewer_Ready_Pipeline_v4\output\fixed_pipeline\reviewer_closure_20260726_174927\step9_repl_P0100\seed11\midpoint.npz,D:\PhD-Project\GP_RKHS_MINT\GP_RKHS_MINT\Tully_models\GP_MInt_QCLE_Reviewer_Ready_Pipeline_v4\output\fixed_pipeline\reviewer_closure_20260726_174927\step9_repl_P0100\seed11\run_manifest.json
seed_value,MIDPOINT,100.0,11,energy,2.4133471658474694,D:\PhD-Project\GP_RKHS_MINT\GP_RKHS_MINT\Tully_models\GP_MInt_QCLE_Reviewer_Ready_Pipeline_v4\output\fixed_pipeline\reviewer_closure_20260726_174927\step9_repl_P0100\seed11\midpoint.npz,D:\PhD-Project\GP_RKHS_MINT\GP_RKHS_MINT\Tully_models\GP_MInt_QCLE_Reviewer_Ready_Pipeline_v4\output\fixed_pipeline\reviewer_closure_20260726_174927\step9_repl_P0100\seed11\run_manifest.json
seed_value,MIDPOINT,100.0,11,R_mean,13.377919199469797,D:\PhD-Project\GP_RKHS_MINT\GP_RKHS_MINT\Tully_models\GP_MInt_QCLE_Reviewer_Ready_Pipeline_v4\output\fixed_pipeline\reviewer_closure_20260726_174927\step9_repl_P0100\seed11\midpoint.npz,D:\PhD-Project\GP_RKHS_MINT\GP_RKHS_MINT\Tully_models\GP_MInt_QCLE_Reviewer_Ready_Pipeline_v4\output\fixed_pipeline\reviewer_closure_20260726_174927\step9_repl_P0100\seed11\run_manifest.json
seed_value,MIDPOINT,100.0,11,P_mean,97.71666334654556,D:\PhD-Project\GP_RKHS_MINT\GP_RKHS_MINT\Tully_models\GP_MInt_QCLE_Reviewer_Ready_Pipeline_v4\output\fixed_pipeline\reviewer_closure_20260726_174927\step9_repl_P0100\seed11\midpoint.npz,D:\PhD-Project\GP_RKHS_MINT\GP_RKHS_MINT\Tully_models\GP_MInt_QCLE_Reviewer_Ready_Pipeline_v4\output\fixed_pipeline\reviewer_closure_20260726_174927\step9_repl_P0100\seed11\run_manifest.json
seed_value,MIDPOINT,100.0,11,R_var,-4.039919077722599e+25,D:\PhD-Project\GP_RKHS_MINT\GP_RKHS_MINT\Tully_models\GP_MInt_QCLE_Reviewer_Ready_Pipeline_v4\output\fixed_pipeline\reviewer_closure_20260726_174927\step9_repl_P0100\seed11\midpoint.npz,D:\PhD-Project\GP_RKHS_MINT\GP_RKHS_MINT\Tully_models\GP_MInt_QCLE_Reviewer_Ready_Pipeline_v4\output\fixed_pipeline\reviewer_closure_20260726_174927\step9_repl_P0100\seed11\run_manifest.json
seed_value,MIDPOINT,100.0,11,P_var,-2.1554243607360183e+27,D:\PhD-Project\GP_RKHS_MINT\GP_RKHS_MINT\Tully_models\GP_MInt_QCLE_Reviewer_Ready_Pipeline_v4\output\fixed_pipeline\reviewer_closure_20260726_174927\step9_repl_P0100\seed11\midpoint.npz,D:\PhD-Project\GP_RKHS_MINT\GP_RKHS_MINT\Tully_models\GP_MInt_QCLE_Reviewer_Ready_Pipeline_v4\output\fixed_pipeline\reviewer_closure_20260726_174927\step9_repl_P0100\seed11\run_manifest.json
seed_value,PBME,100.0,29,P0,0.11468814057440303,D:\PhD-Project\GP_RKHS_MINT\GP_RKHS_MINT\Tully_models\GP_MInt_QCLE_Reviewer_Ready_Pipeline_v4\output\fixed_pipeline\reviewer_closure_20260726_174927\step9_repl_P0100\seed29\pbme.npz,D:\PhD-Project\GP_RKHS_MINT\GP_RKHS_MINT\Tully_models\GP_MInt_QCLE_Reviewer_Ready_Pipeline_v4\output\fixed_pipeline\reviewer_closure_20260726_174927\step9_repl_P0100\seed29\run_manifest.json
seed_value,PBME,100.0,29,P1,0.8853118594258224,D:\PhD-Project\GP_RKHS_MINT\GP_RKHS_MINT\Tully_models\GP_MInt_QCLE_Reviewer_Ready_Pipeline_v4\output\fixed_pipeline\reviewer_closure_20260726_174927\step9_repl_P0100\seed29\pbme.npz,D:\PhD-Project\GP_RKHS_MINT\GP_RKHS_MINT\Tully_models\GP_MInt_QCLE_Reviewer_Ready_Pipeline_v4\output\fixed_pipeline\reviewer_closure_20260726_174927\step9_repl_P0100\seed29\run_manifest.json
seed_value,PBME,100.0,29,trace,1.0000000000002254,D:\PhD-Project\GP_RKHS_MINT\GP_RKHS_MINT\Tully_models\GP_MInt_QCLE_Reviewer_Ready_Pipeline_v4\output\fixed_pipeline\reviewer_closure_20260726_174927\step9_repl_P0100\seed29\pbme.npz,D:\PhD-Project\GP_RKHS_MINT\GP_RKHS_MINT\Tully_models\GP_MInt_QCLE_Reviewer_Ready_Pipeline_v4\output\fixed_pipeline\reviewer_closure_20260726_174927\step9_repl_P0100\seed29\run_manifest.json
seed_value,PBME,100.0,29,energy,2.499746749233517,D:\PhD-Project\GP_RKHS_MINT\GP_RKHS_MINT\Tully_models\GP_MInt_QCLE_Reviewer_Ready_Pipeline_v4\output\fixed_pipeline\reviewer_closure_20260726_174927\step9_repl_P0100\seed29\pbme.npz,D:\PhD-Project\GP_RKHS_MINT\GP_RKHS_MINT\Tully_models\GP_MInt_QCLE_Reviewer_Ready_Pipeline_v4\output\fixed_pipeline\reviewer_closure_20260726_174927\step9_repl_P0100\seed29\run_manifest.json
seed_value,PBME,100.0,29,R_mean,14.875705444610796,D:\PhD-Project\GP_RKHS_MINT\GP_RKHS_MINT\Tully_models\GP_MInt_QCLE_Reviewer_Ready_Pipeline_v4\output\fixed_pipeline\reviewer_closure_20260726_174927\step9_repl_P0100\seed29\pbme.npz,D:\PhD-Project\GP_RKHS_MINT\GP_RKHS_MINT\Tully_models\GP_MInt_QCLE_Reviewer_Ready_Pipeline_v4\output\fixed_pipeline\reviewer_closure_20260726_174927\step9_repl_P0100\seed29\run_manifest.json
seed_value,PBME,100.0,29,P_mean,99.10332838909467,D:\PhD-Project\GP_RKHS_MINT\GP_RKHS_MINT\Tully_models\GP_MInt_QCLE_Reviewer_Ready_Pipeline_v4\output\fixed_pipeline\reviewer_closure_20260726_174927\step9_repl_P0100\seed29\pbme.npz,D:\PhD-Project\GP_RKHS_MINT\GP_RKHS_MINT\Tully_models\GP_MInt_QCLE_Reviewer_Ready_Pipeline_v4\output\fixed_pipeline\reviewer_closure_20260726_174927\step9_repl_P0100\seed29\run_manifest.json
seed_value,PBME,100.0,29,R_var,1.0158674239373795,D:\PhD-Project\GP_RKHS_MINT\GP_RKHS_MINT\Tully_models\GP_MInt_QCLE_Reviewer_Ready_Pipeline_v4\output\fixed_pipeline\reviewer_closure_20260726_174927\step9_repl_P0100\seed29\pbme.npz,D:\PhD-Project\GP_RKHS_MINT\GP_RKHS_MINT\Tully_models\GP_MInt_QCLE_Reviewer_Ready_Pipeline_v4\output\fixed_pipeline\reviewer_closure_20260726_174927\step9_repl_P0100\seed29\run_manifest.json
seed_value,PBME,100.0,29,P_var,0.45490774999416317,D:\PhD-Project\GP_RKHS_MINT\GP_RKHS_MINT\Tully_models\GP_MInt_QCLE_Reviewer_Ready_Pipeline_v4\output\fixed_pipeline\reviewer_closure_20260726_174927\step9_repl_P0100\seed29\pbme.npz,D:\PhD-Project\GP_RKHS_MINT\GP_RKHS_MINT\Tully_models\GP_MInt_QCLE_Reviewer_Ready_Pipeline_v4\output\fixed_pipeline\reviewer_closure_20260726_174927\step9_repl_P0100\seed29\run_manifest.json
seed_value,MIDPOINT,100.0,29,P0,-0.3729308681671167,D:\PhD-Project\GP_RKHS_MINT\GP_RKHS_MINT\Tully_models\GP_MInt_QCLE_Reviewer_Ready_Pipeline_v4\output\fixed_pipeline\reviewer_closure_20260726_174927\step9_repl_P0100\seed29\midpoint.npz,D:\PhD-Project\GP_RKHS_MINT\GP_RKHS_MINT\Tully_models\GP_MInt_QCLE_Reviewer_Ready_Pipeline_v4\output\fixed_pipeline\reviewer_closure_20260726_174927\step9_repl_P0100\seed29\run_manifest.json
seed_value,MIDPOINT,100.0,29,P1,1.3729308681674386,D:\PhD-Project\GP_RKHS_MINT\GP_RKHS_MINT\Tully_models\GP_MInt_QCLE_Reviewer_Ready_Pipeline_v4\output\fixed_pipeline\reviewer_closure_20260726_174927\step9_repl_P0100\seed29\midpoint.npz,D:\PhD-Project\GP_RKHS_MINT\GP_RKHS_MINT\Tully_models\GP_MInt_QCLE_Reviewer_Ready_Pipeline_v4\output\fixed_pipeline\reviewer_closure_20260726_174927\step9_repl_P0100\seed29\run_manifest.json
seed_value,MIDPOINT,100.0,29,trace,1.0000000000003217,D:\PhD-Project\GP_RKHS_MINT\GP_RKHS_MINT\Tully_models\GP_MInt_QCLE_Reviewer_Ready_Pipeline_v4\output\fixed_pipeline\reviewer_closure_20260726_174927\step9_repl_P0100\seed29\midpoint.npz,D:\PhD-Project\GP_RKHS_MINT\GP_RKHS_MINT\Tully_models\GP_MInt_QCLE_Reviewer_Ready_Pipeline_v4\output\fixed_pipeline\reviewer_closure_20260726_174927\step9_repl_P0100\seed29\run_manifest.json
seed_value,MIDPOINT,100.0,29,energy,2.5639879786436315,D:\PhD-Project\GP_RKHS_MINT\GP_RKHS_MINT\Tully_models\GP_MInt_QCLE_Reviewer_Ready_Pipeline_v4\output\fixed_pipeline\reviewer_closure_20260726_174927\step9_repl_P0100\seed29\midpoint.npz,D:\PhD-Project\GP_RKHS_MINT\GP_RKHS_MINT\Tully_models\GP_MInt_QCLE_Reviewer_Ready_Pipeline_v4\output\fixed_pipeline\reviewer_closure_20260726_174927\step9_repl_P0100\seed29\run_manifest.json
seed_value,MIDPOINT,100.0,29,R_mean,11.45683910024232,D:\PhD-Project\GP_RKHS_MINT\GP_RKHS_MINT\Tully_models\GP_MInt_QCLE_Reviewer_Ready_Pipeline_v4\output\fixed_pipeline\reviewer_closure_20260726_174927\step9_repl_P0100\seed29\midpoint.npz,D:\PhD-Project\GP_RKHS_MINT\GP_RKHS_MINT\Tully_models\GP_MInt_QCLE_Reviewer_Ready_Pipeline_v4\output\fixed_pipeline\reviewer_closure_20260726_174927\step9_repl_P0100\seed29\run_manifest.json
seed_value,MIDPOINT,100.0,29,P_mean,99.91029276782,D:\PhD-Project\GP_RKHS_MINT\GP_RKHS_MINT\Tully_models\GP_MInt_QCLE_Reviewer_Ready_Pipeline_v4\output\fixed_pipeline\reviewer_closure_20260726_174927\step9_repl_P0100\seed29\midpoint.npz,D:\PhD-Project\GP_RKHS_MINT\GP_RKHS_MINT\Tully_models\GP_MInt_QCLE_Reviewer_Ready_Pipeline_v4\output\fixed_pipeline\reviewer_closure_20260726_174927\step9_repl_P0100\seed29\run_manifest.json
seed_value,MIDPOINT,100.0,29,R_var,-4.633877988326877e+43,D:\PhD-Project\GP_RKHS_MINT\GP_RKHS_MINT\Tully_models\GP_MInt_QCLE_Reviewer_Ready_Pipeline_v4\output\fixed_pipeline\reviewer_closure_20260726_174927\step9_repl_P0100\seed29\midpoint.npz,D:\PhD-Project\GP_RKHS_MINT\GP_RKHS_MINT\Tully_models\GP_MInt_QCLE_Reviewer_Ready_Pipeline_v4\output\fixed_pipeline\reviewer_closure_20260726_174927\step9_repl_P0100\seed29\run_manifest.json
seed_value,MIDPOINT,100.0,29,P_var,-3.523996187074734e+45,D:\PhD-Project\GP_RKHS_MINT\GP_RKHS_MINT\Tully_models\GP_MInt_QCLE_Reviewer_Ready_Pipeline_v4\output\fixed_pipeline\reviewer_closure_20260726_174927\step9_repl_P0100\seed29\midpoint.npz,D:\PhD-Project\GP_RKHS_MINT\GP_RKHS_MINT\Tully_models\GP_MInt_QCLE_Reviewer_Ready_Pipeline_v4\output\fixed_pipeline\reviewer_closure_20260726_174927\step9_repl_P0100\seed29\run_manifest.json
seed_value,PBME,100.0,47,P0,0.1421791847871047,D:\PhD-Project\GP_RKHS_MINT\GP_RKHS_MINT\Tully_models\GP_MInt_QCLE_Reviewer_Ready_Pipeline_v4\output\fixed_pipeline\reviewer_closure_20260726_174927\step9_repl_P0100\seed47\pbme.npz,D:\PhD-Project\GP_RKHS_MINT\GP_RKHS_MINT\Tully_models\GP_MInt_QCLE_Reviewer_Ready_Pipeline_v4\output\fixed_pipeline\reviewer_closure_20260726_174927\step9_repl_P0100\seed47\run_manifest.json
seed_value,PBME,100.0,47,P1,0.8578208152131234,D:\PhD-Project\GP_RKHS_MINT\GP_RKHS_MINT\Tully_models\GP_MInt_QCLE_Reviewer_Ready_Pipeline_v4\output\fixed_pipeline\reviewer_closure_20260726_174927\step9_repl_P0100\seed47\pbme.npz,D:\PhD-Project\GP_RKHS_MINT\GP_RKHS_MINT\Tully_models\GP_MInt_QCLE_Reviewer_Ready_Pipeline_v4\output\fixed_pipeline\reviewer_closure_20260726_174927\step9_repl_P0100\seed47\run_manifest.json
seed_value,PBME,100.0,47,trace,1.000000000000228,D:\PhD-Project\GP_RKHS_MINT\GP_RKHS_MINT\Tully_models\GP_MInt_QCLE_Reviewer_Ready_Pipeline_v4\output\fixed_pipeline\reviewer_closure_20260726_174927\step9_repl_P0100\seed47\pbme.npz,D:\PhD-Project\GP_RKHS_MINT\GP_RKHS_MINT\Tully_models\GP_MInt_QCLE_Reviewer_Ready_Pipeline_v4\output\fixed_pipeline\reviewer_closure_20260726_174927\step9_repl_P0100\seed47\run_manifest.json
seed_value,PBME,100.0,47,energy,2.5006535309854656,D:\PhD-Project\GP_RKHS_MINT\GP_RKHS_MINT\Tully_models\GP_MInt_QCLE_Reviewer_Ready_Pipeline_v4\output\fixed_pipeline\reviewer_closure_20260726_174927\step9_repl_P0100\seed47\pbme.npz,D:\PhD-Project\GP_RKHS_MINT\GP_RKHS_MINT\Tully_models\GP_MInt_QCLE_Reviewer_Ready_Pipeline_v4\output\fixed_pipeline\reviewer_closure_20260726_174927\step9_repl_P0100\seed47\run_manifest.json
seed_value,PBME,100.0,47,R_mean,14.866698122792958,D:\PhD-Project\GP_RKHS_MINT\GP_RKHS_MINT\Tully_models\GP_MInt_QCLE_Reviewer_Ready_Pipeline_v4\output\fixed_pipeline\reviewer_closure_20260726_174927\step9_repl_P0100\seed47\pbme.npz,D:\PhD-Project\GP_RKHS_MINT\GP_RKHS_MINT\Tully_models\GP_MInt_QCLE_Reviewer_Ready_Pipeline_v4\output\fixed_pipeline\reviewer_closure_20260726_174927\step9_repl_P0100\seed47\run_manifest.json
seed_value,PBME,100.0,47,P_mean,99.14946363305681,D:\PhD-Project\GP_RKHS_MINT\GP_RKHS_MINT\Tully_models\GP_MInt_QCLE_Reviewer_Ready_Pipeline_v4\output\fixed_pipeline\reviewer_closure_20260726_174927\step9_repl_P0100\seed47\pbme.npz,D:\PhD-Project\GP_RKHS_MINT\GP_RKHS_MINT\Tully_models\GP_MInt_QCLE_Reviewer_Ready_Pipeline_v4\output\fixed_pipeline\reviewer_closure_20260726_174927\step9_repl_P0100\seed47\run_manifest.json
seed_value,PBME,100.0,47,R_var,0.9232941515448942,D:\PhD-Project\GP_RKHS_MINT\GP_RKHS_MINT\Tully_models\GP_MInt_QCLE_Reviewer_Ready_Pipeline_v4\output\fixed_pipeline\reviewer_closure_20260726_174927\step9_repl_P0100\seed47\pbme.npz,D:\PhD-Project\GP_RKHS_MINT\GP_RKHS_MINT\Tully_models\GP_MInt_QCLE_Reviewer_Ready_Pipeline_v4\output\fixed_pipeline\reviewer_closure_20260726_174927\step9_repl_P0100\seed47\run_manifest.json
seed_value,PBME,100.0,47,P_var,0.4339031580766459,D:\PhD-Project\GP_RKHS_MINT\GP_RKHS_MINT\Tully_models\GP_MInt_QCLE_Reviewer_Ready_Pipeline_v4\output\fixed_pipeline\reviewer_closure_20260726_174927\step9_repl_P0100\seed47\pbme.npz,D:\PhD-Project\GP_RKHS_MINT\GP_RKHS_MINT\Tully_models\GP_MInt_QCLE_Reviewer_Ready_Pipeline_v4\output\fixed_pipeline\reviewer_closure_20260726_174927\step9_repl_P0100\seed47\run_manifest.json
seed_value,MIDPOINT,100.0,47,P0,-1.4799278282353694,D:\PhD-Project\GP_RKHS_MINT\GP_RKHS_MINT\Tully_models\GP_MInt_QCLE_Reviewer_Ready_Pipeline_v4\output\fixed_pipeline\reviewer_closure_20260726_174927\step9_repl_P0100\seed47\midpoint.npz,D:\PhD-Project\GP_RKHS_MINT\GP_RKHS_MINT\Tully_models\GP_MInt_QCLE_Reviewer_Ready_Pipeline_v4\output\fixed_pipeline\reviewer_closure_20260726_174927\step9_repl_P0100\seed47\run_manifest.json
seed_value,MIDPOINT,100.0,47,P1,2.4799278282356756,D:\PhD-Project\GP_RKHS_MINT\GP_RKHS_MINT\Tully_models\GP_MInt_QCLE_Reviewer_Ready_Pipeline_v4\output\fixed_pipeline\reviewer_closure_20260726_174927\step9_repl_P0100\seed47\midpoint.npz,D:\PhD-Project\GP_RKHS_MINT\GP_RKHS_MINT\Tully_models\GP_MInt_QCLE_Reviewer_Ready_Pipeline_v4\output\fixed_pipeline\reviewer_closure_20260726_174927\step9_repl_P0100\seed47\run_manifest.json
seed_value,MIDPOINT,100.0,47,trace,1.0000000000003062,D:\PhD-Project\GP_RKHS_MINT\GP_RKHS_MINT\Tully_models\GP_MInt_QCLE_Reviewer_Ready_Pipeline_v4\output\fixed_pipeline\reviewer_closure_20260726_174927\step9_repl_P0100\seed47\midpoint.npz,D:\PhD-Project\GP_RKHS_MINT\GP_RKHS_MINT\Tully_models\GP_MInt_QCLE_Reviewer_Ready_Pipeline_v4\output\fixed_pipeline\reviewer_closure_20260726_174927\step9_repl_P0100\seed47\run_manifest.json
seed_value,MIDPOINT,100.0,47,energy,2.6207634245641502,D:\PhD-Project\GP_RKHS_MINT\GP_RKHS_MINT\Tully_models\GP_MInt_QCLE_Reviewer_Ready_Pipeline_v4\output\fixed_pipeline\reviewer_closure_20260726_174927\step9_repl_P0100\seed47\midpoint.npz,D:\PhD-Project\GP_RKHS_MINT\GP_RKHS_MINT\Tully_models\GP_MInt_QCLE_Reviewer_Ready_Pipeline_v4\output\fixed_pipeline\reviewer_closure_20260726_174927\step9_repl_P0100\seed47\run_manifest.json
seed_value,MIDPOINT,100.0,47,R_mean,12.737473100073482,D:\PhD-Project\GP_RKHS_MINT\GP_RKHS_MINT\Tully_models\GP_MInt_QCLE_Reviewer_Ready_Pipeline_v4\output\fixed_pipeline\reviewer_closure_20260726_174927\step9_repl_P0100\seed47\midpoint.npz,D:\PhD-Project\GP_RKHS_MINT\GP_RKHS_MINT\Tully_models\GP_MInt_QCLE_Reviewer_Ready_Pipeline_v4\output\fixed_pipeline\reviewer_closure_20260726_174927\step9_repl_P0100\seed47\run_manifest.json
seed_value,MIDPOINT,100.0,47,P_mean,99.94141491126976,D:\PhD-Project\GP_RKHS_MINT\GP_RKHS_MINT\Tully_models\GP_MInt_QCLE_Reviewer_Ready_Pipeline_v4\output\fixed_pipeline\reviewer_closure_20260726_174927\step9_repl_P0100\seed47\midpoint.npz,D:\PhD-Project\GP_RKHS_MINT\GP_RKHS_MINT\Tully_models\GP_MInt_QCLE_Reviewer_Ready_Pipeline_v4\output\fixed_pipeline\reviewer_closure_20260726_174927\step9_repl_P0100\seed47\run_manifest.json
seed_value,MIDPOINT,100.0,47,R_var,-4.4872007251156123e+42,D:\PhD-Project\GP_RKHS_MINT\GP_RKHS_MINT\Tully_models\GP_MInt_QCLE_Reviewer_Ready_Pipeline_v4\output\fixed_pipeline\reviewer_closure_20260726_174927\step9_repl_P0100\seed47\midpoint.npz,D:\PhD-Project\GP_RKHS_MINT\GP_RKHS_MINT\Tully_models\GP_MInt_QCLE_Reviewer_Ready_Pipeline_v4\output\fixed_pipeline\reviewer_closure_20260726_174927\step9_repl_P0100\seed47\run_manifest.json
seed_value,MIDPOINT,100.0,47,P_var,-2.762484976092569e+44,D:\PhD-Project\GP_RKHS_MINT\GP_RKHS_MINT\Tully_models\GP_MInt_QCLE_Reviewer_Ready_Pipeline_v4\output\fixed_pipeline\reviewer_closure_20260726_174927\step9_repl_P0100\seed47\midpoint.npz,D:\PhD-Project\GP_RKHS_MINT\GP_RKHS_MINT\Tully_models\GP_MInt_QCLE_Reviewer_Ready_Pipeline_v4\output\fixed_pipeline\reviewer_closure_20260726_174927\step9_repl_P0100\seed47\run_manifest.json
seed_value,PBME,100.0,73,P0,0.14493053736672434,D:\PhD-Project\GP_RKHS_MINT\GP_RKHS_MINT\Tully_models\GP_MInt_QCLE_Reviewer_Ready_Pipeline_v4\output\fixed_pipeline\reviewer_closure_20260726_174927\step9_repl_P0100\seed73\pbme.npz,D:\PhD-Project\GP_RKHS_MINT\GP_RKHS_MINT\Tully_models\GP_MInt_QCLE_Reviewer_Ready_Pipeline_v4\output\fixed_pipeline\reviewer_closure_20260726_174927\step9_repl_P0100\seed73\run_manifest.json
seed_value,PBME,100.0,73,P1,0.8550694626335014,D:\PhD-Project\GP_RKHS_MINT\GP_RKHS_MINT\Tully_models\GP_MInt_QCLE_Reviewer_Ready_Pipeline_v4\output\fixed_pipeline\reviewer_closure_20260726_174927\step9_repl_P0100\seed73\pbme.npz,D:\PhD-Project\GP_RKHS_MINT\GP_RKHS_MINT\Tully_models\GP_MInt_QCLE_Reviewer_Ready_Pipeline_v4\output\fixed_pipeline\reviewer_closure_20260726_174927\step9_repl_P0100\seed73\run_manifest.json
seed_value,PBME,100.0,73,trace,1.0000000000002256,D:\PhD-Project\GP_RKHS_MINT\GP_RKHS_MINT\Tully_models\GP_MInt_QCLE_Reviewer_Ready_Pipeline_v4\output\fixed_pipeline\reviewer_closure_20260726_174927\step9_repl_P0100\seed73\pbme.npz,D:\PhD-Project\GP_RKHS_MINT\GP_RKHS_MINT\Tully_models\GP_MInt_QCLE_Reviewer_Ready_Pipeline_v4\output\fixed_pipeline\reviewer_closure_20260726_174927\step9_repl_P0100\seed73\run_manifest.json
seed_value,PBME,100.0,73,energy,2.49982714123505,D:\PhD-Project\GP_RKHS_MINT\GP_RKHS_MINT\Tully_models\GP_MInt_QCLE_Reviewer_Ready_Pipeline_v4\output\fixed_pipeline\reviewer_closure_20260726_174927\step9_repl_P0100\seed73\pbme.npz,D:\PhD-Project\GP_RKHS_MINT\GP_RKHS_MINT\Tully_models\GP_MInt_QCLE_Reviewer_Ready_Pipeline_v4\output\fixed_pipeline\reviewer_closure_20260726_174927\step9_repl_P0100\seed73\run_manifest.json
seed_value,PBME,100.0,73,R_mean,14.921021438914718,D:\PhD-Project\GP_RKHS_MINT\GP_RKHS_MINT\Tully_models\GP_MInt_QCLE_Reviewer_Ready_Pipeline_v4\output\fixed_pipeline\reviewer_closure_20260726_174927\step9_repl_P0100\seed73\pbme.npz,D:\PhD-Project\GP_RKHS_MINT\GP_RKHS_MINT\Tully_models\GP_MInt_QCLE_Reviewer_Ready_Pipeline_v4\output\fixed_pipeline\reviewer_closure_20260726_174927\step9_repl_P0100\seed73\run_manifest.json
seed_value,PBME,100.0,73,P_mean,99.13556481553273,D:\PhD-Project\GP_RKHS_MINT\GP_RKHS_MINT\Tully_models\GP_MInt_QCLE_Reviewer_Ready_Pipeline_v4\output\fixed_pipeline\reviewer_closure_20260726_174927\step9_repl_P0100\seed73\pbme.npz,D:\PhD-Project\GP_RKHS_MINT\GP_RKHS_MINT\Tully_models\GP_MInt_QCLE_Reviewer_Ready_Pipeline_v4\output\fixed_pipeline\reviewer_closure_20260726_174927\step9_repl_P0100\seed73\run_manifest.json
seed_value,PBME,100.0,73,R_var,0.9849756983475686,D:\PhD-Project\GP_RKHS_MINT\GP_RKHS_MINT\Tully_models\GP_MInt_QCLE_Reviewer_Ready_Pipeline_v4\output\fixed_pipeline\reviewer_closure_20260726_174927\step9_repl_P0100\seed73\pbme.npz,D:\PhD-Project\GP_RKHS_MINT\GP_RKHS_MINT\Tully_models\GP_MInt_QCLE_Reviewer_Ready_Pipeline_v4\output\fixed_pipeline\reviewer_closure_20260726_174927\step9_repl_P0100\seed73\run_manifest.json
seed_value,PBME,100.0,73,P_var,0.4344508564317948,D:\PhD-Project\GP_RKHS_MINT\GP_RKHS_MINT\Tully_models\GP_MInt_QCLE_Reviewer_Ready_Pipeline_v4\output\fixed_pipeline\reviewer_closure_20260726_174927\step9_repl_P0100\seed73\pbme.npz,D:\PhD-Project\GP_RKHS_MINT\GP_RKHS_MINT\Tully_models\GP_MInt_QCLE_Reviewer_Ready_Pipeline_v4\output\fixed_pipeline\reviewer_closure_20260726_174927\step9_repl_P0100\seed73\run_manifest.json
seed_value,MIDPOINT,100.0,73,P0,0.5888189926207114,D:\PhD-Project\GP_RKHS_MINT\GP_RKHS_MINT\Tully_models\GP_MInt_QCLE_Reviewer_Ready_Pipeline_v4\output\fixed_pipeline\reviewer_closure_20260726_174927\step9_repl_P0100\seed73\midpoint.npz,D:\PhD-Project\GP_RKHS_MINT\GP_RKHS_MINT\Tully_models\GP_MInt_QCLE_Reviewer_Ready_Pipeline_v4\output\fixed_pipeline\reviewer_closure_20260726_174927\step9_repl_P0100\seed73\run_manifest.json
seed_value,MIDPOINT,100.0,73,P1,0.4111810073796269,D:\PhD-Project\GP_RKHS_MINT\GP_RKHS_MINT\Tully_models\GP_MInt_QCLE_Reviewer_Ready_Pipeline_v4\output\fixed_pipeline\reviewer_closure_20260726_174927\step9_repl_P0100\seed73\midpoint.npz,D:\PhD-Project\GP_RKHS_MINT\GP_RKHS_MINT\Tully_models\GP_MInt_QCLE_Reviewer_Ready_Pipeline_v4\output\fixed_pipeline\reviewer_closure_20260726_174927\step9_repl_P0100\seed73\run_manifest.json
seed_value,MIDPOINT,100.0,73,trace,1.0000000000003382,D:\PhD-Project\GP_RKHS_MINT\GP_RKHS_MINT\Tully_models\GP_MInt_QCLE_Reviewer_Ready_Pipeline_v4\output\fixed_pipeline\reviewer_closure_20260726_174927\step9_repl_P0100\seed73\midpoint.npz,D:\PhD-Project\GP_RKHS_MINT\GP_RKHS_MINT\Tully_models\GP_MInt_QCLE_Reviewer_Ready_Pipeline_v4\output\fixed_pipeline\reviewer_closure_20260726_174927\step9_repl_P0100\seed73\run_manifest.json
seed_value,MIDPOINT,100.0,73,energy,2.5168630264013108,D:\PhD-Project\GP_RKHS_MINT\GP_RKHS_MINT\Tully_models\GP_MInt_QCLE_Reviewer_Ready_Pipeline_v4\output\fixed_pipeline\reviewer_closure_20260726_174927\step9_repl_P0100\seed73\midpoint.npz,D:\PhD-Project\GP_RKHS_MINT\GP_RKHS_MINT\Tully_models\GP_MInt_QCLE_Reviewer_Ready_Pipeline_v4\output\fixed_pipeline\reviewer_closure_20260726_174927\step9_repl_P0100\seed73\run_manifest.json
seed_value,MIDPOINT,100.0,73,R_mean,12.509602658050092,D:\PhD-Project\GP_RKHS_MINT\GP_RKHS_MINT\Tully_models\GP_MInt_QCLE_Reviewer_Ready_Pipeline_v4\output\fixed_pipeline\reviewer_closure_20260726_174927\step9_repl_P0100\seed73\midpoint.npz,D:\PhD-Project\GP_RKHS_MINT\GP_RKHS_MINT\Tully_models\GP_MInt_QCLE_Reviewer_Ready_Pipeline_v4\output\fixed_pipeline\reviewer_closure_20260726_174927\step9_repl_P0100\seed73\run_manifest.json
seed_value,MIDPOINT,100.0,73,P_mean,99.92515864412309,D:\PhD-Project\GP_RKHS_MINT\GP_RKHS_MINT\Tully_models\GP_MInt_QCLE_Reviewer_Ready_Pipeline_v4\output\fixed_pipeline\reviewer_closure_20260726_174927\step9_repl_P0100\seed73\midpoint.npz,D:\PhD-Project\GP_RKHS_MINT\GP_RKHS_MINT\Tully_models\GP_MInt_QCLE_Reviewer_Ready_Pipeline_v4\output\fixed_pipeline\reviewer_closure_20260726_174927\step9_repl_P0100\seed73\run_manifest.json
seed_value,MIDPOINT,100.0,73,R_var,-1.349354922151378e+30,D:\PhD-Project\GP_RKHS_MINT\GP_RKHS_MINT\Tully_models\GP_MInt_QCLE_Reviewer_Ready_Pipeline_v4\output\fixed_pipeline\reviewer_closure_20260726_174927\step9_repl_P0100\seed73\midpoint.npz,D:\PhD-Project\GP_RKHS_MINT\GP_RKHS_MINT\Tully_models\GP_MInt_QCLE_Reviewer_Ready_Pipeline_v4\output\fixed_pipeline\reviewer_closure_20260726_174927\step9_repl_P0100\seed73\run_manifest.json
seed_value,MIDPOINT,100.0,73,P_var,-8.609716664833879e+31,D:\PhD-Project\GP_RKHS_MINT\GP_RKHS_MINT\Tully_models\GP_MInt_QCLE_Reviewer_Ready_Pipeline_v4\output\fixed_pipeline\reviewer_closure_20260726_174927\step9_repl_P0100\seed73\midpoint.npz,D:\PhD-Project\GP_RKHS_MINT\GP_RKHS_MINT\Tully_models\GP_MInt_QCLE_Reviewer_Ready_Pipeline_v4\output\fixed_pipeline\reviewer_closure_20260726_174927\step9_repl_P0100\seed73\run_manifest.json
